The United States of America, Life tables (period 1x1), Males	Last modified: 09 juin 2026;  Methods Protocol: v6 (2017)

  Year          Age         mx       qx    ax      lx      dx      Lx       Tx     ex
  1933           0      0.06818  0.06486  0.25  100000    6486   95139  5918927  59.19
  1933           1      0.01004  0.00999  0.50   93514     934   93047  5823788  62.28
  1933           2      0.00467  0.00466  0.50   92580     431   92364  5730741  61.90
  1933           3      0.00333  0.00333  0.50   92148     307   91995  5638377  61.19
  1933           4      0.00254  0.00253  0.50   91842     233   91725  5546382  60.39
  1933           5      0.00209  0.00209  0.50   91609     191   91513  5454656  59.54
  1933           6      0.00190  0.00190  0.50   91418     173   91331  5363143  58.67
  1933           7      0.00174  0.00174  0.50   91244     159   91165  5271812  57.78
  1933           8      0.00161  0.00161  0.50   91085     147   91012  5180647  56.88
  1933           9      0.00151  0.00151  0.50   90938     137   90870  5089635  55.97
  1933          10      0.00144  0.00143  0.50   90801     130   90736  4998765  55.05
  1933          11      0.00141  0.00141  0.50   90671     128   90607  4908029  54.13
  1933          12      0.00146  0.00146  0.50   90543     132   90477  4817422  53.21
  1933          13      0.00158  0.00158  0.50   90411     143   90340  4726945  52.28
  1933          14      0.00177  0.00177  0.50   90268     160   90188  4636605  51.36
  1933          15      0.00201  0.00201  0.50   90108     181   90018  4546416  50.45
  1933          16      0.00225  0.00225  0.50   89927     202   89826  4456399  49.56
  1933          17      0.00248  0.00248  0.50   89725     223   89613  4366573  48.67
  1933          18      0.00271  0.00270  0.50   89502     242   89381  4276959  47.79
  1933          19      0.00293  0.00293  0.50   89260     261   89129  4187578  46.91
  1933          20      0.00315  0.00315  0.50   88999     280   88859  4098449  46.05
  1933          21      0.00334  0.00334  0.50   88719     296   88571  4009590  45.19
  1933          22      0.00350  0.00349  0.50   88423     309   88268  3921019  44.34
  1933          23      0.00362  0.00361  0.50   88114     318   87955  3832751  43.50
  1933          24      0.00369  0.00369  0.50   87795     324   87633  3744796  42.65
  1933          25      0.00373  0.00373  0.50   87472     326   87309  3657163  41.81
  1933          26      0.00379  0.00378  0.50   87146     329   86981  3569854  40.96
  1933          27      0.00386  0.00385  0.50   86816     334   86649  3482873  40.12
  1933          28      0.00395  0.00394  0.50   86482     341   86311  3396224  39.27
  1933          29      0.00407  0.00406  0.50   86141     350   85966  3309913  38.42
  1933          30      0.00421  0.00420  0.50   85791     360   85611  3223947  37.58
  1933          31      0.00438  0.00438  0.50   85431     374   85244  3138335  36.74
  1933          32      0.00461  0.00460  0.50   85058     391   84862  3053091  35.89
  1933          33      0.00488  0.00487  0.50   84666     412   84460  2968229  35.06
  1933          34      0.00520  0.00519  0.50   84254     437   84036  2883769  34.23
  1933          35      0.00554  0.00552  0.50   83817     463   83586  2799733  33.40
  1933          36      0.00584  0.00582  0.50   83354     485   83111  2716147  32.59
  1933          37      0.00609  0.00607  0.50   82869     503   82617  2633036  31.77
  1933          38      0.00633  0.00631  0.50   82366     520   82106  2550419  30.96
  1933          39      0.00657  0.00655  0.50   81846     536   81578  2468313  30.16
  1933          40      0.00685  0.00683  0.50   81310     555   81032  2386735  29.35
  1933          41      0.00724  0.00722  0.50   80755     583   80463  2305703  28.55
  1933          42      0.00774  0.00771  0.50   80172     618   79863  2225239  27.76
  1933          43      0.00831  0.00828  0.50   79554     658   79225  2145376  26.97
  1933          44      0.00894  0.00890  0.50   78896     702   78544  2066152  26.19
  1933          45      0.00962  0.00958  0.50   78193     749   77819  1987607  25.42
  1933          46      0.01033  0.01028  0.50   77444     796   77046  1909788  24.66
  1933          47      0.01106  0.01100  0.50   76648     843   76227  1832742  23.91
  1933          48      0.01184  0.01177  0.50   75806     892   75359  1756515  23.17
  1933          49      0.01269  0.01261  0.50   74913     945   74441  1681156  22.44
  1933          50      0.01359  0.01350  0.50   73969     998   73469  1606715  21.72
  1933          51      0.01448  0.01438  0.50   72970    1049   72446  1533245  21.01
  1933          52      0.01536  0.01524  0.50   71921    1096   71373  1460800  20.31
  1933          53      0.01621  0.01608  0.50   70825    1139   70256  1389426  19.62
  1933          54      0.01706  0.01692  0.50   69686    1179   69096  1319171  18.93
  1933          55      0.01797  0.01781  0.50   68507    1220   67897  1250075  18.25
  1933          56      0.01914  0.01896  0.50   67286    1276   66648  1182178  17.57
  1933          57      0.02064  0.02043  0.50   66011    1349   65336  1115529  16.90
  1933          58      0.02249  0.02224  0.50   64662    1438   63943  1050193  16.24
  1933          59      0.02472  0.02441  0.50   63224    1544   62452   986250  15.60
  1933          60      0.02723  0.02686  0.50   61680    1657   60852   923799  14.98
  1933          61      0.02964  0.02921  0.50   60023    1753   59147   862947  14.38
  1933          62      0.03186  0.03136  0.50   58270    1827   57356   803800  13.79
  1933          63      0.03390  0.03333  0.50   56443    1881   55502   746444  13.22
  1933          64      0.03579  0.03516  0.50   54561    1918   53602   690942  12.66
  1933          65      0.03769  0.03699  0.50   52643    1947   51669   637339  12.11
  1933          66      0.04020  0.03941  0.50   50696    1998   49697   585670  11.55
  1933          67      0.04355  0.04262  0.50   48698    2076   47660   535973  11.01
  1933          68      0.04783  0.04671  0.50   46622    2178   45533   488313  10.47
  1933          69      0.05317  0.05180  0.50   44444    2302   43293   442780   9.96
  1933          70      0.05941  0.05769  0.50   42142    2431   40927   399486   9.48
  1933          71      0.06548  0.06341  0.50   39711    2518   38452   358559   9.03
  1933          72      0.07101  0.06858  0.50   37193    2551   35918   320107   8.61
  1933          73      0.07603  0.07324  0.50   34642    2537   33374   284189   8.20
  1933          74      0.08023  0.07713  0.50   32105    2476   30867   250816   7.81
  1933          75      0.08340  0.08006  0.50   29629    2372   28443   219949   7.42
  1933          76      0.08972  0.08587  0.50   27257    2340   26086   191506   7.03
  1933          77      0.09729  0.09277  0.50   24916    2312   23760   165419   6.64
  1933          78      0.10620  0.10085  0.50   22605    2280   21465   141659   6.27
  1933          79      0.11639  0.10999  0.50   20325    2236   19207   120194   5.91
  1933          80      0.12746  0.11983  0.50   18089    2168   17006   100987   5.58
  1933          81      0.13947  0.13037  0.50   15922    2076   14884    83981   5.27
  1933          82      0.15187  0.14115  0.50   13846    1954   12869    69097   4.99
  1933          83      0.16464  0.15212  0.50   11892    1809   10987    56228   4.73
  1933          84      0.17768  0.16318  0.50   10083    1645    9260    45241   4.49
  1933          85      0.19078  0.17416  0.50    8437    1470    7703    35981   4.26
  1933          86      0.20481  0.18579  0.50    6968    1295    6321    28278   4.06
  1933          87      0.22005  0.19824  0.50    5673    1125    5111    21957   3.87
  1933          88      0.23591  0.21102  0.50    4549     960    4069    16846   3.70
  1933          89      0.25102  0.22302  0.50    3589     800    3189    12777   3.56
  1933          90      0.26354  0.23285  0.50    2788     649    2464     9589   3.44
  1933          91      0.27215  0.23955  0.50    2139     512    1883     7125   3.33
  1933          92      0.27624  0.24272  0.50    1627     395    1429     5242   3.22
  1933          93      0.27574  0.24233  0.50    1232     299    1083     3813   3.10
  1933          94      0.27551  0.24216  0.50     933     226     820     2730   2.92
  1933          95      0.33441  0.28650  0.50     707     203     606     1910   2.70
  1933          96      0.35224  0.29950  0.50     505     151     429     1304   2.58
  1933          97      0.37050  0.31259  0.50     354     111     298      875   2.47
  1933          98      0.38914  0.32576  0.50     243      79     203      576   2.37
  1933          99      0.40811  0.33894  0.50     164      56     136      373   2.28
  1933         100      0.42735  0.35211  0.50     108      38      89      237   2.19
  1933         101      0.44682  0.36522  0.50      70      26      57      148   2.10
  1933         102      0.46645  0.37823  0.50      45      17      36       90   2.02
  1933         103      0.48618  0.39111  0.50      28      11      22       54   1.95
  1933         104      0.50596  0.40381  0.50      17       7      13       32   1.88
  1933         105      0.52572  0.41629  0.50      10       4       8       18   1.82
  1933         106      0.54540  0.42854  0.50       6       3       5       10   1.76
  1933         107      0.56494  0.44051  0.50       3       1       3        6   1.71
  1933         108      0.58428  0.45218  0.50       2       1       1        3   1.67
  1933         109      0.60336  0.46352  0.50       1       0       1        2   1.63
  1933         110+     0.62213  1.00000  1.61       1       1       1        1   1.61
  1934           0      0.07648  0.07247  0.28  100000    7247   94765  5829446  58.29
  1934           1      0.01121  0.01115  0.50   92753    1034   92236  5734681  61.83
  1934           2      0.00516  0.00514  0.50   91719     472   91483  5642445  61.52
  1934           3      0.00347  0.00347  0.50   91247     317   91089  5550962  60.83
  1934           4      0.00266  0.00266  0.50   90931     242   90810  5459873  60.04
  1934           5      0.00219  0.00219  0.50   90689     199   90589  5369064  59.20
  1934           6      0.00197  0.00197  0.50   90490     178   90401  5278474  58.33
  1934           7      0.00179  0.00179  0.50   90312     162   90231  5188073  57.45
  1934           8      0.00165  0.00165  0.50   90150     149   90076  5097842  56.55
  1934           9      0.00154  0.00154  0.50   90001     139   89932  5007767  55.64
  1934          10      0.00146  0.00146  0.50   89862     131   89797  4917835  54.73
  1934          11      0.00144  0.00144  0.50   89731     129   89666  4828039  53.81
  1934          12      0.00147  0.00147  0.50   89602     132   89536  4738372  52.88
  1934          13      0.00159  0.00158  0.50   89470     142   89399  4648836  51.96
  1934          14      0.00178  0.00178  0.50   89328     159   89249  4559437  51.04
  1934          15      0.00203  0.00203  0.50   89169     181   89079  4470189  50.13
  1934          16      0.00229  0.00228  0.50   88989     203   88887  4381109  49.23
  1934          17      0.00253  0.00253  0.50   88786     225   88673  4292222  48.34
  1934          18      0.00277  0.00277  0.50   88561     245   88438  4203549  47.47
  1934          19      0.00301  0.00301  0.50   88316     265   88183  4115111  46.60
  1934          20      0.00324  0.00323  0.50   88050     285   87908  4026928  45.73
  1934          21      0.00344  0.00343  0.50   87765     301   87615  3939020  44.88
  1934          22      0.00359  0.00359  0.50   87464     314   87308  3851405  44.03
  1934          23      0.00371  0.00370  0.50   87151     323   86989  3764097  43.19
  1934          24      0.00377  0.00377  0.50   86828     327   86665  3677108  42.35
  1934          25      0.00380  0.00380  0.50   86501     328   86337  3590443  41.51
  1934          26      0.00384  0.00384  0.50   86173     331   86007  3504106  40.66
  1934          27      0.00391  0.00390  0.50   85842     335   85675  3418099  39.82
  1934          28      0.00401  0.00400  0.50   85507     342   85336  3332424  38.97
  1934          29      0.00413  0.00412  0.50   85165     351   84990  3247088  38.13
  1934          30      0.00428  0.00427  0.50   84814     362   84633  3162098  37.28
  1934          31      0.00447  0.00446  0.50   84452     377   84264  3077465  36.44
  1934          32      0.00469  0.00468  0.50   84075     394   83878  2993202  35.60
  1934          33      0.00496  0.00494  0.50   83681     414   83475  2909323  34.77
  1934          34      0.00526  0.00525  0.50   83268     437   83049  2825849  33.94
  1934          35      0.00560  0.00559  0.50   82831     463   82599  2742800  33.11
  1934          36      0.00594  0.00592  0.50   82368     488   82124  2660200  32.30
  1934          37      0.00624  0.00622  0.50   81880     509   81625  2578077  31.49
  1934          38      0.00651  0.00649  0.50   81371     528   81107  2496451  30.68
  1934          39      0.00678  0.00675  0.50   80842     546   80569  2415345  29.88
  1934          40      0.00706  0.00704  0.50   80296     565   80014  2334775  29.08
  1934          41      0.00741  0.00738  0.50   79731     589   79437  2254762  28.28
  1934          42      0.00787  0.00784  0.50   79143     620   78832  2175325  27.49
  1934          43      0.00843  0.00840  0.50   78522     660   78193  2096492  26.70
  1934          44      0.00908  0.00904  0.50   77863     704   77511  2018300  25.92
  1934          45      0.00979  0.00975  0.50   77159     752   76783  1940789  25.15
  1934          46      0.01056  0.01050  0.50   76407     803   76005  1864006  24.40
  1934          47      0.01138  0.01131  0.50   75604     855   75177  1788001  23.65
  1934          48      0.01225  0.01218  0.50   74749     910   74294  1712824  22.91
  1934          49      0.01322  0.01313  0.50   73839     970   73354  1638530  22.19
  1934          50      0.01427  0.01417  0.50   72869    1032   72353  1565177  21.48
  1934          51      0.01529  0.01518  0.50   71837    1090   71291  1492824  20.78
  1934          52      0.01626  0.01612  0.50   70746    1141   70176  1421533  20.09
  1934          53      0.01714  0.01699  0.50   69605    1183   69014  1351357  19.41
  1934          54      0.01794  0.01778  0.50   68423    1216   67815  1282343  18.74
  1934          55      0.01872  0.01855  0.50   67206    1246   66583  1214528  18.07
  1934          56      0.01973  0.01954  0.50   65960    1289   65316  1147945  17.40
  1934          57      0.02108  0.02086  0.50   64671    1349   63997  1082629  16.74
  1934          58      0.02281  0.02255  0.50   63322    1428   62608  1018633  16.09
  1934          59      0.02494  0.02464  0.50   61894    1525   61132   956024  15.45
  1934          60      0.02745  0.02707  0.50   60369    1634   59552   894892  14.82
  1934          61      0.02997  0.02952  0.50   58735    1734   57868   835340  14.22
  1934          62      0.03236  0.03184  0.50   57001    1815   56093   777472  13.64
  1934          63      0.03462  0.03403  0.50   55186    1878   54247   721379  13.07
  1934          64      0.03678  0.03611  0.50   53308    1925   52345   667132  12.51
  1934          65      0.03892  0.03818  0.50   51383    1962   50402   614787  11.96
  1934          66      0.04148  0.04064  0.50   49421    2008   48417   564385  11.42
  1934          67      0.04472  0.04374  0.50   47412    2074   46376   515968  10.88
  1934          68      0.04875  0.04759  0.50   45339    2158   44260   469593  10.36
  1934          69      0.05366  0.05226  0.50   43181    2257   42053   425333   9.85
  1934          70      0.05946  0.05775  0.50   40924    2363   39743   383280   9.37
  1934          71      0.06556  0.06348  0.50   38561    2448   37337   343537   8.91
  1934          72      0.07154  0.06907  0.50   36113    2494   34866   306200   8.48
  1934          73      0.07727  0.07440  0.50   33619    2501   32368   271334   8.07
  1934          74      0.08288  0.07959  0.50   31118    2477   29879   238966   7.68
  1934          75      0.08598  0.08244  0.50   28641    2361   27461   209087   7.30
  1934          76      0.09324  0.08908  0.50   26280    2341   25109   181626   6.91
  1934          77      0.10143  0.09654  0.50   23939    2311   22783   156517   6.54
  1934          78      0.11063  0.10483  0.50   21628    2267   20494   133733   6.18
  1934          79      0.12062  0.11376  0.50   19361    2202   18259   113239   5.85
  1934          80      0.13026  0.12229  0.50   17158    2098   16109    94980   5.54
  1934          81      0.14152  0.13217  0.50   15060    1990   14065    78871   5.24
  1934          82      0.15341  0.14248  0.50   13069    1862   12138    64806   4.96
  1934          83      0.16550  0.15285  0.50   11207    1713   10351    52668   4.70
  1934          84      0.17772  0.16322  0.50    9494    1550    8719    42317   4.46
  1934          85      0.19037  0.17382  0.50    7945    1381    7254    33598   4.23
  1934          86      0.20410  0.18520  0.50    6564    1216    5956    26344   4.01
  1934          87      0.21946  0.19776  0.50    5348    1058    4819    20388   3.81
  1934          88      0.23614  0.21120  0.50    4290     906    3837    15569   3.63
  1934          89      0.25330  0.22483  0.50    3384     761    3004    11731   3.47
  1934          90      0.26970  0.23765  0.50    2623     623    2312     8727   3.33
  1934          91      0.28312  0.24801  0.50    2000     496    1752     6416   3.21
  1934          92      0.29202  0.25481  0.50    1504     383    1312     4664   3.10
  1934          93      0.29504  0.25711  0.50    1121     288     977     3351   2.99
  1934          94      0.29384  0.25620  0.50     833     213     726     2375   2.85
  1934          95      0.33956  0.29028  0.50     619     180     529     1649   2.66
  1934          96      0.35774  0.30346  0.50     440     133     373     1119   2.55
  1934          97      0.37633  0.31673  0.50     306      97     258      747   2.44
  1934          98      0.39530  0.33006  0.50     209      69     175      489   2.34
  1934          99      0.41458  0.34340  0.50     140      48     116      314   2.24
  1934         100      0.43413  0.35671  0.50      92      33      76      198   2.15
  1934         101      0.45389  0.36994  0.50      59      22      48      123   2.07
  1934         102      0.47380  0.38305  0.50      37      14      30       74   2.00
  1934         103      0.49379  0.39601  0.50      23       9      18       44   1.92
  1934         104      0.51379  0.40878  0.50      14       6      11       26   1.86
  1934         105      0.53376  0.42132  0.50       8       3       6       15   1.80
  1934         106      0.55361  0.43359  0.50       5       2       4        8   1.74
  1934         107      0.57330  0.44558  0.50       3       1       2        5   1.69
  1934         108      0.59276  0.45724  0.50       1       1       1        2   1.64
  1934         109      0.61193  0.46856  0.50       1       0       1        1   1.61
  1934         110+     0.63076  1.00000  1.59       0       0       1        1   1.59
  1935           0      0.06917  0.06577  0.25  100000    6577   95092  5898348  58.98
  1935           1      0.00948  0.00943  0.50   93423     881   92982  5803256  62.12
  1935           2      0.00452  0.00451  0.50   92542     417   92333  5710274  61.70
  1935           3      0.00320  0.00319  0.50   92124     294   91977  5617941  60.98
  1935           4      0.00248  0.00248  0.50   91830     227   91716  5525963  60.18
  1935           5      0.00209  0.00208  0.50   91603     191   91507  5434247  59.32
  1935           6      0.00192  0.00192  0.50   91412     175   91324  5342740  58.45
  1935           7      0.00176  0.00176  0.50   91237     161   91156  5251415  57.56
  1935           8      0.00164  0.00164  0.50   91076     150   91001  5160259  56.66
  1935           9      0.00156  0.00155  0.50   90926     141   90856  5069258  55.75
  1935          10      0.00149  0.00149  0.50   90785     135   90717  4978403  54.84
  1935          11      0.00148  0.00148  0.50   90650     134   90582  4887685  53.92
  1935          12      0.00153  0.00152  0.50   90515     138   90446  4797103  53.00
  1935          13      0.00162  0.00162  0.50   90377     147   90304  4706657  52.08
  1935          14      0.00179  0.00179  0.50   90231     162   90150  4616353  51.16
  1935          15      0.00203  0.00203  0.50   90069     183   89977  4526203  50.25
  1935          16      0.00228  0.00228  0.50   89886     205   89784  4436225  49.35
  1935          17      0.00253  0.00252  0.50   89681     226   89568  4346442  48.47
  1935          18      0.00275  0.00275  0.50   89455     246   89332  4256874  47.59
  1935          19      0.00297  0.00296  0.50   89209     264   89077  4167542  46.72
  1935          20      0.00317  0.00316  0.50   88945     281   88804  4078465  45.85
  1935          21      0.00334  0.00334  0.50   88664     296   88516  3989661  45.00
  1935          22      0.00349  0.00349  0.50   88368     308   88214  3901145  44.15
  1935          23      0.00362  0.00362  0.50   88060     319   87900  3812932  43.30
  1935          24      0.00373  0.00372  0.50   87741     327   87578  3725032  42.45
  1935          25      0.00381  0.00381  0.50   87414     333   87248  3637454  41.61
  1935          26      0.00389  0.00388  0.50   87082     338   86912  3550206  40.77
  1935          27      0.00397  0.00396  0.50   86743     344   86572  3463294  39.93
  1935          28      0.00405  0.00404  0.50   86400     349   86225  3376722  39.08
  1935          29      0.00412  0.00411  0.50   86051     354   85874  3290497  38.24
  1935          30      0.00421  0.00420  0.50   85697     360   85517  3204623  37.39
  1935          31      0.00434  0.00433  0.50   85337     370   85152  3119105  36.55
  1935          32      0.00455  0.00454  0.50   84967     385   84775  3033953  35.71
  1935          33      0.00482  0.00481  0.50   84582     407   84379  2949178  34.87
  1935          34      0.00517  0.00515  0.50   84175     434   83958  2864800  34.03
  1935          35      0.00558  0.00556  0.50   83741     466   83508  2780841  33.21
  1935          36      0.00600  0.00598  0.50   83275     498   83027  2697333  32.39
  1935          37      0.00638  0.00636  0.50   82778     526   82514  2614306  31.58
  1935          38      0.00670  0.00668  0.50   82251     549   81977  2531792  30.78
  1935          39      0.00697  0.00695  0.50   81702     567   81418  2449815  29.98
  1935          40      0.00721  0.00719  0.50   81134     583   80843  2368397  29.19
  1935          41      0.00750  0.00747  0.50   80551     602   80250  2287554  28.40
  1935          42      0.00786  0.00783  0.50   79950     626   79636  2207304  27.61
  1935          43      0.00836  0.00832  0.50   79323     660   78993  2127667  26.82
  1935          44      0.00897  0.00893  0.50   78663     703   78312  2048674  26.04
  1935          45      0.00968  0.00964  0.50   77961     751   77585  1970362  25.27
  1935          46      0.01044  0.01038  0.50   77210     802   76809  1892777  24.51
  1935          47      0.01123  0.01117  0.50   76408     853   75981  1815968  23.77
  1935          48      0.01206  0.01199  0.50   75554     906   75102  1739987  23.03
  1935          49      0.01294  0.01286  0.50   74649     960   74169  1664886  22.30
  1935          50      0.01388  0.01378  0.50   73689    1016   73181  1590717  21.59
  1935          51      0.01487  0.01476  0.50   72673    1072   72137  1517535  20.88
  1935          52      0.01588  0.01575  0.50   71601    1128   71037  1445398  20.19
  1935          53      0.01689  0.01674  0.50   70473    1180   69883  1374361  19.50
  1935          54      0.01788  0.01772  0.50   69293    1228   68679  1304478  18.83
  1935          55      0.01890  0.01872  0.50   68065    1275   67428  1235799  18.16
  1935          56      0.02004  0.01984  0.50   66790    1325   66128  1168371  17.49
  1935          57      0.02134  0.02111  0.50   65466    1382   64774  1102243  16.84
  1935          58      0.02285  0.02260  0.50   64083    1448   63359  1037469  16.19
  1935          59      0.02460  0.02431  0.50   62635    1522   61874   974110  15.55
  1935          60      0.02659  0.02624  0.50   61113    1604   60311   912236  14.93
  1935          61      0.02877  0.02836  0.50   59509    1688   58665   851925  14.32
  1935          62      0.03112  0.03064  0.50   57821    1772   56935   793259  13.72
  1935          63      0.03364  0.03308  0.50   56050    1854   55122   736324  13.14
  1935          64      0.03638  0.03573  0.50   54195    1936   53227   681202  12.57
  1935          65      0.03936  0.03860  0.50   52259    2017   51250   627974  12.02
  1935          66      0.04247  0.04159  0.50   50242    2090   49197   576724  11.48
  1935          67      0.04579  0.04476  0.50   48152    2156   47075   527527  10.96
  1935          68      0.04942  0.04822  0.50   45997    2218   44888   480453  10.45
  1935          69      0.05339  0.05200  0.50   43779    2276   42640   435565   9.95
  1935          70      0.05775  0.05613  0.50   41502    2330   40337   392924   9.47
  1935          71      0.06278  0.06087  0.50   39173    2384   37980   352587   9.00
  1935          72      0.06845  0.06619  0.50   36788    2435   35571   314607   8.55
  1935          73      0.07458  0.07190  0.50   34353    2470   33118   279036   8.12
  1935          74      0.08123  0.07806  0.50   31883    2489   30639   245917   7.71
  1935          75      0.08541  0.08191  0.50   29395    2408   28191   215278   7.32
  1935          76      0.09350  0.08933  0.50   26987    2411   25782   187087   6.93
  1935          77      0.10221  0.09724  0.50   24576    2390   23381   161306   6.56
  1935          78      0.11138  0.10550  0.50   22186    2341   21016   137924   6.22
  1935          79      0.12070  0.11383  0.50   19846    2259   18716   116908   5.89
  1935          80      0.12825  0.12052  0.50   17587    2120   16527    98192   5.58
  1935          81      0.13841  0.12945  0.50   15467    2002   14466    81665   5.28
  1935          82      0.14975  0.13932  0.50   13465    1876   12527    67199   4.99
  1935          83      0.16206  0.14991  0.50   11589    1737   10720    54673   4.72
  1935          84      0.17507  0.16098  0.50    9852    1586    9059    43952   4.46
  1935          85      0.18922  0.17286  0.50    8266    1429    7551    34894   4.22
  1935          86      0.20469  0.18569  0.50    6837    1270    6202    27342   4.00
  1935          87      0.22160  0.19950  0.50    5567    1111    5012    21140   3.80
  1935          88      0.23957  0.21394  0.50    4457     953    3980    16128   3.62
  1935          89      0.25691  0.22766  0.50    3503     798    3104    12148   3.47
  1935          90      0.27141  0.23898  0.50    2706     647    2382     9044   3.34
  1935          91      0.28204  0.24719  0.50    2059     509    1805     6662   3.24
  1935          92      0.28764  0.25147  0.50    1550     390    1355     4857   3.13
  1935          93      0.28734  0.25124  0.50    1160     292    1015     3502   3.02
  1935          94      0.28477  0.24928  0.50     869     217     760     2488   2.86
  1935          95      0.34099  0.29132  0.50     652     190     557     1727   2.65
  1935          96      0.35964  0.30482  0.50     462     141     392     1170   2.53
  1935          97      0.37871  0.31842  0.50     321     102     270      778   2.42
  1935          98      0.39817  0.33206  0.50     219      73     183      508   2.32
  1935          99      0.41796  0.34571  0.50     146      51     121      325   2.22
  1935         100      0.43801  0.35932  0.50      96      34      79      204   2.14
  1935         101      0.45827  0.37284  0.50      61      23      50      126   2.05
  1935         102      0.47866  0.38623  0.50      38      15      31       76   1.98
  1935         103      0.49913  0.39944  0.50      24       9      19       45   1.90
  1935         104      0.51960  0.41245  0.50      14       6      11       26   1.84
  1935         105      0.54001  0.42520  0.50       8       4       7       15   1.78
  1935         106      0.56028  0.43767  0.50       5       2       4        8   1.72
  1935         107      0.58035  0.44983  0.50       3       1       2        4   1.67
  1935         108      0.60017  0.46164  0.50       1       1       1        2   1.62
  1935         109      0.61965  0.47308  0.50       1       0       1        1   1.59
  1935         110+     0.63876  1.00000  1.57       0       0       1        1   1.57
  1936           0      0.07010  0.06663  0.26  100000    6663   95049  5835189  58.35
  1936           1      0.00956  0.00951  0.50   93337     888   92893  5740141  61.50
  1936           2      0.00455  0.00454  0.50   92449     419   92240  5647247  61.08
  1936           3      0.00303  0.00302  0.50   92030     278   91891  5555008  60.36
  1936           4      0.00239  0.00239  0.50   91752     219   91642  5463117  59.54
  1936           5      0.00201  0.00201  0.50   91533     184   91441  5371475  58.68
  1936           6      0.00186  0.00186  0.50   91349     170   91264  5280033  57.80
  1936           7      0.00173  0.00173  0.50   91179     158   91100  5188769  56.91
  1936           8      0.00161  0.00161  0.50   91021     146   90948  5097669  56.01
  1936           9      0.00151  0.00151  0.50   90875     137   90806  5006722  55.09
  1936          10      0.00144  0.00144  0.50   90737     131   90672  4915915  54.18
  1936          11      0.00143  0.00143  0.50   90607     130   90542  4825243  53.25
  1936          12      0.00149  0.00149  0.50   90477     135   90409  4734702  52.33
  1936          13      0.00161  0.00161  0.50   90342     146   90269  4644293  51.41
  1936          14      0.00180  0.00180  0.50   90196     163   90115  4554024  50.49
  1936          15      0.00207  0.00207  0.50   90033     186   89940  4463909  49.58
  1936          16      0.00236  0.00235  0.50   89847     211   89741  4373969  48.68
  1936          17      0.00263  0.00263  0.50   89636     236   89518  4284228  47.80
  1936          18      0.00289  0.00289  0.50   89400     258   89271  4194710  46.92
  1936          19      0.00312  0.00311  0.50   89142     277   89003  4105439  46.06
  1936          20      0.00331  0.00330  0.50   88865     294   88718  4016436  45.20
  1936          21      0.00347  0.00346  0.50   88571     307   88418  3927718  44.35
  1936          22      0.00360  0.00360  0.50   88264     317   88105  3839301  43.50
  1936          23      0.00371  0.00371  0.50   87947     326   87784  3751195  42.65
  1936          24      0.00380  0.00379  0.50   87621     332   87454  3663412  41.81
  1936          25      0.00387  0.00387  0.50   87288     338   87119  3575957  40.97
  1936          26      0.00395  0.00394  0.50   86951     343   86779  3488838  40.12
  1936          27      0.00403  0.00403  0.50   86608     349   86434  3402058  39.28
  1936          28      0.00412  0.00411  0.50   86259     355   86082  3315625  38.44
  1936          29      0.00422  0.00421  0.50   85904     361   85724  3229543  37.59
  1936          30      0.00432  0.00431  0.50   85543     369   85358  3143819  36.75
  1936          31      0.00448  0.00447  0.50   85174     381   84984  3058461  35.91
  1936          32      0.00469  0.00468  0.50   84793     397   84595  2973477  35.07
  1936          33      0.00496  0.00495  0.50   84397     418   84188  2888882  34.23
  1936          34      0.00530  0.00529  0.50   83979     444   83757  2804694  33.40
  1936          35      0.00570  0.00568  0.50   83535     475   83297  2720937  32.57
  1936          36      0.00613  0.00611  0.50   83060     508   82806  2637640  31.76
  1936          37      0.00657  0.00655  0.50   82553     541   82282  2554834  30.95
  1936          38      0.00701  0.00698  0.50   82012     573   81725  2472552  30.15
  1936          39      0.00741  0.00738  0.50   81439     601   81138  2390826  29.36
  1936          40      0.00779  0.00776  0.50   80837     627   80524  2309688  28.57
  1936          41      0.00816  0.00812  0.50   80211     652   79885  2229164  27.79
  1936          42      0.00855  0.00851  0.50   79559     677   79220  2149279  27.01
  1936          43      0.00900  0.00896  0.50   78882     707   78528  2070059  26.24
  1936          44      0.00955  0.00951  0.50   78175     743   77804  1991530  25.48
  1936          45      0.01020  0.01015  0.50   77432     786   77039  1913727  24.71
  1936          46      0.01093  0.01087  0.50   76646     833   76229  1836688  23.96
  1936          47      0.01173  0.01166  0.50   75813     884   75370  1760459  23.22
  1936          48      0.01261  0.01253  0.50   74928     939   74459  1685088  22.49
  1936          49      0.01357  0.01347  0.50   73990     997   73491  1610629  21.77
  1936          50      0.01462  0.01451  0.50   72993    1059   72463  1537138  21.06
  1936          51      0.01571  0.01559  0.50   71934    1121   71373  1464675  20.36
  1936          52      0.01683  0.01669  0.50   70812    1182   70221  1393302  19.68
  1936          53      0.01796  0.01780  0.50   69630    1239   69010  1323081  19.00
  1936          54      0.01904  0.01886  0.50   68391    1290   67746  1254071  18.34
  1936          55      0.02010  0.01990  0.50   67101    1335   66433  1186325  17.68
  1936          56      0.02125  0.02103  0.50   65765    1383   65074  1119892  17.03
  1936          57      0.02257  0.02232  0.50   64382    1437   63664  1054818  16.38
  1936          58      0.02409  0.02380  0.50   62945    1498   62196   991154  15.75
  1936          59      0.02585  0.02552  0.50   61447    1568   60663   928958  15.12
  1936          60      0.02786  0.02747  0.50   59879    1645   59057   868295  14.50
  1936          61      0.03010  0.02966  0.50   58234    1727   57371   809238  13.90
  1936          62      0.03258  0.03206  0.50   56507    1812   55601   751867  13.31
  1936          63      0.03532  0.03471  0.50   54696    1898   53746   696266  12.73
  1936          64      0.03836  0.03764  0.50   52797    1987   51803   642519  12.17
  1936          65      0.04171  0.04085  0.50   50810    2076   49772   590716  11.63
  1936          66      0.04512  0.04413  0.50   48734    2151   47659   540944  11.10
  1936          67      0.04855  0.04740  0.50   46584    2208   45480   493285  10.59
  1936          68      0.05204  0.05072  0.50   44376    2251   43250   447805  10.09
  1936          69      0.05566  0.05416  0.50   42125    2281   40984   404555   9.60
  1936          70      0.05954  0.05782  0.50   39843    2304   38692   363571   9.12
  1936          71      0.06428  0.06228  0.50   37540    2338   36371   324880   8.65
  1936          72      0.07019  0.06781  0.50   35202    2387   34008   288509   8.20
  1936          73      0.07729  0.07442  0.50   32815    2442   31594   254501   7.76
  1936          74      0.08553  0.08202  0.50   30373    2491   29127   222907   7.34
  1936          75      0.09157  0.08756  0.50   27882    2441   26661   193780   6.95
  1936          76      0.10064  0.09582  0.50   25440    2438   24221   167119   6.57
  1936          77      0.11029  0.10453  0.50   23003    2404   21800   142898   6.21
  1936          78      0.12025  0.11343  0.50   20598    2336   19430   121097   5.88
  1936          79      0.13002  0.12208  0.50   18262    2229   17147   101667   5.57
  1936          80      0.13724  0.12843  0.50   16032    2059   15003    84521   5.27
  1936          81      0.14784  0.13766  0.50   13973    1924   13011    69518   4.98
  1936          82      0.16024  0.14836  0.50   12050    1788   11156    56507   4.69
  1936          83      0.17414  0.16019  0.50   10262    1644    9440    45351   4.42
  1936          84      0.18920  0.17284  0.50    8618    1490    7873    35911   4.17
  1936          85      0.20510  0.18602  0.50    7128    1326    6465    28038   3.93
  1936          86      0.22184  0.19969  0.50    5802    1159    5223    21572   3.72
  1936          87      0.24009  0.21435  0.50    4644     995    4146    16349   3.52
  1936          88      0.25950  0.22970  0.50    3648     838    3229    12203   3.34
  1936          89      0.27888  0.24475  0.50    2810     688    2466     8974   3.19
  1936          90      0.29594  0.25779  0.50    2122     547    1849     6507   3.07
  1936          91      0.30938  0.26794  0.50    1575     422    1364     4658   2.96
  1936          92      0.31825  0.27456  0.50    1153     317     995     3294   2.86
  1936          93      0.32118  0.27674  0.50     837     232     721     2299   2.75
  1936          94      0.32172  0.27714  0.50     605     168     521     1578   2.61
  1936          95      0.37739  0.31748  0.50     437     139     368     1057   2.42
  1936          96      0.39822  0.33210  0.50     299      99     249      689   2.31
  1936          97      0.41943  0.34672  0.50     199      69     165      440   2.21
  1936          98      0.44094  0.36129  0.50     130      47     107      275   2.11
  1936          99      0.46267  0.37575  0.50      83      31      68      169   2.03
  1936         100      0.48455  0.39005  0.50      52      20      42      101   1.95
  1936         101      0.50649  0.40414  0.50      32      13      25       59   1.87
  1936         102      0.52840  0.41797  0.50      19       8      15       34   1.80
  1936         103      0.55020  0.43150  0.50      11       5       9       19   1.74
  1936         104      0.57181  0.44468  0.50       6       3       5       11   1.68
  1936         105      0.59316  0.45748  0.50       3       2       3        6   1.63
  1936         106      0.61415  0.46987  0.50       2       1       1        3   1.58
  1936         107      0.63473  0.48182  0.50       1       0       1        2   1.53
  1936         108      0.65483  0.49331  0.50       1       0       0        1   1.49
  1936         109      0.67439  0.50433  0.50       0       0       0        0   1.46
  1936         110+     0.69336  1.00000  1.44       0       0       0        0   1.44
  1937           0      0.06836  0.06504  0.25  100000    6504   95130  5897581  58.98
  1937           1      0.00886  0.00882  0.50   93496     825   93084  5802450  62.06
  1937           2      0.00425  0.00424  0.50   92671     393   92475  5709366  61.61
  1937           3      0.00289  0.00289  0.50   92279     267   92146  5616891  60.87
  1937           4      0.00232  0.00232  0.50   92012     213   91906  5524746  60.04
  1937           5      0.00195  0.00194  0.50   91799     179   91710  5432840  59.18
  1937           6      0.00175  0.00174  0.50   91620     160   91541  5341130  58.30
  1937           7      0.00159  0.00159  0.50   91461     146   91388  5249590  57.40
  1937           8      0.00146  0.00146  0.50   91315     134   91248  5158202  56.49
  1937           9      0.00136  0.00135  0.50   91181     124   91120  5066954  55.57
  1937          10      0.00129  0.00129  0.50   91058     117   90999  4975834  54.64
  1937          11      0.00129  0.00129  0.50   90941     117   90882  4884835  53.71
  1937          12      0.00136  0.00136  0.50   90824     123   90762  4793952  52.78
  1937          13      0.00149  0.00149  0.50   90701     135   90633  4703190  51.85
  1937          14      0.00170  0.00170  0.50   90565     154   90488  4612557  50.93
  1937          15      0.00197  0.00196  0.50   90411     178   90323  4522069  50.02
  1937          16      0.00225  0.00224  0.50   90234     203   90132  4431746  49.11
  1937          17      0.00252  0.00252  0.50   90031     227   89918  4341614  48.22
  1937          18      0.00277  0.00277  0.50   89805     249   89680  4251696  47.34
  1937          19      0.00300  0.00299  0.50   89556     268   89422  4162016  46.47
  1937          20      0.00317  0.00317  0.50   89288     283   89146  4072594  45.61
  1937          21      0.00331  0.00330  0.50   89005     294   88858  3983448  44.76
  1937          22      0.00342  0.00341  0.50   88711     303   88560  3894590  43.90
  1937          23      0.00351  0.00351  0.50   88408     310   88253  3806030  43.05
  1937          24      0.00359  0.00358  0.50   88098     315   87940  3717777  42.20
  1937          25      0.00366  0.00365  0.50   87783     320   87623  3629836  41.35
  1937          26      0.00374  0.00373  0.50   87462     326   87299  3542214  40.50
  1937          27      0.00384  0.00383  0.50   87136     334   86969  3454915  39.65
  1937          28      0.00394  0.00393  0.50   86802     342   86632  3367946  38.80
  1937          29      0.00406  0.00405  0.50   86461     350   86286  3281314  37.95
  1937          30      0.00419  0.00418  0.50   86111     360   85931  3195028  37.10
  1937          31      0.00435  0.00434  0.50   85751     372   85565  3109097  36.26
  1937          32      0.00455  0.00454  0.50   85379     387   85185  3023533  35.41
  1937          33      0.00478  0.00477  0.50   84992     406   84789  2938347  34.57
  1937          34      0.00507  0.00505  0.50   84586     428   84372  2853559  33.74
  1937          35      0.00540  0.00538  0.50   84158     453   83932  2769187  32.90
  1937          36      0.00576  0.00574  0.50   83706     480   83465  2685255  32.08
  1937          37      0.00615  0.00613  0.50   83225     510   82970  2601789  31.26
  1937          38      0.00657  0.00655  0.50   82715     542   82444  2518819  30.45
  1937          39      0.00700  0.00698  0.50   82173     573   81886  2436376  29.65
  1937          40      0.00741  0.00739  0.50   81600     603   81298  2354489  28.85
  1937          41      0.00782  0.00779  0.50   80997     631   80681  2273191  28.07
  1937          42      0.00824  0.00821  0.50   80366     660   80036  2192509  27.28
  1937          43      0.00870  0.00867  0.50   79706     691   79361  2112473  26.50
  1937          44      0.00923  0.00919  0.50   79015     726   78652  2033113  25.73
  1937          45      0.00987  0.00982  0.50   78289     769   77904  1954461  24.96
  1937          46      0.01061  0.01055  0.50   77520     818   77111  1876556  24.21
  1937          47      0.01141  0.01135  0.50   76702     870   76267  1799445  23.46
  1937          48      0.01228  0.01220  0.50   75832     925   75369  1723178  22.72
  1937          49      0.01322  0.01314  0.50   74907     984   74415  1647809  22.00
  1937          50      0.01425  0.01415  0.50   73923    1046   73400  1573394  21.28
  1937          51      0.01534  0.01522  0.50   72876    1109   72322  1499994  20.58
  1937          52      0.01646  0.01633  0.50   71767    1172   71182  1427672  19.89
  1937          53      0.01762  0.01746  0.50   70596    1233   69979  1356491  19.21
  1937          54      0.01877  0.01860  0.50   69363    1290   68718  1286511  18.55
  1937          55      0.01990  0.01970  0.50   68073    1341   67403  1217793  17.89
  1937          56      0.02108  0.02086  0.50   66732    1392   66036  1150391  17.24
  1937          57      0.02237  0.02213  0.50   65340    1446   64617  1084355  16.60
  1937          58      0.02383  0.02355  0.50   63894    1505   63142  1019738  15.96
  1937          59      0.02548  0.02516  0.50   62390    1570   61605   956596  15.33
  1937          60      0.02735  0.02699  0.50   60820    1641   59999   894991  14.72
  1937          61      0.02947  0.02904  0.50   59178    1719   58319   834992  14.11
  1937          62      0.03185  0.03135  0.50   57460    1801   56559   776673  13.52
  1937          63      0.03453  0.03394  0.50   55658    1889   54714   720114  12.94
  1937          64      0.03756  0.03687  0.50   53769    1982   52778   665400  12.38
  1937          65      0.04095  0.04013  0.50   51787    2078   50748   612622  11.83
  1937          66      0.04441  0.04344  0.50   49709    2159   48629   561874  11.30
  1937          67      0.04780  0.04669  0.50   47549    2220   46439   513245  10.79
  1937          68      0.05109  0.04982  0.50   45329    2258   44200   466806  10.30
  1937          69      0.05428  0.05284  0.50   43071    2276   41933   422606   9.81
  1937          70      0.05755  0.05594  0.50   40795    2282   39654   380672   9.33
  1937          71      0.06165  0.05981  0.50   38513    2303   37361   341018   8.85
  1937          72      0.06697  0.06480  0.50   36209    2346   35036   303657   8.39
  1937          73      0.07377  0.07115  0.50   33863    2409   32658   268621   7.93
  1937          74      0.08219  0.07894  0.50   31454    2483   30212   235963   7.50
  1937          75      0.08974  0.08589  0.50   28971    2488   27727   205751   7.10
  1937          76      0.09829  0.09369  0.50   26482    2481   25242   178024   6.72
  1937          77      0.10725  0.10179  0.50   24001    2443   22780   152782   6.37
  1937          78      0.11666  0.11023  0.50   21558    2376   20370   130002   6.03
  1937          79      0.12600  0.11853  0.50   19182    2274   18045   109632   5.72
  1937          80      0.13305  0.12475  0.50   16908    2109   15854    91587   5.42
  1937          81      0.14322  0.13365  0.50   14799    1978   13810    75734   5.12
  1937          82      0.15531  0.14412  0.50   12821    1848   11897    61924   4.83
  1937          83      0.16916  0.15597  0.50   10973    1711   10118    50026   4.56
  1937          84      0.18402  0.16852  0.50    9262    1561    8481    39909   4.31
  1937          85      0.19925  0.18120  0.50    7701    1395    7003    31427   4.08
  1937          86      0.21438  0.19363  0.50    6306    1221    5695    24424   3.87
  1937          87      0.22993  0.20622  0.50    5085    1049    4560    18729   3.68
  1937          88      0.24633  0.21932  0.50    4036     885    3594    14168   3.51
  1937          89      0.26287  0.23233  0.50    3151     732    2785    10575   3.36
  1937          90      0.27854  0.24449  0.50    2419     591    2123     7790   3.22
  1937          91      0.29141  0.25435  0.50    1827     465    1595     5667   3.10
  1937          92      0.30035  0.26113  0.50    1363     356    1185     4072   2.99
  1937          93      0.30483  0.26451  0.50    1007     266     874     2887   2.87
  1937          94      0.30841  0.26721  0.50     741     198     642     2013   2.72
  1937          95      0.35913  0.30446  0.50     543     165     460     1372   2.53
  1937          96      0.37883  0.31850  0.50     377     120     317      912   2.42
  1937          97      0.39895  0.33260  0.50     257      86     214      594   2.31
  1937          98      0.41941  0.34670  0.50     172      60     142      380   2.21
  1937          99      0.44015  0.36075  0.50     112      40      92      238   2.12
  1937         100      0.46110  0.37471  0.50      72      27      58      146   2.04
  1937         101      0.48219  0.38852  0.50      45      17      36       88   1.96
  1937         102      0.50334  0.40213  0.50      27      11      22       52   1.89
  1937         103      0.52448  0.41552  0.50      16       7      13       30   1.82
  1937         104      0.54553  0.42862  0.50      10       4       8       17   1.76
  1937         105      0.56643  0.44141  0.50       5       2       4        9   1.70
  1937         106      0.58708  0.45386  0.50       3       1       2        5   1.65
  1937         107      0.60744  0.46593  0.50       2       1       1        3   1.60
  1937         108      0.62743  0.47760  0.50       1       0       1        1   1.56
  1937         109      0.64699  0.48885  0.50       0       0       0        1   1.52
  1937         110+     0.66608  1.00000  1.50       0       0       0        0   1.50
  1938           0      0.06469  0.06165  0.24  100000    6165   95310  6045599  60.46
  1938           1      0.00824  0.00821  0.50   93835     770   93450  5950290  63.41
  1938           2      0.00380  0.00379  0.50   93065     353   92888  5856840  62.93
  1938           3      0.00265  0.00265  0.50   92712     245   92589  5763952  62.17
  1938           4      0.00207  0.00207  0.50   92467     191   92371  5671362  61.33
  1938           5      0.00170  0.00170  0.50   92275     157   92197  5578992  60.46
  1938           6      0.00155  0.00155  0.50   92118     143   92047  5486795  59.56
  1938           7      0.00142  0.00142  0.50   91975     131   91910  5394748  58.65
  1938           8      0.00132  0.00132  0.50   91845     121   91784  5302838  57.74
  1938           9      0.00123  0.00123  0.50   91724     113   91667  5211054  56.81
  1938          10      0.00116  0.00116  0.50   91611     106   91558  5119387  55.88
  1938          11      0.00115  0.00115  0.50   91505     105   91452  5027829  54.95
  1938          12      0.00121  0.00121  0.50   91399     110   91344  4936377  54.01
  1938          13      0.00132  0.00132  0.50   91289     121   91229  4845033  53.07
  1938          14      0.00150  0.00150  0.50   91168     137   91100  4753804  52.14
  1938          15      0.00172  0.00172  0.50   91032     156   90954  4662704  51.22
  1938          16      0.00194  0.00194  0.50   90875     176   90787  4571751  50.31
  1938          17      0.00216  0.00215  0.50   90699     195   90602  4480963  49.40
  1938          18      0.00236  0.00236  0.50   90504     213   90397  4390362  48.51
  1938          19      0.00254  0.00254  0.50   90290     229   90176  4299965  47.62
  1938          20      0.00270  0.00269  0.50   90061     242   89940  4209789  46.74
  1938          21      0.00282  0.00281  0.50   89819     253   89692  4119849  45.87
  1938          22      0.00291  0.00291  0.50   89566     261   89436  4030157  45.00
  1938          23      0.00300  0.00299  0.50   89305     267   89172  3940721  44.13
  1938          24      0.00307  0.00306  0.50   89038     273   88902  3851550  43.26
  1938          25      0.00314  0.00313  0.50   88765     278   88626  3762648  42.39
  1938          26      0.00322  0.00321  0.50   88487     284   88345  3674022  41.52
  1938          27      0.00331  0.00331  0.50   88203     292   88057  3585677  40.65
  1938          28      0.00341  0.00340  0.50   87911     299   87761  3497620  39.79
  1938          29      0.00351  0.00350  0.50   87612     307   87458  3409859  38.92
  1938          30      0.00362  0.00361  0.50   87305     315   87147  3322400  38.06
  1938          31      0.00375  0.00374  0.50   86990     326   86827  3235253  37.19
  1938          32      0.00392  0.00391  0.50   86664     339   86495  3148426  36.33
  1938          33      0.00413  0.00412  0.50   86325     356   86147  3061931  35.47
  1938          34      0.00438  0.00437  0.50   85969     376   85781  2975784  34.61
  1938          35      0.00467  0.00466  0.50   85594     399   85394  2890003  33.76
  1938          36      0.00499  0.00498  0.50   85195     424   84982  2804609  32.92
  1938          37      0.00534  0.00533  0.50   84770     452   84544  2719626  32.08
  1938          38      0.00572  0.00570  0.50   84319     481   84078  2635082  31.25
  1938          39      0.00613  0.00611  0.50   83838     512   83582  2551004  30.43
  1938          40      0.00654  0.00652  0.50   83326     543   83054  2467422  29.61
  1938          41      0.00695  0.00693  0.50   82783     573   82496  2384368  28.80
  1938          42      0.00737  0.00734  0.50   82209     604   81908  2301872  28.00
  1938          43      0.00781  0.00778  0.50   81606     635   81288  2219964  27.20
  1938          44      0.00830  0.00826  0.50   80971     669   80636  2138676  26.41
  1938          45      0.00886  0.00882  0.50   80302     708   79948  2058040  25.63
  1938          46      0.00952  0.00947  0.50   79594     754   79217  1978092  24.85
  1938          47      0.01028  0.01023  0.50   78840     806   78437  1898875  24.09
  1938          48      0.01113  0.01107  0.50   78034     864   77602  1820439  23.33
  1938          49      0.01207  0.01200  0.50   77170     926   76707  1742837  22.58
  1938          50      0.01310  0.01301  0.50   76244     992   75748  1666130  21.85
  1938          51      0.01416  0.01406  0.50   75252    1058   74723  1590382  21.13
  1938          52      0.01525  0.01513  0.50   74194    1123   73633  1515659  20.43
  1938          53      0.01635  0.01622  0.50   73072    1185   72479  1442026  19.73
  1938          54      0.01746  0.01731  0.50   71886    1244   71264  1369547  19.05
  1938          55      0.01855  0.01838  0.50   70642    1299   69993  1298283  18.38
  1938          56      0.01970  0.01950  0.50   69343    1352   68667  1228290  17.71
  1938          57      0.02092  0.02070  0.50   67991    1407   67287  1159623  17.06
  1938          58      0.02227  0.02202  0.50   66583    1466   65850  1092336  16.41
  1938          59      0.02380  0.02352  0.50   65117    1532   64351  1026486  15.76
  1938          60      0.02555  0.02523  0.50   63585    1604   62783   962134  15.13
  1938          61      0.02754  0.02717  0.50   61981    1684   61140   899351  14.51
  1938          62      0.02981  0.02938  0.50   60298    1771   59412   838211  13.90
  1938          63      0.03240  0.03188  0.50   58526    1866   57593   778799  13.31
  1938          64      0.03535  0.03474  0.50   56660    1968   55676   721206  12.73
  1938          65      0.03867  0.03793  0.50   54692    2075   53655   665530  12.17
  1938          66      0.04209  0.04122  0.50   52617    2169   51533   611875  11.63
  1938          67      0.04555  0.04454  0.50   50449    2247   49325   560342  11.11
  1938          68      0.04900  0.04783  0.50   48202    2305   47049   511017  10.60
  1938          69      0.05236  0.05103  0.50   45896    2342   44725   463968  10.11
  1938          70      0.05577  0.05425  0.50   43554    2363   42373   419243   9.63
  1938          71      0.05982  0.05808  0.50   41191    2393   39995   376870   9.15
  1938          72      0.06482  0.06279  0.50   38799    2436   37581   336875   8.68
  1938          73      0.07101  0.06857  0.50   36363    2493   35116   299295   8.23
  1938          74      0.07866  0.07568  0.50   33869    2563   32588   264179   7.80
  1938          75      0.08718  0.08354  0.50   31306    2615   29998   231591   7.40
  1938          76      0.09469  0.09041  0.50   28691    2594   27394   201593   7.03
  1938          77      0.10211  0.09715  0.50   26097    2535   24829   174199   6.68
  1938          78      0.10991  0.10419  0.50   23561    2455   22334   149370   6.34
  1938          79      0.11804  0.11147  0.50   21107    2353   19930   127036   6.02
  1938          80      0.12419  0.11693  0.50   18754    2193   17657   107106   5.71
  1938          81      0.13332  0.12499  0.50   16561    2070   15526    89449   5.40
  1938          82      0.14429  0.13458  0.50   14491    1950   13516    73923   5.10
  1938          83      0.15725  0.14579  0.50   12541    1828   11627    60407   4.82
  1938          84      0.17182  0.15823  0.50   10713    1695    9865    48780   4.55
  1938          85      0.18719  0.17117  0.50    9018    1544    8246    38915   4.32
  1938          86      0.20291  0.18422  0.50    7474    1377    6786    30669   4.10
  1938          87      0.21818  0.19672  0.50    6097    1199    5497    23883   3.92
  1938          88      0.23276  0.20850  0.50    4898    1021    4387    18386   3.75
  1938          89      0.24640  0.21937  0.50    3877     850    3451    13999   3.61
  1938          90      0.25781  0.22837  0.50    3026     691    2681    10547   3.49
  1938          91      0.26633  0.23503  0.50    2335     549    2061     7867   3.37
  1938          92      0.27076  0.23847  0.50    1786     426    1573     5806   3.25
  1938          93      0.27099  0.23865  0.50    1360     325    1198     4233   3.11
  1938          94      0.27217  0.23956  0.50    1036     248     912     3035   2.93
  1938          95      0.33371  0.28599  0.50     788     225     675     2123   2.70
  1938          96      0.35223  0.29949  0.50     562     168     478     1448   2.58
  1938          97      0.37120  0.31309  0.50     394     123     332      970   2.46
  1938          98      0.39058  0.32677  0.50     271      88     226      638   2.36
  1938          99      0.41031  0.34047  0.50     182      62     151      412   2.26
  1938         100      0.43034  0.35414  0.50     120      43      99      260   2.17
  1938         101      0.45059  0.36774  0.50      78      29      63      162   2.08
  1938         102      0.47101  0.38123  0.50      49      19      40       98   2.00
  1938         103      0.49153  0.39456  0.50      30      12      24       59   1.93
  1938         104      0.51207  0.40769  0.50      18       7      15       34   1.86
  1938         105      0.53258  0.42058  0.50      11       5       9       20   1.80
  1938         106      0.55297  0.43320  0.50       6       3       5       11   1.74
  1938         107      0.57319  0.44551  0.50       4       2       3        6   1.69
  1938         108      0.59316  0.45748  0.50       2       1       2        3   1.64
  1938         109      0.61284  0.46910  0.50       1       1       1        2   1.61
  1938         110+     0.63215  1.00000  1.58       1       1       1        1   1.58
  1939           0      0.05969  0.05705  0.22  100000    5705   95567  6111668  61.12
  1939           1      0.00669  0.00666  0.50   94295     628   93981  6016101  63.80
  1939           2      0.00317  0.00316  0.50   93667     296   93519  5922120  63.23
  1939           3      0.00229  0.00228  0.50   93371     213   93264  5828601  62.42
  1939           4      0.00181  0.00181  0.50   93158     169   93073  5735337  61.57
  1939           5      0.00157  0.00156  0.50   92989     146   92916  5642263  60.68
  1939           6      0.00138  0.00138  0.50   92843     128   92779  5549347  59.77
  1939           7      0.00124  0.00124  0.50   92716     115   92658  5456568  58.85
  1939           8      0.00115  0.00115  0.50   92600     107   92547  5363910  57.93
  1939           9      0.00111  0.00111  0.50   92494     103   92442  5271363  56.99
  1939          10      0.00109  0.00109  0.50   92391     101   92341  5178921  56.05
  1939          11      0.00112  0.00112  0.50   92290     103   92238  5086580  55.12
  1939          12      0.00119  0.00119  0.50   92187     110   92132  4994342  54.18
  1939          13      0.00131  0.00131  0.50   92077     121   92016  4902210  53.24
  1939          14      0.00147  0.00147  0.50   91956     135   91889  4810194  52.31
  1939          15      0.00165  0.00165  0.50   91821     152   91745  4718305  51.39
  1939          16      0.00183  0.00183  0.50   91670     168   91586  4626560  50.47
  1939          17      0.00201  0.00201  0.50   91502     184   91410  4534974  49.56
  1939          18      0.00219  0.00219  0.50   91318     200   91218  4443564  48.66
  1939          19      0.00237  0.00236  0.50   91118     215   91011  4352346  47.77
  1939          20      0.00253  0.00252  0.50   90903     229   90788  4261336  46.88
  1939          21      0.00267  0.00266  0.50   90674     241   90553  4170548  46.00
  1939          22      0.00277  0.00277  0.50   90432     250   90307  4079995  45.12
  1939          23      0.00285  0.00285  0.50   90182     257   90054  3989688  44.24
  1939          24      0.00290  0.00290  0.50   89925     261   89795  3899634  43.37
  1939          25      0.00295  0.00295  0.50   89664     264   89532  3809839  42.49
  1939          26      0.00301  0.00301  0.50   89400     269   89266  3720307  41.61
  1939          27      0.00309  0.00309  0.50   89132     275   88994  3631041  40.74
  1939          28      0.00320  0.00319  0.50   88856     283   88715  3542047  39.86
  1939          29      0.00332  0.00331  0.50   88573     293   88426  3453333  38.99
  1939          30      0.00345  0.00345  0.50   88280     304   88128  3364906  38.12
  1939          31      0.00361  0.00360  0.50   87976     317   87817  3276779  37.25
  1939          32      0.00379  0.00378  0.50   87659     331   87493  3188962  36.38
  1939          33      0.00398  0.00398  0.50   87327     347   87154  3101469  35.52
  1939          34      0.00421  0.00420  0.50   86980     365   86798  3014315  34.66
  1939          35      0.00445  0.00444  0.50   86615     385   86422  2927517  33.80
  1939          36      0.00473  0.00472  0.50   86230     407   86026  2841095  32.95
  1939          37      0.00504  0.00503  0.50   85823     431   85607  2755068  32.10
  1939          38      0.00538  0.00536  0.50   85392     458   85162  2669461  31.26
  1939          39      0.00575  0.00574  0.50   84933     487   84690  2584299  30.43
  1939          40      0.00616  0.00614  0.50   84446     518   84187  2499609  29.60
  1939          41      0.00659  0.00657  0.50   83928     552   83652  2415422  28.78
  1939          42      0.00706  0.00703  0.50   83376     586   83083  2331769  27.97
  1939          43      0.00754  0.00752  0.50   82790     622   82479  2248686  27.16
  1939          44      0.00808  0.00804  0.50   82168     661   81838  2166207  26.36
  1939          45      0.00867  0.00863  0.50   81507     704   81155  2084369  25.57
  1939          46      0.00933  0.00929  0.50   80804     750   80428  2003214  24.79
  1939          47      0.01008  0.01003  0.50   80053     803   79652  1922785  24.02
  1939          48      0.01093  0.01087  0.50   79250     861   78820  1843133  23.26
  1939          49      0.01186  0.01179  0.50   78389     924   77927  1764314  22.51
  1939          50      0.01287  0.01278  0.50   77465     990   76970  1686387  21.77
  1939          51      0.01390  0.01381  0.50   76475    1056   75947  1609417  21.05
  1939          52      0.01500  0.01489  0.50   75419    1123   74857  1533470  20.33
  1939          53      0.01618  0.01605  0.50   74296    1192   73699  1458613  19.63
  1939          54      0.01742  0.01727  0.50   73103    1262   72472  1384913  18.94
  1939          55      0.01871  0.01854  0.50   71841    1332   71175  1312441  18.27
  1939          56      0.02007  0.01987  0.50   70510    1401   69809  1241266  17.60
  1939          57      0.02145  0.02123  0.50   69108    1467   68375  1171457  16.95
  1939          58      0.02285  0.02260  0.50   67642    1528   66877  1103082  16.31
  1939          59      0.02433  0.02404  0.50   66113    1589   65319  1036204  15.67
  1939          60      0.02593  0.02560  0.50   64524    1652   63698   970886  15.05
  1939          61      0.02780  0.02742  0.50   62872    1724   62010   907188  14.43
  1939          62      0.02997  0.02952  0.50   61148    1805   60246   845177  13.82
  1939          63      0.03245  0.03193  0.50   59343    1895   58396   784932  13.23
  1939          64      0.03530  0.03469  0.50   57448    1993   56452   726536  12.65
  1939          65      0.03851  0.03778  0.50   55455    2095   54408   670085  12.08
  1939          66      0.04180  0.04095  0.50   53360    2185   52268   615677  11.54
  1939          67      0.04523  0.04423  0.50   51175    2263   50044   563409  11.01
  1939          68      0.04882  0.04766  0.50   48912    2331   47747   513365  10.50
  1939          69      0.05251  0.05117  0.50   46581    2384   45389   465618  10.00
  1939          70      0.05639  0.05484  0.50   44197    2424   42986   420229   9.51
  1939          71      0.06069  0.05890  0.50   41774    2461   40543   377244   9.03
  1939          72      0.06570  0.06361  0.50   39313    2501   38063   336700   8.56
  1939          73      0.07159  0.06911  0.50   36812    2544   35540   298637   8.11
  1939          74      0.07860  0.07562  0.50   34268    2591   32972   263097   7.68
  1939          75      0.08750  0.08383  0.50   31677    2656   30349   230125   7.26
  1939          76      0.09524  0.09091  0.50   29021    2638   27702   199776   6.88
  1939          77      0.10306  0.09801  0.50   26383    2586   25090   172074   6.52
  1939          78      0.11149  0.10561  0.50   23797    2513   22540   146984   6.18
  1939          79      0.12101  0.11411  0.50   21284    2429   20070   124444   5.85
  1939          80      0.12703  0.11944  0.50   18855    2252   17729   104374   5.54
  1939          81      0.13815  0.12923  0.50   16603    2146   15530    86645   5.22
  1939          82      0.15074  0.14017  0.50   14458    2027   13444    71115   4.92
  1939          83      0.16499  0.15242  0.50   12431    1895   11484    57671   4.64
  1939          84      0.18047  0.16553  0.50   10536    1744    9664    46187   4.38
  1939          85      0.19628  0.17874  0.50    8792    1572    8006    36523   4.15
  1939          86      0.21271  0.19226  0.50    7221    1388    6527    28516   3.95
  1939          87      0.22935  0.20576  0.50    5832    1200    5232    21990   3.77
  1939          88      0.24450  0.21787  0.50    4632    1009    4128    16757   3.62
  1939          89      0.25756  0.22818  0.50    3623     827    3210    12630   3.49
  1939          90      0.26874  0.23691  0.50    2796     662    2465     9420   3.37
  1939          91      0.27679  0.24314  0.50    2134     519    1874     6955   3.26
  1939          92      0.28140  0.24669  0.50    1615     398    1416     5080   3.15
  1939          93      0.28168  0.24690  0.50    1217     300    1066     3664   3.01
  1939          94      0.28213  0.24725  0.50     916     227     803     2598   2.84
  1939          95      0.34749  0.29606  0.50     690     204     588     1795   2.60
  1939          96      0.36661  0.30982  0.50     486     150     410     1207   2.49
  1939          97      0.38616  0.32367  0.50     335     108     281      797   2.38
  1939          98      0.40609  0.33755  0.50     227      77     188      516   2.28
  1939          99      0.42633  0.35142  0.50     150      53     124      328   2.18
  1939         100      0.44681  0.36522  0.50      97      36      80      204   2.10
  1939         101      0.46748  0.37891  0.50      62      23      50      125   2.02
  1939         102      0.48826  0.39245  0.50      38      15      31       74   1.94
  1939         103      0.50909  0.40579  0.50      23       9      19       44   1.87
  1939         104      0.52988  0.41890  0.50      14       6      11       25   1.80
  1939         105      0.55057  0.43172  0.50       8       3       6       14   1.74
  1939         106      0.57108  0.44423  0.50       5       2       4        8   1.69
  1939         107      0.59135  0.45641  0.50       3       1       2        4   1.64
  1939         108      0.61132  0.46821  0.50       1       1       1        2   1.60
  1939         109      0.63092  0.47962  0.50       1       0       1        1   1.56
  1939         110+     0.65010  1.00000  1.54       0       0       1        1   1.54
  1940           0      0.06035  0.05766  0.23  100000    5766   95532  6112945  61.13
  1940           1      0.00613  0.00611  0.50   94234     576   93946  6017413  63.86
  1940           2      0.00292  0.00292  0.50   93658     273   93522  5923467  63.25
  1940           3      0.00193  0.00193  0.50   93385     180   93295  5829945  62.43
  1940           4      0.00160  0.00160  0.50   93205     149   93131  5736650  61.55
  1940           5      0.00142  0.00142  0.50   93056     132   92990  5643519  60.65
  1940           6      0.00134  0.00134  0.50   92924     124   92862  5550529  59.73
  1940           7      0.00121  0.00121  0.50   92800     112   92744  5457667  58.81
  1940           8      0.00112  0.00112  0.50   92688     104   92636  5364923  57.88
  1940           9      0.00106  0.00106  0.50   92584      99   92535  5272287  56.95
  1940          10      0.00102  0.00102  0.50   92485      94   92438  5179752  56.01
  1940          11      0.00103  0.00103  0.50   92391      95   92343  5087314  55.06
  1940          12      0.00109  0.00108  0.50   92296     100   92246  4994970  54.12
  1940          13      0.00119  0.00119  0.50   92196     110   92141  4902724  53.18
  1940          14      0.00135  0.00135  0.50   92086     124   92024  4810583  52.24
  1940          15      0.00155  0.00154  0.50   91962     142   91891  4718560  51.31
  1940          16      0.00173  0.00173  0.50   91820     159   91740  4626669  50.39
  1940          17      0.00191  0.00190  0.50   91661     174   91574  4534929  49.48
  1940          18      0.00209  0.00209  0.50   91486     191   91391  4443355  48.57
  1940          19      0.00228  0.00228  0.50   91295     208   91191  4351964  47.67
  1940          20      0.00246  0.00245  0.50   91087     223   90976  4260773  46.78
  1940          21      0.00262  0.00261  0.50   90864     237   90745  4169798  45.89
  1940          22      0.00275  0.00275  0.50   90626     249   90502  4079053  45.01
  1940          23      0.00285  0.00284  0.50   90377     257   90249  3988551  44.13
  1940          24      0.00291  0.00290  0.50   90120     261   89989  3898302  43.26
  1940          25      0.00294  0.00293  0.50   89859     263   89727  3808313  42.38
  1940          26      0.00298  0.00298  0.50   89595     267   89462  3718586  41.50
  1940          27      0.00305  0.00304  0.50   89329     272   89193  3629124  40.63
  1940          28      0.00314  0.00313  0.50   89057     279   88917  3539931  39.75
  1940          29      0.00325  0.00325  0.50   88778     288   88634  3451014  38.87
  1940          30      0.00339  0.00339  0.50   88490     300   88340  3362380  38.00
  1940          31      0.00355  0.00354  0.50   88190     312   88033  3274040  37.12
  1940          32      0.00372  0.00371  0.50   87877     326   87714  3186007  36.26
  1940          33      0.00390  0.00389  0.50   87551     340   87381  3098293  35.39
  1940          34      0.00409  0.00408  0.50   87211     356   87033  3010911  34.52
  1940          35      0.00429  0.00428  0.50   86855     372   86669  2923878  33.66
  1940          36      0.00454  0.00453  0.50   86483     392   86287  2837209  32.81
  1940          37      0.00482  0.00481  0.50   86092     414   85885  2750922  31.95
  1940          38      0.00515  0.00514  0.50   85677     441   85457  2665037  31.11
  1940          39      0.00553  0.00552  0.50   85237     470   85002  2579580  30.26
  1940          40      0.00595  0.00593  0.50   84767     503   84515  2494578  29.43
  1940          41      0.00642  0.00640  0.50   84264     539   83994  2410063  28.60
  1940          42      0.00693  0.00691  0.50   83724     578   83435  2326069  27.78
  1940          43      0.00747  0.00744  0.50   83146     619   82836  2242634  26.97
  1940          44      0.00803  0.00800  0.50   82527     660   82197  2159798  26.17
  1940          45      0.00864  0.00860  0.50   81867     704   81515  2077601  25.38
  1940          46      0.00931  0.00926  0.50   81163     752   80787  1996086  24.59
  1940          47      0.01005  0.01000  0.50   80411     804   80009  1915300  23.82
  1940          48      0.01090  0.01084  0.50   79607     863   79175  1835291  23.05
  1940          49      0.01186  0.01179  0.50   78744     929   78279  1756115  22.30
  1940          50      0.01296  0.01288  0.50   77815    1002   77314  1677836  21.56
  1940          51      0.01404  0.01394  0.50   76813    1071   76278  1600522  20.84
  1940          52      0.01514  0.01503  0.50   75742    1138   75173  1524244  20.12
  1940          53      0.01632  0.01619  0.50   74604    1207   74000  1449071  19.42
  1940          54      0.01758  0.01743  0.50   73396    1279   72757  1375072  18.73
  1940          55      0.01893  0.01875  0.50   72117    1352   71441  1302315  18.06
  1940          56      0.02040  0.02019  0.50   70765    1429   70051  1230874  17.39
  1940          57      0.02197  0.02173  0.50   69336    1507   68583  1160823  16.74
  1940          58      0.02359  0.02331  0.50   67830    1581   67039  1092240  16.10
  1940          59      0.02525  0.02493  0.50   66248    1652   65422  1025201  15.48
  1940          60      0.02689  0.02653  0.50   64596    1714   63740   959779  14.86
  1940          61      0.02884  0.02843  0.50   62883    1788   61989   896039  14.25
  1940          62      0.03104  0.03056  0.50   61095    1867   60161   834050  13.65
  1940          63      0.03346  0.03291  0.50   59228    1949   58253   773889  13.07
  1940          64      0.03612  0.03548  0.50   57279    2032   56263   715636  12.49
  1940          65      0.03904  0.03829  0.50   55247    2115   54189   659373  11.94
  1940          66      0.04207  0.04120  0.50   53131    2189   52037   605184  11.39
  1940          67      0.04534  0.04433  0.50   50942    2258   49813   553147  10.86
  1940          68      0.04901  0.04784  0.50   48684    2329   47519   503334  10.34
  1940          69      0.05318  0.05180  0.50   46355    2401   45154   455815   9.83
  1940          70      0.05816  0.05652  0.50   43953    2484   42711   410661   9.34
  1940          71      0.06326  0.06132  0.50   41469    2543   40198   367949   8.87
  1940          72      0.06859  0.06632  0.50   38926    2581   37635   327752   8.42
  1940          73      0.07429  0.07163  0.50   36345    2603   35043   290116   7.98
  1940          74      0.08041  0.07730  0.50   33741    2608   32437   255073   7.56
  1940          75      0.08772  0.08404  0.50   31133    2616   29825   222636   7.15
  1940          76      0.09552  0.09117  0.50   28517    2600   27217   192811   6.76
  1940          77      0.10410  0.09895  0.50   25917    2565   24635   165594   6.39
  1940          78      0.11392  0.10778  0.50   23352    2517   22094   140959   6.04
  1940          79      0.12559  0.11817  0.50   20835    2462   19604   118865   5.70
  1940          80      0.12989  0.12197  0.50   18373    2241   17253    99261   5.40
  1940          81      0.14300  0.13346  0.50   16132    2153   15056    82008   5.08
  1940          82      0.15713  0.14568  0.50   13979    2037   12961    66952   4.79
  1940          83      0.17191  0.15830  0.50   11943    1891   10998    53991   4.52
  1940          84      0.18661  0.17068  0.50   10052    1716    9194    42993   4.28
  1940          85      0.20021  0.18199  0.50    8337    1517    7578    33799   4.05
  1940          86      0.21477  0.19395  0.50    6819    1323    6158    26221   3.85
  1940          87      0.23068  0.20682  0.50    5497    1137    4928    20063   3.65
  1940          88      0.24712  0.21994  0.50    4360     959    3880    15135   3.47
  1940          89      0.26295  0.23239  0.50    3401     790    3006    11254   3.31
  1940          90      0.27943  0.24517  0.50    2611     640    2291     8248   3.16
  1940          91      0.29505  0.25712  0.50    1971     507    1717     5958   3.02
  1940          92      0.30832  0.26714  0.50    1464     391    1268     4241   2.90
  1940          93      0.31860  0.27482  0.50    1073     295     925     2972   2.77
  1940          94      0.32595  0.28027  0.50     778     218     669     2047   2.63
  1940          95      0.36935  0.31178  0.50     560     175     473     1378   2.46
  1940          96      0.39012  0.32644  0.50     385     126     322      905   2.35
  1940          97      0.41128  0.34113  0.50     260      89     215      583   2.24
  1940          98      0.43279  0.35579  0.50     171      61     141      367   2.15
  1940          99      0.45454  0.37037  0.50     110      41      90      227   2.06
  1940         100      0.47648  0.38480  0.50      69      27      56      137   1.98
  1940         101      0.49850  0.39904  0.50      43      17      34       81   1.90
  1940         102      0.52053  0.41303  0.50      26      11      20       47   1.83
  1940         103      0.54248  0.42673  0.50      15       6      12       27   1.76
  1940         104      0.56427  0.44010  0.50       9       4       7       15   1.70
  1940         105      0.58581  0.45309  0.50       5       2       4        8   1.65
  1940         106      0.60702  0.46568  0.50       3       1       2        4   1.59
  1940         107      0.62785  0.47784  0.50       1       1       1        2   1.55
  1940         108      0.64820  0.48954  0.50       1       0       1        1   1.51
  1940         109      0.66804  0.50077  0.50       0       0       0        1   1.48
  1940         110+     0.68729  1.00000  1.45       0       0       0        0   1.45
  1941           0      0.05839  0.05584  0.22  100000    5584   95637  6158282  61.58
  1941           1      0.00583  0.00581  0.50   94416     549   94142  6062645  64.21
  1941           2      0.00282  0.00281  0.50   93868     264   93735  5968503  63.58
  1941           3      0.00189  0.00189  0.50   93603     177   93515  5874768  62.76
  1941           4      0.00151  0.00151  0.50   93427     141   93356  5781253  61.88
  1941           5      0.00131  0.00131  0.50   93286     122   93225  5687896  60.97
  1941           6      0.00123  0.00123  0.50   93164     115   93106  5594672  60.05
  1941           7      0.00118  0.00118  0.50   93049     110   92994  5501565  59.13
  1941           8      0.00109  0.00109  0.50   92939     101   92888  5408571  58.19
  1941           9      0.00104  0.00104  0.50   92837      96   92789  5315683  57.26
  1941          10      0.00098  0.00098  0.50   92741      91   92696  5222894  56.32
  1941          11      0.00098  0.00098  0.50   92651      91   92605  5130198  55.37
  1941          12      0.00104  0.00104  0.50   92560      97   92511  5037593  54.43
  1941          13      0.00116  0.00116  0.50   92463     107   92409  4945082  53.48
  1941          14      0.00133  0.00133  0.50   92356     123   92294  4852673  52.54
  1941          15      0.00156  0.00156  0.50   92233     143   92161  4760379  51.61
  1941          16      0.00176  0.00176  0.50   92089     162   92008  4668218  50.69
  1941          17      0.00195  0.00195  0.50   91927     179   91837  4576210  49.78
  1941          18      0.00215  0.00214  0.50   91748     197   91649  4484373  48.88
  1941          19      0.00233  0.00233  0.50   91551     213   91444  4392723  47.98
  1941          20      0.00250  0.00250  0.50   91338     228   91224  4301279  47.09
  1941          21      0.00266  0.00266  0.50   91110     242   90989  4210055  46.21
  1941          22      0.00279  0.00279  0.50   90868     253   90741  4119066  45.33
  1941          23      0.00289  0.00289  0.50   90614     262   90483  4028325  44.46
  1941          24      0.00294  0.00294  0.50   90352     265   90220  3937842  43.58
  1941          25      0.00294  0.00294  0.50   90087     265   89955  3847622  42.71
  1941          26      0.00296  0.00296  0.50   89822     265   89689  3757668  41.83
  1941          27      0.00300  0.00299  0.50   89557     268   89423  3667978  40.96
  1941          28      0.00306  0.00306  0.50   89289     273   89152  3578556  40.08
  1941          29      0.00316  0.00315  0.50   89016     281   88875  3489403  39.20
  1941          30      0.00330  0.00329  0.50   88735     292   88589  3400528  38.32
  1941          31      0.00345  0.00345  0.50   88443     305   88291  3311939  37.45
  1941          32      0.00362  0.00362  0.50   88138     319   87979  3223649  36.57
  1941          33      0.00381  0.00380  0.50   87819     334   87652  3135670  35.71
  1941          34      0.00401  0.00400  0.50   87486     350   87310  3048017  34.84
  1941          35      0.00422  0.00421  0.50   87135     367   86952  2960707  33.98
  1941          36      0.00446  0.00445  0.50   86768     386   86575  2873755  33.12
  1941          37      0.00474  0.00473  0.50   86382     409   86178  2787180  32.27
  1941          38      0.00506  0.00505  0.50   85973     434   85756  2701002  31.42
  1941          39      0.00542  0.00541  0.50   85539     462   85308  2615246  30.57
  1941          40      0.00582  0.00580  0.50   85077     494   84830  2529938  29.74
  1941          41      0.00627  0.00625  0.50   84583     528   84319  2445108  28.91
  1941          42      0.00678  0.00676  0.50   84055     568   83771  2360789  28.09
  1941          43      0.00734  0.00732  0.50   83487     611   83181  2277018  27.27
  1941          44      0.00795  0.00791  0.50   82876     656   82548  2193837  26.47
  1941          45      0.00858  0.00854  0.50   82220     702   81869  2111289  25.68
  1941          46      0.00925  0.00920  0.50   81518     750   81143  2029420  24.90
  1941          47      0.00996  0.00991  0.50   80768     800   80368  1948277  24.12
  1941          48      0.01073  0.01067  0.50   79968     853   79541  1867909  23.36
  1941          49      0.01159  0.01152  0.50   79114     912   78659  1788368  22.60
  1941          50      0.01264  0.01256  0.50   78203     983   77711  1709709  21.86
  1941          51      0.01371  0.01361  0.50   77220    1051   76695  1631998  21.13
  1941          52      0.01475  0.01465  0.50   76169    1116   75611  1555303  20.42
  1941          53      0.01586  0.01574  0.50   75054    1181   74463  1479692  19.72
  1941          54      0.01708  0.01694  0.50   73873    1251   73247  1405229  19.02
  1941          55      0.01847  0.01830  0.50   72621    1329   71957  1331982  18.34
  1941          56      0.01995  0.01975  0.50   71293    1408   70589  1260024  17.67
  1941          57      0.02156  0.02133  0.50   69884    1490   69139  1189436  17.02
  1941          58      0.02324  0.02297  0.50   68394    1571   67609  1120297  16.38
  1941          59      0.02493  0.02462  0.50   66823    1645   66001  1052688  15.75
  1941          60      0.02633  0.02599  0.50   65178    1694   64331   986687  15.14
  1941          61      0.02803  0.02764  0.50   63484    1755   62607   922356  14.53
  1941          62      0.03010  0.02965  0.50   61730    1830   60814   859749  13.93
  1941          63      0.03246  0.03194  0.50   59899    1913   58943   798935  13.34
  1941          64      0.03510  0.03450  0.50   57986    2000   56986   739992  12.76
  1941          65      0.03799  0.03728  0.50   55986    2087   54942   683006  12.20
  1941          66      0.04096  0.04014  0.50   53898    2164   52816   628064  11.65
  1941          67      0.04405  0.04310  0.50   51735    2230   50620   575248  11.12
  1941          68      0.04741  0.04632  0.50   49505    2293   48358   524629  10.60
  1941          69      0.05122  0.04994  0.50   47212    2358   46033   476270  10.09
  1941          70      0.05621  0.05467  0.50   44854    2452   43628   430238   9.59
  1941          71      0.06142  0.05959  0.50   42402    2527   41138   386610   9.12
  1941          72      0.06651  0.06437  0.50   39875    2567   38592   345472   8.66
  1941          73      0.07158  0.06911  0.50   37308    2578   36019   306880   8.23
  1941          74      0.07668  0.07385  0.50   34730    2565   33448   270861   7.80
  1941          75      0.08229  0.07904  0.50   32165    2542   30894   237414   7.38
  1941          76      0.08939  0.08557  0.50   29623    2535   28355   206520   6.97
  1941          77      0.09823  0.09363  0.50   27088    2536   25820   178164   6.58
  1941          78      0.10838  0.10281  0.50   24552    2524   23290   152344   6.21
  1941          79      0.12062  0.11376  0.50   22028    2506   20775   129054   5.86
  1941          80      0.12499  0.11764  0.50   19522    2297   18374   108280   5.55
  1941          81      0.13774  0.12886  0.50   17225    2220   16115    89906   5.22
  1941          82      0.15236  0.14157  0.50   15006    2124   13943    73791   4.92
  1941          83      0.16735  0.15443  0.50   12881    1989   11887    59847   4.65
  1941          84      0.18152  0.16642  0.50   10892    1813    9986    47961   4.40
  1941          85      0.19406  0.17690  0.50    9079    1606    8276    37975   4.18
  1941          86      0.20764  0.18811  0.50    7473    1406    6770    29699   3.97
  1941          87      0.22330  0.20088  0.50    6067    1219    5458    22929   3.78
  1941          88      0.24004  0.21432  0.50    4849    1039    4329    17471   3.60
  1941          89      0.25646  0.22731  0.50    3809     866    3377    13142   3.45
  1941          90      0.27052  0.23829  0.50    2944     701    2593     9765   3.32
  1941          91      0.28048  0.24598  0.50    2242     552    1966     7172   3.20
  1941          92      0.28723  0.25116  0.50    1691     425    1478     5206   3.08
  1941          93      0.29079  0.25388  0.50    1266     321    1105     3728   2.94
  1941          94      0.29556  0.25751  0.50     945     243     823     2622   2.78
  1941          95      0.35256  0.29972  0.50     701     210     596     1799   2.57
  1941          96      0.37230  0.31387  0.50     491     154     414     1203   2.45
  1941          97      0.39248  0.32809  0.50     337     111     282      789   2.34
  1941          98      0.41303  0.34233  0.50     226      78     188      507   2.24
  1941          99      0.43389  0.35654  0.50     149      53     122      320   2.15
  1941         100      0.45499  0.37066  0.50      96      36      78      197   2.06
  1941         101      0.47625  0.38465  0.50      60      23      49      119   1.98
  1941         102      0.49759  0.39846  0.50      37      15      30       71   1.90
  1941         103      0.51894  0.41203  0.50      22       9      18       41   1.84
  1941         104      0.54023  0.42534  0.50      13       6      10       23   1.77
  1941         105      0.56137  0.43834  0.50       8       3       6       13   1.71
  1941         106      0.58229  0.45099  0.50       4       2       3        7   1.66
  1941         107      0.60292  0.46326  0.50       2       1       2        4   1.61
  1941         108      0.62318  0.47513  0.50       1       1       1        2   1.57
  1941         109      0.64303  0.48658  0.50       1       0       0        1   1.53
  1941         110+     0.66239  1.00000  1.51       0       0       1        1   1.51
  1942           0      0.05389  0.05168  0.20  100000    5168   95887  6220767  62.21
  1942           1      0.00480  0.00479  0.50   94832     454   94605  6124880  64.59
  1942           2      0.00241  0.00240  0.50   94378     227   94265  6030275  63.89
  1942           3      0.00182  0.00182  0.50   94151     172   94065  5936010  63.05
  1942           4      0.00144  0.00144  0.50   93980     135   93912  5841945  62.16
  1942           5      0.00126  0.00126  0.50   93844     118   93785  5748033  61.25
  1942           6      0.00116  0.00116  0.50   93726     109   93672  5654248  60.33
  1942           7      0.00109  0.00109  0.50   93617     102   93566  5560576  59.40
  1942           8      0.00106  0.00106  0.50   93515      99   93465  5467010  58.46
  1942           9      0.00099  0.00099  0.50   93416      92   93370  5373545  57.52
  1942          10      0.00093  0.00093  0.50   93323      87   93280  5280175  56.58
  1942          11      0.00093  0.00093  0.50   93237      87   93193  5186895  55.63
  1942          12      0.00099  0.00098  0.50   93150      92   93104  5093702  54.68
  1942          13      0.00108  0.00108  0.50   93058     100   93008  5000598  53.74
  1942          14      0.00122  0.00122  0.50   92957     113   92901  4907591  52.79
  1942          15      0.00142  0.00142  0.50   92844     131   92779  4814690  51.86
  1942          16      0.00161  0.00161  0.50   92713     150   92638  4721911  50.93
  1942          17      0.00180  0.00180  0.50   92563     167   92480  4629273  50.01
  1942          18      0.00208  0.00207  0.50   92397     192   92301  4536793  49.10
  1942          19      0.00233  0.00232  0.50   92205     214   92098  4444493  48.20
  1942          20      0.00255  0.00254  0.50   91991     234   91874  4352395  47.31
  1942          21      0.00274  0.00274  0.50   91757     251   91631  4260521  46.43
  1942          22      0.00289  0.00289  0.50   91506     264   91374  4168890  45.56
  1942          23      0.00297  0.00297  0.50   91242     271   91106  4077516  44.69
  1942          24      0.00299  0.00298  0.50   90971     271   90835  3986410  43.82
  1942          25      0.00293  0.00292  0.50   90699     265   90567  3895575  42.95
  1942          26      0.00288  0.00288  0.50   90434     260   90304  3805008  42.07
  1942          27      0.00288  0.00287  0.50   90174     259   90045  3714704  41.19
  1942          28      0.00292  0.00292  0.50   89915     262   89784  3624659  40.31
  1942          29      0.00302  0.00301  0.50   89653     270   89518  3534875  39.43
  1942          30      0.00318  0.00317  0.50   89383     284   89241  3445357  38.55
  1942          31      0.00336  0.00336  0.50   89099     299   88950  3356116  37.67
  1942          32      0.00356  0.00355  0.50   88800     316   88642  3267166  36.79
  1942          33      0.00377  0.00376  0.50   88484     333   88318  3178524  35.92
  1942          34      0.00399  0.00398  0.50   88151     351   87976  3090206  35.06
  1942          35      0.00420  0.00419  0.50   87800     368   87616  3002230  34.19
  1942          36      0.00443  0.00442  0.50   87433     387   87239  2914614  33.34
  1942          37      0.00470  0.00469  0.50   87046     408   86842  2827374  32.48
  1942          38      0.00499  0.00498  0.50   86638     431   86423  2740532  31.63
  1942          39      0.00531  0.00530  0.50   86207     456   85979  2654110  30.79
  1942          40      0.00567  0.00565  0.50   85750     485   85508  2568131  29.95
  1942          41      0.00607  0.00605  0.50   85266     516   85008  2482623  29.12
  1942          42      0.00655  0.00653  0.50   84750     553   84473  2397615  28.29
  1942          43      0.00711  0.00708  0.50   84196     596   83898  2313142  27.47
  1942          44      0.00773  0.00770  0.50   83600     644   83278  2229244  26.67
  1942          45      0.00838  0.00835  0.50   82956     693   82610  2145966  25.87
  1942          46      0.00908  0.00904  0.50   82263     743   81892  2063356  25.08
  1942          47      0.00981  0.00976  0.50   81520     796   81122  1981465  24.31
  1942          48      0.01060  0.01054  0.50   80724     851   80299  1900343  23.54
  1942          49      0.01146  0.01140  0.50   79873     910   79418  1820044  22.79
  1942          50      0.01254  0.01246  0.50   78963     984   78471  1740626  22.04
  1942          51      0.01369  0.01360  0.50   77979    1061   77449  1662155  21.32
  1942          52      0.01482  0.01471  0.50   76918    1131   76353  1584707  20.60
  1942          53      0.01593  0.01580  0.50   75787    1197   75188  1508354  19.90
  1942          54      0.01709  0.01694  0.50   74590    1264   73958  1433166  19.21
  1942          55      0.01844  0.01827  0.50   73326    1340   72656  1359208  18.54
  1942          56      0.01988  0.01968  0.50   71986    1417   71278  1286552  17.87
  1942          57      0.02143  0.02120  0.50   70569    1496   69821  1215275  17.22
  1942          58      0.02310  0.02284  0.50   69073    1578   68284  1145453  16.58
  1942          59      0.02484  0.02454  0.50   67495    1656   66667  1077169  15.96
  1942          60      0.02620  0.02586  0.50   65839    1703   64988  1010502  15.35
  1942          61      0.02768  0.02730  0.50   64136    1751   63261   945514  14.74
  1942          62      0.02955  0.02912  0.50   62386    1817   61477   882253  14.14
  1942          63      0.03183  0.03134  0.50   60569    1898   59620   820776  13.55
  1942          64      0.03448  0.03390  0.50   58671    1989   57676   761156  12.97
  1942          65      0.03741  0.03672  0.50   56682    2081   55641   703480  12.41
  1942          66      0.04039  0.03959  0.50   54601    2162   53520   647838  11.87
  1942          67      0.04338  0.04246  0.50   52439    2226   51326   594319  11.33
  1942          68      0.04645  0.04540  0.50   50213    2280   49073   542993  10.81
  1942          69      0.04977  0.04856  0.50   47933    2327   46769   493920  10.30
  1942          70      0.05420  0.05277  0.50   45606    2407   44402   447151   9.80
  1942          71      0.05936  0.05765  0.50   43199    2490   41954   402749   9.32
  1942          72      0.06455  0.06253  0.50   40709    2545   39436   360795   8.86
  1942          73      0.06958  0.06724  0.50   38163    2566   36880   321359   8.42
  1942          74      0.07447  0.07180  0.50   35597    2556   34319   284479   7.99
  1942          75      0.07970  0.07664  0.50   33041    2532   31775   250159   7.57
  1942          76      0.08591  0.08238  0.50   30509    2513   29252   218384   7.16
  1942          77      0.09443  0.09018  0.50   27996    2525   26733   189132   6.76
  1942          78      0.10499  0.09975  0.50   25471    2541   24201   162398   6.38
  1942          79      0.11683  0.11038  0.50   22930    2531   21665   138198   6.03
  1942          80      0.12253  0.11546  0.50   20399    2355   19222   116533   5.71
  1942          81      0.13350  0.12515  0.50   18044    2258   16915    97311   5.39
  1942          82      0.14614  0.13619  0.50   15786    2150   14711    80396   5.09
  1942          83      0.16031  0.14841  0.50   13636    2024   12624    65685   4.82
  1942          84      0.17359  0.15973  0.50   11612    1855   10685    53061   4.57
  1942          85      0.18484  0.16920  0.50    9758    1651    8932    42376   4.34
  1942          86      0.19687  0.17923  0.50    8107    1453    7380    33444   4.13
  1942          87      0.21124  0.19106  0.50    6654    1271    6018    26064   3.92
  1942          88      0.22794  0.20462  0.50    5382    1101    4832    20046   3.72
  1942          89      0.24568  0.21880  0.50    4281     937    3813    15214   3.55
  1942          90      0.26274  0.23224  0.50    3344     777    2956    11401   3.41
  1942          91      0.27415  0.24110  0.50    2568     619    2258     8445   3.29
  1942          92      0.27973  0.24540  0.50    1949     478    1709     6187   3.18
  1942          93      0.28216  0.24727  0.50    1470     364    1289     4478   3.05
  1942          94      0.28568  0.24997  0.50    1107     277     968     3189   2.88
  1942          95      0.33642  0.28798  0.50     830     239     711     2221   2.67
  1942          96      0.35525  0.30166  0.50     591     178     502     1510   2.55
  1942          97      0.37453  0.31546  0.50     413     130     348     1008   2.44
  1942          98      0.39423  0.32931  0.50     283      93     236      660   2.34
  1942          99      0.41427  0.34318  0.50     190      65     157      424   2.24
  1942         100      0.43460  0.35702  0.50     124      44     102      267   2.15
  1942         101      0.45515  0.37077  0.50      80      30      65      165   2.06
  1942         102      0.47586  0.38440  0.50      50      19      41      100   1.98
  1942         103      0.49664  0.39785  0.50      31      12      25       59   1.91
  1942         104      0.51745  0.41109  0.50      19       8      15       34   1.84
  1942         105      0.53819  0.42407  0.50      11       5       9       20   1.78
  1942         106      0.55880  0.43676  0.50       6       3       5       11   1.72
  1942         107      0.57920  0.44913  0.50       4       2       3        6   1.67
  1942         108      0.59935  0.46115  0.50       2       1       2        3   1.63
  1942         109      0.61916  0.47279  0.50       1       1       1        2   1.59
  1942         110+     0.63858  1.00000  1.57       1       1       1        1   1.57
  1943           0      0.05049  0.04851  0.19  100000    4851   96085  6196936  61.97
  1943           1      0.00496  0.00495  0.50   95149     471   94913  6100851  64.12
  1943           2      0.00263  0.00263  0.50   94678     249   94553  6005938  63.44
  1943           3      0.00189  0.00189  0.50   94429     178   94340  5911385  62.60
  1943           4      0.00147  0.00147  0.50   94251     139   94181  5817045  61.72
  1943           5      0.00130  0.00130  0.50   94112     122   94051  5722864  60.81
  1943           6      0.00123  0.00122  0.50   93989     115   93932  5628813  59.89
  1943           7      0.00115  0.00115  0.50   93874     108   93820  5534882  58.96
  1943           8      0.00110  0.00110  0.50   93766     103   93715  5441061  58.03
  1943           9      0.00108  0.00108  0.50   93663     101   93613  5347346  57.09
  1943          10      0.00098  0.00098  0.50   93562      92   93516  5253734  56.15
  1943          11      0.00098  0.00098  0.50   93471      92   93425  5160217  55.21
  1943          12      0.00102  0.00102  0.50   93379      96   93331  5066792  54.26
  1943          13      0.00112  0.00112  0.50   93283     104   93231  4973461  53.32
  1943          14      0.00125  0.00125  0.50   93179     117   93121  4880230  52.37
  1943          15      0.00146  0.00145  0.50   93063     135   92995  4787109  51.44
  1943          16      0.00168  0.00168  0.50   92927     156   92849  4694113  50.51
  1943          17      0.00190  0.00190  0.50   92771     177   92683  4601264  49.60
  1943          18      0.00243  0.00242  0.50   92595     225   92483  4508581  48.69
  1943          19      0.00290  0.00290  0.50   92370     267   92237  4416098  47.81
  1943          20      0.00323  0.00323  0.50   92103     297   91954  4323862  46.95
  1943          21      0.00343  0.00342  0.50   91806     314   91649  4231907  46.10
  1943          22      0.00355  0.00355  0.50   91491     324   91329  4140259  45.25
  1943          23      0.00357  0.00356  0.50   91167     325   91005  4048929  44.41
  1943          24      0.00345  0.00344  0.50   90843     313   90686  3957924  43.57
  1943          25      0.00323  0.00322  0.50   90530     292   90384  3867238  42.72
  1943          26      0.00306  0.00306  0.50   90238     276   90100  3776854  41.85
  1943          27      0.00296  0.00296  0.50   89962     266   89829  3686754  40.98
  1943          28      0.00293  0.00293  0.50   89696     263   89565  3596925  40.10
  1943          29      0.00298  0.00297  0.50   89433     266   89300  3507361  39.22
  1943          30      0.00312  0.00311  0.50   89167     277   89029  3418060  38.33
  1943          31      0.00328  0.00327  0.50   88890     291   88744  3329032  37.45
  1943          32      0.00347  0.00346  0.50   88599     307   88445  3240287  36.57
  1943          33      0.00367  0.00366  0.50   88292     324   88130  3151842  35.70
  1943          34      0.00389  0.00388  0.50   87969     341   87798  3063712  34.83
  1943          35      0.00409  0.00409  0.50   87627     358   87448  2975914  33.96
  1943          36      0.00433  0.00432  0.50   87269     377   87081  2888466  33.10
  1943          37      0.00459  0.00458  0.50   86892     398   86693  2801385  32.24
  1943          38      0.00490  0.00489  0.50   86494     423   86283  2714692  31.39
  1943          39      0.00525  0.00523  0.50   86071     450   85846  2628409  30.54
  1943          40      0.00564  0.00562  0.50   85621     482   85380  2542562  29.70
  1943          41      0.00606  0.00604  0.50   85139     514   84882  2457182  28.86
  1943          42      0.00652  0.00649  0.50   84625     550   84350  2372300  28.03
  1943          43      0.00702  0.00700  0.50   84076     589   83781  2287950  27.21
  1943          44      0.00760  0.00757  0.50   83487     632   83171  2204168  26.40
  1943          45      0.00820  0.00817  0.50   82855     677   82516  2120997  25.60
  1943          46      0.00887  0.00883  0.50   82178     726   81815  2038481  24.81
  1943          47      0.00962  0.00958  0.50   81452     780   81062  1956666  24.02
  1943          48      0.01046  0.01040  0.50   80672     839   80252  1875604  23.25
  1943          49      0.01139  0.01133  0.50   79833     904   79380  1795351  22.49
  1943          50      0.01256  0.01248  0.50   78928     985   78436  1715971  21.74
  1943          51      0.01383  0.01374  0.50   77943    1071   77408  1637535  21.01
  1943          52      0.01512  0.01501  0.50   76872    1154   76296  1560127  20.30
  1943          53      0.01636  0.01622  0.50   75719    1228   75105  1483831  19.60
  1943          54      0.01756  0.01741  0.50   74490    1297   73842  1408727  18.91
  1943          55      0.01890  0.01873  0.50   73194    1371   72508  1334885  18.24
  1943          56      0.02034  0.02013  0.50   71823    1446   71100  1262376  17.58
  1943          57      0.02192  0.02169  0.50   70377    1526   69614  1191276  16.93
  1943          58      0.02366  0.02338  0.50   68851    1610   68046  1121662  16.29
  1943          59      0.02554  0.02522  0.50   67241    1696   66393  1053617  15.67
  1943          60      0.02710  0.02674  0.50   65545    1753   64669   987224  15.06
  1943          61      0.02859  0.02818  0.50   63793    1798   62894   922554  14.46
  1943          62      0.03029  0.02983  0.50   61995    1850   61070   859661  13.87
  1943          63      0.03234  0.03183  0.50   60145    1914   59188   798591  13.28
  1943          64      0.03479  0.03419  0.50   58231    1991   57235   739403  12.70
  1943          65      0.03757  0.03688  0.50   56240    2074   55203   682167  12.13
  1943          66      0.04058  0.03977  0.50   54166    2154   53089   626965  11.57
  1943          67      0.04370  0.04277  0.50   52011    2224   50899   573876  11.03
  1943          68      0.04699  0.04591  0.50   49787    2286   48644   522977  10.50
  1943          69      0.05059  0.04934  0.50   47501    2344   46329   474333   9.99
  1943          70      0.05534  0.05385  0.50   45158    2432   43942   428003   9.48
  1943          71      0.06113  0.05932  0.50   42726    2534   41459   384062   8.99
  1943          72      0.06729  0.06510  0.50   40191    2616   38883   342603   8.52
  1943          73      0.07347  0.07087  0.50   37575    2663   36244   303720   8.08
  1943          74      0.07934  0.07631  0.50   34912    2664   33580   267476   7.66
  1943          75      0.08509  0.08162  0.50   32248    2632   30932   233896   7.25
  1943          76      0.09107  0.08710  0.50   29616    2580   28326   202964   6.85
  1943          77      0.09883  0.09417  0.50   27036    2546   25763   174638   6.46
  1943          78      0.10980  0.10408  0.50   24490    2549   23216   148874   6.08
  1943          79      0.12322  0.11607  0.50   21941    2547   20668   125659   5.73
  1943          80      0.13141  0.12331  0.50   19395    2392   18199   104991   5.41
  1943          81      0.14268  0.13318  0.50   17003    2265   15871    86792   5.10
  1943          82      0.15441  0.14335  0.50   14739    2113   13682    70921   4.81
  1943          83      0.16809  0.15505  0.50   12626    1958   11647    57239   4.53
  1943          84      0.18329  0.16790  0.50   10668    1791    9773    45592   4.27
  1943          85      0.19748  0.17973  0.50    8877    1595    8079    35819   4.04
  1943          86      0.21232  0.19195  0.50    7282    1398    6583    27740   3.81
  1943          87      0.22961  0.20597  0.50    5884    1212    5278    21157   3.60
  1943          88      0.24988  0.22213  0.50    4672    1038    4153    15879   3.40
  1943          89      0.27236  0.23972  0.50    3634     871    3199    11726   3.23
  1943          90      0.29414  0.25643  0.50    2763     709    2409     8528   3.09
  1943          91      0.31116  0.26926  0.50    2055     553    1778     6119   2.98
  1943          92      0.31804  0.27440  0.50    1501     412    1295     4341   2.89
  1943          93      0.31578  0.27272  0.50    1089     297     941     3046   2.80
  1943          94      0.31298  0.27063  0.50     792     214     685     2105   2.66
  1943          95      0.36983  0.31211  0.50     578     180     488     1420   2.46
  1943          96      0.39073  0.32687  0.50     397     130     333      932   2.34
  1943          97      0.41204  0.34165  0.50     268      91     222      599   2.24
  1943          98      0.43369  0.35640  0.50     176      63     145      378   2.14
  1943          99      0.45559  0.37106  0.50     113      42      92      233   2.05
  1943         100      0.47767  0.38558  0.50      71      27      58      141   1.97
  1943         101      0.49983  0.39989  0.50      44      18      35       83   1.89
  1943         102      0.52199  0.41395  0.50      26      11      21       48   1.82
  1943         103      0.54407  0.42772  0.50      15       7      12       27   1.76
  1943         104      0.56598  0.44114  0.50       9       4       7       15   1.70
  1943         105      0.58763  0.45418  0.50       5       2       4        8   1.64
  1943         106      0.60894  0.46681  0.50       3       1       2        4   1.59
  1943         107      0.62985  0.47900  0.50       1       1       1        2   1.54
  1943         108      0.65029  0.49073  0.50       1       0       1        1   1.50
  1943         109      0.67018  0.50198  0.50       0       0       0        1   1.47
  1943         110+     0.68949  1.00000  1.45       0       0       0        0   1.45
  1944           0      0.04893  0.04706  0.19  100000    4706   96178  6250978  62.51
  1944           1      0.00432  0.00431  0.50   95294     411   95089  6154800  64.59
  1944           2      0.00238  0.00238  0.50   94883     225   94771  6059711  63.86
  1944           3      0.00175  0.00175  0.50   94658     166   94575  5964940  63.02
  1944           4      0.00137  0.00137  0.50   94492     130   94427  5870365  62.13
  1944           5      0.00124  0.00124  0.50   94363     117   94304  5775938  61.21
  1944           6      0.00119  0.00118  0.50   94245     112   94190  5681634  60.29
  1944           7      0.00115  0.00115  0.50   94134     108   94080  5587444  59.36
  1944           8      0.00111  0.00111  0.50   94025     105   93973  5493364  58.42
  1944           9      0.00108  0.00108  0.50   93921     101   93870  5399391  57.49
  1944          10      0.00103  0.00103  0.50   93819      96   93771  5305521  56.55
  1944          11      0.00100  0.00100  0.50   93723      94   93676  5211750  55.61
  1944          12      0.00103  0.00103  0.50   93629      97   93581  5118074  54.66
  1944          13      0.00111  0.00111  0.50   93533     104   93481  5024493  53.72
  1944          14      0.00123  0.00123  0.50   93429     115   93371  4931012  52.78
  1944          15      0.00141  0.00141  0.50   93314     131   93248  4837641  51.84
  1944          16      0.00161  0.00161  0.50   93182     150   93107  4744393  50.92
  1944          17      0.00181  0.00181  0.50   93033     168   92948  4651285  50.00
  1944          18      0.00258  0.00258  0.50   92864     239   92744  4558337  49.09
  1944          19      0.00328  0.00327  0.50   92625     303   92473  4465592  48.21
  1944          20      0.00367  0.00366  0.50   92321     338   92152  4373119  47.37
  1944          21      0.00377  0.00376  0.50   91983     346   91810  4280967  46.54
  1944          22      0.00376  0.00375  0.50   91637     344   91465  4189157  45.71
  1944          23      0.00368  0.00368  0.50   91293     336   91125  4097692  44.89
  1944          24      0.00350  0.00349  0.50   90957     318   90799  4006566  44.05
  1944          25      0.00320  0.00319  0.50   90640     290   90495  3915768  43.20
  1944          26      0.00302  0.00301  0.50   90350     272   90214  3825273  42.34
  1944          27      0.00292  0.00292  0.50   90078     263   89947  3735059  41.46
  1944          28      0.00289  0.00289  0.50   89815     259   89686  3645112  40.58
  1944          29      0.00294  0.00293  0.50   89556     263   89425  3555427  39.70
  1944          30      0.00308  0.00307  0.50   89293     275   89156  3466002  38.82
  1944          31      0.00323  0.00323  0.50   89019     287   88875  3376846  37.93
  1944          32      0.00340  0.00339  0.50   88732     301   88581  3287971  37.06
  1944          33      0.00359  0.00358  0.50   88431     317   88272  3199390  36.18
  1944          34      0.00379  0.00378  0.50   88114     333   87947  3111118  35.31
  1944          35      0.00398  0.00397  0.50   87781     348   87606  3023171  34.44
  1944          36      0.00419  0.00418  0.50   87432     366   87249  2935564  33.58
  1944          37      0.00444  0.00443  0.50   87066     386   86874  2848315  32.71
  1944          38      0.00472  0.00471  0.50   86681     409   86477  2761441  31.86
  1944          39      0.00506  0.00505  0.50   86272     435   86055  2674965  31.01
  1944          40      0.00545  0.00544  0.50   85837     467   85604  2588910  30.16
  1944          41      0.00586  0.00584  0.50   85371     499   85121  2503306  29.32
  1944          42      0.00628  0.00626  0.50   84872     532   84606  2418185  28.49
  1944          43      0.00674  0.00672  0.50   84340     566   84057  2333579  27.67
  1944          44      0.00724  0.00722  0.50   83774     605   83471  2249522  26.85
  1944          45      0.00779  0.00776  0.50   83169     645   82846  2166050  26.04
  1944          46      0.00843  0.00840  0.50   82524     693   82177  2083204  25.24
  1944          47      0.00915  0.00911  0.50   81831     746   81458  2001026  24.45
  1944          48      0.00996  0.00991  0.50   81085     804   80684  1919568  23.67
  1944          49      0.01086  0.01080  0.50   80282     867   79848  1838885  22.91
  1944          50      0.01195  0.01188  0.50   79414     944   78943  1759036  22.15
  1944          51      0.01318  0.01309  0.50   78471    1027   77957  1680094  21.41
  1944          52      0.01446  0.01435  0.50   77444    1111   76888  1602137  20.69
  1944          53      0.01576  0.01564  0.50   76332    1194   75735  1525249  19.98
  1944          54      0.01706  0.01691  0.50   75138    1271   74503  1449514  19.29
  1944          55      0.01841  0.01824  0.50   73868    1348   73194  1375011  18.61
  1944          56      0.01981  0.01962  0.50   72520    1423   71809  1301817  17.95
  1944          57      0.02135  0.02113  0.50   71097    1502   70346  1230008  17.30
  1944          58      0.02303  0.02277  0.50   69595    1585   68803  1159662  16.66
  1944          59      0.02486  0.02455  0.50   68010    1670   67176  1090859  16.04
  1944          60      0.02646  0.02611  0.50   66341    1732   65475  1023684  15.43
  1944          61      0.02791  0.02753  0.50   64608    1779   63719   958209  14.83
  1944          62      0.02946  0.02904  0.50   62830    1824   61918   894490  14.24
  1944          63      0.03123  0.03075  0.50   61006    1876   60068   832572  13.65
  1944          64      0.03335  0.03281  0.50   59129    1940   58160   772505  13.06
  1944          65      0.03591  0.03528  0.50   57190    2017   56181   714345  12.49
  1944          66      0.03885  0.03811  0.50   55172    2103   54121   658164  11.93
  1944          67      0.04192  0.04106  0.50   53070    2179   51980   604043  11.38
  1944          68      0.04508  0.04408  0.50   50891    2243   49769   552063  10.85
  1944          69      0.04840  0.04725  0.50   48647    2299   47498   502294  10.33
  1944          70      0.05259  0.05125  0.50   46348    2375   45161   454796   9.81
  1944          71      0.05788  0.05625  0.50   43973    2474   42736   409635   9.32
  1944          72      0.06370  0.06173  0.50   41500    2562   40219   366899   8.84
  1944          73      0.07002  0.06765  0.50   38938    2634   37621   326680   8.39
  1944          74      0.07651  0.07369  0.50   36304    2675   34966   289060   7.96
  1944          75      0.08282  0.07953  0.50   33628    2674   32291   254094   7.56
  1944          76      0.08849  0.08474  0.50   30954    2623   29642   221803   7.17
  1944          77      0.09487  0.09057  0.50   28331    2566   27048   192160   6.78
  1944          78      0.10298  0.09794  0.50   25765    2523   24503   165112   6.41
  1944          79      0.11452  0.10832  0.50   23241    2518   21983   140609   6.05
  1944          80      0.12446  0.11716  0.50   20724    2428   19510   118626   5.72
  1944          81      0.13499  0.12645  0.50   18296    2314   17139    99116   5.42
  1944          82      0.14457  0.13483  0.50   15982    2155   14905    81977   5.13
  1944          83      0.15451  0.14343  0.50   13827    1983   12836    67073   4.85
  1944          84      0.16647  0.15368  0.50   11844    1820   10934    54237   4.58
  1944          85      0.18056  0.16561  0.50   10024    1660    9194    43303   4.32
  1944          86      0.19562  0.17819  0.50    8364    1490    7619    34109   4.08
  1944          87      0.21201  0.19169  0.50    6873    1318    6215    26490   3.85
  1944          88      0.23035  0.20656  0.50    5556    1148    4982    20275   3.65
  1944          89      0.25029  0.22245  0.50    4408     981    3918    15293   3.47
  1944          90      0.27001  0.23789  0.50    3428     815    3020    11375   3.32
  1944          91      0.28660  0.25067  0.50    2612     655    2285     8355   3.20
  1944          92      0.29629  0.25806  0.50    1957     505    1705     6070   3.10
  1944          93      0.29361  0.25602  0.50    1452     372    1266     4366   3.01
  1944          94      0.28639  0.25051  0.50    1080     271     945     3099   2.87
  1944          95      0.33819  0.28928  0.50     810     234     693     2154   2.66
  1944          96      0.35733  0.30316  0.50     576     174     488     1461   2.54
  1944          97      0.37693  0.31715  0.50     401     127     337      973   2.43
  1944          98      0.39694  0.33120  0.50     274      91     229      636   2.32
  1944          99      0.41730  0.34526  0.50     183      63     152      407   2.22
  1944         100      0.43795  0.35927  0.50     120      43      98      256   2.13
  1944         101      0.45881  0.37320  0.50      77      29      62      157   2.05
  1944         102      0.47982  0.38698  0.50      48      19      39       95   1.97
  1944         103      0.50090  0.40058  0.50      30      12      24       56   1.90
  1944         104      0.52198  0.41394  0.50      18       7      14       32   1.83
  1944         105      0.54298  0.42704  0.50      10       4       8       18   1.77
  1944         106      0.56383  0.43983  0.50       6       3       5       10   1.71
  1944         107      0.58445  0.45228  0.50       3       2       3        6   1.66
  1944         108      0.60479  0.46437  0.50       2       1       1        3   1.61
  1944         109      0.62476  0.47605  0.50       1       0       1        2   1.58
  1944         110+     0.64433  1.00000  1.55       1       1       1        1   1.55
  1945           0      0.04725  0.04549  0.18  100000    4549   96280  6297126  62.97
  1945           1      0.00378  0.00377  0.50   95451     360   95271  6200846  64.96
  1945           2      0.00204  0.00204  0.50   95091     194   94994  6105575  64.21
  1945           3      0.00161  0.00161  0.50   94897     152   94821  6010581  63.34
  1945           4      0.00137  0.00137  0.50   94745     130   94680  5915760  62.44
  1945           5      0.00127  0.00126  0.50   94615     120   94555  5821081  61.52
  1945           6      0.00114  0.00114  0.50   94495     108   94441  5726526  60.60
  1945           7      0.00104  0.00104  0.50   94387      98   94338  5632085  59.67
  1945           8      0.00099  0.00099  0.50   94289      93   94243  5537747  58.73
  1945           9      0.00095  0.00095  0.50   94196      89   94151  5443504  57.79
  1945          10      0.00090  0.00090  0.50   94107      85   94064  5349353  56.84
  1945          11      0.00095  0.00095  0.50   94022      89   93977  5255289  55.89
  1945          12      0.00099  0.00099  0.50   93932      93   93886  5161311  54.95
  1945          13      0.00109  0.00109  0.50   93839     102   93788  5067426  54.00
  1945          14      0.00122  0.00122  0.50   93737     114   93680  4973637  53.06
  1945          15      0.00140  0.00140  0.50   93623     131   93558  4879957  52.12
  1945          16      0.00158  0.00158  0.50   93492     147   93419  4786399  51.20
  1945          17      0.00174  0.00174  0.50   93345     163   93264  4692981  50.28
  1945          18      0.00258  0.00258  0.50   93182     240   93062  4599717  49.36
  1945          19      0.00307  0.00307  0.50   92942     285   92799  4506655  48.49
  1945          20      0.00324  0.00324  0.50   92657     300   92507  4413856  47.64
  1945          21      0.00324  0.00324  0.50   92357     299   92207  4321349  46.79
  1945          22      0.00318  0.00317  0.50   92058     292   91912  4229142  45.94
  1945          23      0.00309  0.00308  0.50   91766     283   91624  4137230  45.08
  1945          24      0.00300  0.00300  0.50   91483     274   91345  4045606  44.22
  1945          25      0.00289  0.00289  0.50   91208     263   91077  3954260  43.35
  1945          26      0.00284  0.00284  0.50   90945     258   90816  3863184  42.48
  1945          27      0.00285  0.00285  0.50   90687     258   90558  3772368  41.60
  1945          28      0.00289  0.00289  0.50   90428     261   90298  3681811  40.72
  1945          29      0.00295  0.00295  0.50   90167     266   90034  3591513  39.83
  1945          30      0.00306  0.00305  0.50   89902     274   89764  3501478  38.95
  1945          31      0.00317  0.00316  0.50   89627     283   89486  3411714  38.07
  1945          32      0.00331  0.00331  0.50   89344     295   89196  3322228  37.18
  1945          33      0.00349  0.00348  0.50   89049     310   88893  3233032  36.31
  1945          34      0.00371  0.00370  0.50   88738     328   88574  3144139  35.43
  1945          35      0.00392  0.00392  0.50   88410     346   88237  3055565  34.56
  1945          36      0.00417  0.00416  0.50   88064     366   87881  2967328  33.70
  1945          37      0.00443  0.00442  0.50   87698     387   87504  2879447  32.83
  1945          38      0.00471  0.00470  0.50   87310     410   87105  2791943  31.98
  1945          39      0.00503  0.00501  0.50   86900     436   86682  2704838  31.13
  1945          40      0.00541  0.00539  0.50   86464     466   86231  2618156  30.28
  1945          41      0.00582  0.00580  0.50   85998     499   85749  2531924  29.44
  1945          42      0.00625  0.00623  0.50   85500     533   85233  2446175  28.61
  1945          43      0.00672  0.00670  0.50   84967     569   84682  2360942  27.79
  1945          44      0.00723  0.00720  0.50   84398     608   84094  2276260  26.97
  1945          45      0.00778  0.00774  0.50   83790     649   83465  2192166  26.16
  1945          46      0.00843  0.00839  0.50   83141     698   82792  2108701  25.36
  1945          47      0.00916  0.00912  0.50   82443     752   82067  2025909  24.57
  1945          48      0.00997  0.00992  0.50   81691     810   81286  1943841  23.80
  1945          49      0.01084  0.01078  0.50   80881     872   80445  1862555  23.03
  1945          50      0.01186  0.01179  0.50   80009     943   79537  1782111  22.27
  1945          51      0.01302  0.01293  0.50   79065    1022   78554  1702574  21.53
  1945          52      0.01426  0.01416  0.50   78043    1105   77490  1624020  20.81
  1945          53      0.01560  0.01548  0.50   76938    1191   76342  1546530  20.10
  1945          54      0.01702  0.01688  0.50   75747    1278   75107  1470187  19.41
  1945          55      0.01848  0.01831  0.50   74468    1364   73786  1395080  18.73
  1945          56      0.01989  0.01970  0.50   73105    1440   72385  1321293  18.07
  1945          57      0.02140  0.02118  0.50   71665    1518   70906  1248909  17.43
  1945          58      0.02304  0.02278  0.50   70147    1598   69348  1178003  16.79
  1945          59      0.02480  0.02450  0.50   68549    1679   67710  1108655  16.17
  1945          60      0.02642  0.02607  0.50   66870    1743   65998  1040945  15.57
  1945          61      0.02790  0.02751  0.50   65127    1792   64231   974947  14.97
  1945          62      0.02944  0.02901  0.50   63335    1837   62416   910716  14.38
  1945          63      0.03110  0.03063  0.50   61497    1884   60556   848300  13.79
  1945          64      0.03301  0.03248  0.50   59614    1936   58646   787744  13.21
  1945          65      0.03538  0.03477  0.50   57678    2005   56675   729099  12.64
  1945          66      0.03827  0.03755  0.50   55672    2091   54627   672423  12.08
  1945          67      0.04135  0.04051  0.50   53582    2171   52497   617796  11.53
  1945          68      0.04450  0.04353  0.50   51411    2238   50292   565300  11.00
  1945          69      0.04767  0.04656  0.50   49173    2290   48028   515008  10.47
  1945          70      0.05135  0.05006  0.50   46884    2347   45710   466979   9.96
  1945          71      0.05607  0.05454  0.50   44536    2429   43322   421269   9.46
  1945          72      0.06156  0.05972  0.50   42107    2515   40850   377947   8.98
  1945          73      0.06785  0.06563  0.50   39593    2598   38294   337097   8.51
  1945          74      0.07500  0.07229  0.50   36994    2674   35657   298804   8.08
  1945          75      0.08254  0.07927  0.50   34320    2720   32960   263146   7.67
  1945          76      0.08872  0.08495  0.50   31600    2684   30257   230187   7.28
  1945          77      0.09498  0.09067  0.50   28915    2622   27604   199929   6.91
  1945          78      0.10136  0.09647  0.50   26293    2536   25025   172325   6.55
  1945          79      0.10904  0.10340  0.50   23757    2456   22529   147300   6.20
  1945          80      0.11950  0.11276  0.50   21300    2402   20100   124771   5.86
  1945          81      0.13046  0.12247  0.50   18899    2315   17741   104671   5.54
  1945          82      0.14013  0.13095  0.50   16584    2172   15498    86930   5.24
  1945          83      0.14910  0.13876  0.50   14412    2000   13412    71432   4.96
  1945          84      0.15923  0.14749  0.50   12412    1831   11497    58019   4.67
  1945          85      0.17321  0.15940  0.50   10582    1687    9738    46522   4.40
  1945          86      0.19145  0.17473  0.50    8895    1554    8118    36784   4.14
  1945          87      0.21110  0.19094  0.50    7341    1402    6640    28666   3.91
  1945          88      0.23085  0.20696  0.50    5939    1229    5325    22026   3.71
  1945          89      0.24937  0.22172  0.50    4710    1044    4188    16702   3.55
  1945          90      0.26405  0.23325  0.50    3666     855    3238    12514   3.41
  1945          91      0.27578  0.24236  0.50    2811     681    2470     9276   3.30
  1945          92      0.28217  0.24728  0.50    2129     527    1866     6806   3.20
  1945          93      0.28022  0.24579  0.50    1603     394    1406     4939   3.08
  1945          94      0.27216  0.23956  0.50    1209     290    1064     3533   2.92
  1945          95      0.33368  0.28597  0.50     919     263     788     2469   2.69
  1945          96      0.35304  0.30007  0.50     656     197     558     1682   2.56
  1945          97      0.37290  0.31430  0.50     459     144     387     1124   2.45
  1945          98      0.39320  0.32860  0.50     315     104     263      736   2.34
  1945          99      0.41387  0.34291  0.50     212      73     175      473   2.24
  1945         100      0.43485  0.35719  0.50     139      50     114      298   2.14
  1945         101      0.45606  0.37138  0.50      89      33      73      184   2.06
  1945         102      0.47744  0.38543  0.50      56      22      45      111   1.98
  1945         103      0.49890  0.39930  0.50      35      14      28       66   1.90
  1945         104      0.52036  0.41293  0.50      21       9      16       38   1.83
  1945         105      0.54175  0.42628  0.50      12       5      10       22   1.77
  1945         106      0.56299  0.43932  0.50       7       3       5       12   1.71
  1945         107      0.58400  0.45201  0.50       4       2       3        6   1.66
  1945         108      0.60470  0.46432  0.50       2       1       2        3   1.61
  1945         109      0.62504  0.47621  0.50       1       1       1        2   1.57
  1945         110+     0.64495  1.00000  1.55       1       1       1        1   1.55
  1946           0      0.04917  0.04728  0.19  100000    4728   96164  6359431  63.59
  1946           1      0.00343  0.00342  0.50   95272     326   95109  6263267  65.74
  1946           2      0.00191  0.00190  0.50   94946     181   94855  6168158  64.97
  1946           3      0.00144  0.00144  0.50   94765     136   94697  6073303  64.09
  1946           4      0.00121  0.00121  0.50   94629     114   94571  5978606  63.18
  1946           5      0.00112  0.00112  0.50   94514     106   94461  5884035  62.26
  1946           6      0.00106  0.00106  0.50   94408     100   94359  5789573  61.32
  1946           7      0.00098  0.00098  0.50   94309      92   94263  5695215  60.39
  1946           8      0.00092  0.00092  0.50   94216      87   94173  5600952  59.45
  1946           9      0.00090  0.00090  0.50   94130      85   94087  5506779  58.50
  1946          10      0.00085  0.00085  0.50   94045      80   94005  5412692  57.55
  1946          11      0.00086  0.00086  0.50   93965      81   93924  5318687  56.60
  1946          12      0.00093  0.00093  0.50   93884      88   93840  5224763  55.65
  1946          13      0.00099  0.00099  0.50   93796      93   93750  5130923  54.70
  1946          14      0.00109  0.00109  0.50   93703     102   93652  5037173  53.76
  1946          15      0.00123  0.00123  0.50   93601     115   93543  4943521  52.81
  1946          16      0.00140  0.00140  0.50   93486     131   93420  4849978  51.88
  1946          17      0.00158  0.00158  0.50   93355     148   93281  4756557  50.95
  1946          18      0.00232  0.00232  0.50   93207     216   93099  4663277  50.03
  1946          19      0.00255  0.00255  0.50   92991     237   92872  4570178  49.15
  1946          20      0.00271  0.00270  0.50   92754     251   92629  4477305  48.27
  1946          21      0.00278  0.00278  0.50   92503     257   92375  4384676  47.40
  1946          22      0.00279  0.00278  0.50   92246     257   92118  4292302  46.53
  1946          23      0.00273  0.00272  0.50   91989     251   91864  4200184  45.66
  1946          24      0.00263  0.00263  0.50   91739     241   91618  4108320  44.78
  1946          25      0.00254  0.00254  0.50   91497     232   91381  4016702  43.90
  1946          26      0.00250  0.00250  0.50   91265     228   91151  3925320  43.01
  1946          27      0.00251  0.00250  0.50   91037     228   90923  3834169  42.12
  1946          28      0.00256  0.00256  0.50   90809     232   90693  3743246  41.22
  1946          29      0.00264  0.00264  0.50   90577     239   90458  3652552  40.33
  1946          30      0.00276  0.00275  0.50   90338     249   90214  3562095  39.43
  1946          31      0.00287  0.00286  0.50   90089     258   89961  3471881  38.54
  1946          32      0.00301  0.00300  0.50   89832     270   89697  3381920  37.65
  1946          33      0.00318  0.00318  0.50   89562     285   89419  3292224  36.76
  1946          34      0.00339  0.00339  0.50   89277     302   89126  3202804  35.87
  1946          35      0.00361  0.00361  0.50   88975     321   88814  3113678  35.00
  1946          36      0.00385  0.00385  0.50   88654     341   88483  3024864  34.12
  1946          37      0.00410  0.00409  0.50   88313     361   88132  2936381  33.25
  1946          38      0.00436  0.00435  0.50   87951     382   87760  2848249  32.38
  1946          39      0.00463  0.00462  0.50   87569     404   87367  2760489  31.52
  1946          40      0.00495  0.00494  0.50   87165     430   86950  2673122  30.67
  1946          41      0.00534  0.00532  0.50   86735     462   86504  2586172  29.82
  1946          42      0.00577  0.00575  0.50   86273     496   86025  2499668  28.97
  1946          43      0.00625  0.00623  0.50   85777     534   85510  2413643  28.14
  1946          44      0.00677  0.00675  0.50   85243     575   84955  2328133  27.31
  1946          45      0.00734  0.00731  0.50   84667     619   84358  2243178  26.49
  1946          46      0.00800  0.00797  0.50   84048     670   83713  2158820  25.69
  1946          47      0.00877  0.00873  0.50   83378     728   83014  2075107  24.89
  1946          48      0.00963  0.00959  0.50   82650     792   82254  1992093  24.10
  1946          49      0.01058  0.01052  0.50   81858     861   81427  1909839  23.33
  1946          50      0.01165  0.01158  0.50   80996     938   80527  1828412  22.57
  1946          51      0.01278  0.01270  0.50   80059    1017   79550  1747885  21.83
  1946          52      0.01396  0.01387  0.50   79042    1096   78494  1668335  21.11
  1946          53      0.01521  0.01509  0.50   77946    1177   77357  1589841  20.40
  1946          54      0.01652  0.01638  0.50   76769    1258   76140  1512484  19.70
  1946          55      0.01785  0.01769  0.50   75511    1336   74843  1436344  19.02
  1946          56      0.01911  0.01893  0.50   74176    1404   73473  1361500  18.36
  1946          57      0.02049  0.02028  0.50   72771    1476   72033  1288027  17.70
  1946          58      0.02203  0.02179  0.50   71295    1554   70518  1215993  17.06
  1946          59      0.02378  0.02350  0.50   69742    1639   68922  1145475  16.42
  1946          60      0.02555  0.02523  0.50   68102    1718   67243  1076553  15.81
  1946          61      0.02722  0.02685  0.50   66384    1782   65493  1009310  15.20
  1946          62      0.02888  0.02847  0.50   64602    1839   63682   943817  14.61
  1946          63      0.03054  0.03008  0.50   62762    1888   61818   880135  14.02
  1946          64      0.03227  0.03176  0.50   60874    1933   59908   818316  13.44
  1946          65      0.03431  0.03373  0.50   58941    1988   57947   758409  12.87
  1946          66      0.03694  0.03627  0.50   56953    2066   55920   700462  12.30
  1946          67      0.03985  0.03907  0.50   54887    2145   53815   644542  11.74
  1946          68      0.04301  0.04211  0.50   52742    2221   51632   590727  11.20
  1946          69      0.04629  0.04524  0.50   50522    2286   49379   539095  10.67
  1946          70      0.04988  0.04867  0.50   48236    2348   47062   489716  10.15
  1946          71      0.05415  0.05272  0.50   45888    2419   44679   442654   9.65
  1946          72      0.05924  0.05754  0.50   43469    2501   42219   397975   9.16
  1946          73      0.06532  0.06325  0.50   40968    2591   39672   355757   8.68
  1946          74      0.07243  0.06990  0.50   38377    2683   37035   316084   8.24
  1946          75      0.08034  0.07724  0.50   35694    2757   34316   279049   7.82
  1946          76      0.08685  0.08324  0.50   32937    2742   31566   244733   7.43
  1946          77      0.09313  0.08898  0.50   30196    2687   28852   213167   7.06
  1946          78      0.09901  0.09434  0.50   27509    2595   26211   184315   6.70
  1946          79      0.10438  0.09920  0.50   24913    2472   23678   158104   6.35
  1946          80      0.11315  0.10709  0.50   22442    2403   21240   134426   5.99
  1946          81      0.12380  0.11658  0.50   20039    2336   18871   113186   5.65
  1946          82      0.13533  0.12675  0.50   17703    2244   16581    94315   5.33
  1946          83      0.14563  0.13574  0.50   15459    2098   14409    77734   5.03
  1946          84      0.15557  0.14434  0.50   13360    1928   12396    63325   4.74
  1946          85      0.16756  0.15461  0.50   11432    1767   10548    50929   4.45
  1946          86      0.18406  0.16855  0.50    9664    1629    8850    40381   4.18
  1946          87      0.20562  0.18645  0.50    8035    1498    7286    31531   3.92
  1946          88      0.22783  0.20453  0.50    6537    1337    5869    24244   3.71
  1946          89      0.24731  0.22010  0.50    5200    1145    4628    18376   3.53
  1946          90      0.26157  0.23132  0.50    4056     938    3587    13748   3.39
  1946          91      0.27316  0.24034  0.50    3117     749    2743    10161   3.26
  1946          92      0.28317  0.24805  0.50    2368     587    2075     7418   3.13
  1946          93      0.28871  0.25229  0.50    1781     449    1556     5344   3.00
  1946          94      0.29220  0.25495  0.50    1332     339    1162     3788   2.84
  1946          95      0.33759  0.28883  0.50     992     287     849     2626   2.65
  1946          96      0.35820  0.30379  0.50     706     214     598     1777   2.52
  1946          97      0.37936  0.31887  0.50     491     157     413     1179   2.40
  1946          98      0.40098  0.33401  0.50     335     112     279      766   2.29
  1946          99      0.42299  0.34915  0.50     223      78     184      487   2.19
  1946         100      0.44532  0.36422  0.50     145      53     119      303   2.09
  1946         101      0.46787  0.37917  0.50      92      35      75      185   2.00
  1946         102      0.49055  0.39393  0.50      57      23      46      110   1.92
  1946         103      0.51327  0.40845  0.50      35      14      28       64   1.85
  1946         104      0.53593  0.42267  0.50      21       9      16       37   1.78
  1946         105      0.55845  0.43655  0.50      12       5       9       20   1.72
  1946         106      0.58073  0.45005  0.50       7       3       5       11   1.66
  1946         107      0.60268  0.46312  0.50       4       2       3        6   1.61
  1946         108      0.62423  0.47574  0.50       2       1       2        3   1.56
  1946         109      0.64530  0.48788  0.50       1       1       1        2   1.53
  1946         110+     0.66582  1.00000  1.50       1       1       1        1   1.50
  1947           0      0.04059  0.03925  0.16  100000    3925   96705  6432478  64.32
  1947           1      0.00297  0.00297  0.50   96075     285   95932  6335773  65.95
  1947           2      0.00178  0.00178  0.50   95789     170   95704  6239841  65.14
  1947           3      0.00131  0.00131  0.50   95619     125   95556  6144136  64.26
  1947           4      0.00101  0.00101  0.50   95494      96   95445  6048580  63.34
  1947           5      0.00098  0.00098  0.50   95397      93   95350  5953135  62.40
  1947           6      0.00092  0.00092  0.50   95304      87   95260  5857784  61.46
  1947           7      0.00085  0.00085  0.50   95216      81   95176  5762524  60.52
  1947           8      0.00078  0.00078  0.50   95136      74   95099  5667348  59.57
  1947           9      0.00073  0.00073  0.50   95062      70   95027  5572249  58.62
  1947          10      0.00070  0.00070  0.50   94992      67   94959  5477223  57.66
  1947          11      0.00072  0.00072  0.50   94925      68   94891  5382264  56.70
  1947          12      0.00077  0.00077  0.50   94857      73   94821  5287372  55.74
  1947          13      0.00089  0.00089  0.50   94784      84   94742  5192552  54.78
  1947          14      0.00100  0.00100  0.50   94700      95   94652  5097810  53.83
  1947          15      0.00116  0.00116  0.50   94605     110   94550  5003157  52.88
  1947          16      0.00133  0.00133  0.50   94495     125   94432  4908607  51.95
  1947          17      0.00151  0.00150  0.50   94369     142   94299  4814175  51.01
  1947          18      0.00199  0.00199  0.50   94228     187   94134  4719877  50.09
  1947          19      0.00211  0.00210  0.50   94040     198   93942  4625743  49.19
  1947          20      0.00223  0.00223  0.50   93843     209   93738  4531801  48.29
  1947          21      0.00230  0.00230  0.50   93633     215   93526  4438063  47.40
  1947          22      0.00232  0.00232  0.50   93418     216   93310  4344537  46.51
  1947          23      0.00230  0.00230  0.50   93202     214   93095  4251227  45.61
  1947          24      0.00224  0.00224  0.50   92988     208   92884  4158132  44.72
  1947          25      0.00218  0.00218  0.50   92779     202   92678  4065249  43.82
  1947          26      0.00218  0.00217  0.50   92577     201   92477  3972571  42.91
  1947          27      0.00220  0.00220  0.50   92376     203   92275  3880094  42.00
  1947          28      0.00225  0.00225  0.50   92173     207   92069  3787819  41.09
  1947          29      0.00234  0.00233  0.50   91966     215   91858  3695750  40.19
  1947          30      0.00244  0.00244  0.50   91751     224   91639  3603891  39.28
  1947          31      0.00253  0.00253  0.50   91527     232   91412  3512252  38.37
  1947          32      0.00266  0.00265  0.50   91296     242   91175  3420840  37.47
  1947          33      0.00282  0.00282  0.50   91054     257   90925  3329665  36.57
  1947          34      0.00302  0.00302  0.50   90797     274   90660  3238740  35.67
  1947          35      0.00325  0.00325  0.50   90523     294   90376  3148080  34.78
  1947          36      0.00352  0.00352  0.50   90229     317   90070  3057705  33.89
  1947          37      0.00382  0.00382  0.50   89911     343   89740  2967634  33.01
  1947          38      0.00415  0.00414  0.50   89568     371   89383  2877895  32.13
  1947          39      0.00449  0.00448  0.50   89198     400   88998  2788512  31.26
  1947          40      0.00489  0.00488  0.50   88798     433   88581  2699514  30.40
  1947          41      0.00535  0.00533  0.50   88365     471   88129  2610932  29.55
  1947          42      0.00583  0.00581  0.50   87894     511   87638  2522803  28.70
  1947          43      0.00633  0.00631  0.50   87383     552   87107  2435165  27.87
  1947          44      0.00685  0.00682  0.50   86831     592   86535  2348058  27.04
  1947          45      0.00738  0.00735  0.50   86239     634   85922  2261523  26.22
  1947          46      0.00800  0.00797  0.50   85605     683   85263  2175602  25.41
  1947          47      0.00874  0.00870  0.50   84922     739   84553  2090338  24.61
  1947          48      0.00961  0.00957  0.50   84183     805   83781  2005786  23.83
  1947          49      0.01061  0.01056  0.50   83378     880   82938  1922005  23.05
  1947          50      0.01175  0.01168  0.50   82497     963   82016  1839067  22.29
  1947          51      0.01293  0.01285  0.50   81534    1048   81010  1757052  21.55
  1947          52      0.01415  0.01405  0.50   80487    1131   79921  1676041  20.82
  1947          53      0.01543  0.01531  0.50   79356    1215   78749  1596120  20.11
  1947          54      0.01681  0.01667  0.50   78141    1302   77490  1517371  19.42
  1947          55      0.01825  0.01808  0.50   76839    1389   76144  1439881  18.74
  1947          56      0.01961  0.01942  0.50   75449    1465   74717  1363737  18.07
  1947          57      0.02105  0.02084  0.50   73984    1542   73214  1289020  17.42
  1947          58      0.02263  0.02238  0.50   72443    1621   71632  1215807  16.78
  1947          59      0.02439  0.02409  0.50   70822    1706   69969  1144174  16.16
  1947          60      0.02623  0.02589  0.50   69116    1790   68221  1074205  15.54
  1947          61      0.02803  0.02764  0.50   67326    1861   66396  1005984  14.94
  1947          62      0.02987  0.02943  0.50   65465    1927   64502   939588  14.35
  1947          63      0.03169  0.03119  0.50   63539    1982   62548   875087  13.77
  1947          64      0.03349  0.03294  0.50   61557    2028   60543   812539  13.20
  1947          65      0.03548  0.03486  0.50   59529    2075   58491   751996  12.63
  1947          66      0.03816  0.03744  0.50   57454    2151   56378   693505  12.07
  1947          67      0.04114  0.04031  0.50   55303    2229   54188   637127  11.52
  1947          68      0.04446  0.04350  0.50   53073    2308   51919   582939  10.98
  1947          69      0.04812  0.04699  0.50   50765    2385   49572   531019  10.46
  1947          70      0.05215  0.05082  0.50   48380    2459   47150   481447   9.95
  1947          71      0.05656  0.05500  0.50   45921    2526   44658   434297   9.46
  1947          72      0.06143  0.05960  0.50   43395    2586   42102   389639   8.98
  1947          73      0.06733  0.06513  0.50   40809    2658   39480   347537   8.52
  1947          74      0.07442  0.07175  0.50   38151    2737   36782   308058   8.07
  1947          75      0.08237  0.07911  0.50   35413    2802   34013   271276   7.66
  1947          76      0.08913  0.08533  0.50   32612    2783   31220   237263   7.28
  1947          77      0.09584  0.09145  0.50   29829    2728   28465   206043   6.91
  1947          78      0.10206  0.09711  0.50   27101    2632   25785   177578   6.55
  1947          79      0.10751  0.10203  0.50   24469    2497   23221   151793   6.20
  1947          80      0.11550  0.10920  0.50   21973    2399   20773   128572   5.85
  1947          81      0.12513  0.11776  0.50   19573    2305   18421   107799   5.51
  1947          82      0.13827  0.12933  0.50   17268    2233   16152    89378   5.18
  1947          83      0.15279  0.14195  0.50   15035    2134   13968    73226   4.87
  1947          84      0.16597  0.15325  0.50   12901    1977   11912    59258   4.59
  1947          85      0.17872  0.16406  0.50   10924    1792   10028    47346   4.33
  1947          86      0.19276  0.17582  0.50    9132    1606    8329    37318   4.09
  1947          87      0.21182  0.19153  0.50    7526    1442    6805    28990   3.85
  1947          88      0.23598  0.21107  0.50    6085    1284    5442    22184   3.65
  1947          89      0.25696  0.22770  0.50    4800    1093    4254    16742   3.49
  1947          90      0.26872  0.23690  0.50    3707     878    3268    12488   3.37
  1947          91      0.27459  0.24144  0.50    2829     683    2488     9220   3.26
  1947          92      0.27780  0.24392  0.50    2146     523    1884     6732   3.14
  1947          93      0.28051  0.24601  0.50    1623     399    1423     4848   2.99
  1947          94      0.28747  0.25134  0.50    1223     307    1070     3425   2.80
  1947          95      0.34909  0.29721  0.50     916     272     780     2355   2.57
  1947          96      0.37026  0.31242  0.50     644     201     543     1575   2.45
  1947          97      0.39194  0.32772  0.50     443     145     370     1032   2.33
  1947          98      0.41406  0.34304  0.50     298     102     247      662   2.23
  1947          99      0.43653  0.35832  0.50     195      70     160      416   2.13
  1947         100      0.45927  0.37350  0.50     125      47     102      255   2.04
  1947         101      0.48217  0.38851  0.50      79      31      63      153   1.95
  1947         102      0.50515  0.40329  0.50      48      19      38       90   1.87
  1947         103      0.52811  0.41779  0.50      29      12      23       52   1.80
  1947         104      0.55095  0.43195  0.50      17       7      13       29   1.74
  1947         105      0.57357  0.44574  0.50       9       4       7       16   1.67
  1947         106      0.59590  0.45911  0.50       5       2       4        9   1.62
  1947         107      0.61783  0.47202  0.50       3       1       2        4   1.57
  1947         108      0.63929  0.48444  0.50       2       1       1        2   1.53
  1947         109      0.66021  0.49636  0.50       1       0       1        1   1.49
  1947         110+     0.68053  1.00000  1.47       0       0       1        1   1.47
  1948           0      0.03975  0.03846  0.16  100000    3846   96761  6465772  64.66
  1948           1      0.00274  0.00273  0.50   96154     263   96023  6369011  66.24
  1948           2      0.00166  0.00165  0.50   95891     159   95812  6272988  65.42
  1948           3      0.00132  0.00132  0.50   95733     127   95669  6177176  64.53
  1948           4      0.00106  0.00106  0.50   95606     101   95556  6081507  63.61
  1948           5      0.00088  0.00088  0.50   95505      84   95463  5985951  62.68
  1948           6      0.00087  0.00087  0.50   95421      83   95380  5890488  61.73
  1948           7      0.00082  0.00082  0.50   95338      79   95299  5795108  60.78
  1948           8      0.00078  0.00078  0.50   95260      74   95222  5699809  59.83
  1948           9      0.00073  0.00073  0.50   95185      70   95150  5604587  58.88
  1948          10      0.00068  0.00068  0.50   95116      65   95083  5509437  57.92
  1948          11      0.00070  0.00070  0.50   95051      67   95018  5414353  56.96
  1948          12      0.00075  0.00075  0.50   94984      71   94949  5319336  56.00
  1948          13      0.00083  0.00083  0.50   94913      79   94874  5224387  55.04
  1948          14      0.00098  0.00098  0.50   94834      93   94788  5129513  54.09
  1948          15      0.00113  0.00113  0.50   94741     107   94687  5034726  53.14
  1948          16      0.00128  0.00128  0.50   94634     121   94574  4940038  52.20
  1948          17      0.00143  0.00143  0.50   94513     135   94445  4845465  51.27
  1948          18      0.00175  0.00175  0.50   94378     165   94295  4751019  50.34
  1948          19      0.00191  0.00191  0.50   94213     180   94123  4656724  49.43
  1948          20      0.00207  0.00207  0.50   94033     194   93936  4562601  48.52
  1948          21      0.00216  0.00216  0.50   93839     203   93737  4468666  47.62
  1948          22      0.00221  0.00221  0.50   93636     206   93533  4374928  46.72
  1948          23      0.00221  0.00220  0.50   93429     206   93326  4281396  45.82
  1948          24      0.00216  0.00216  0.50   93223     201   93123  4188069  44.93
  1948          25      0.00208  0.00208  0.50   93022     193   92926  4094946  44.02
  1948          26      0.00206  0.00206  0.50   92829     191   92733  4002021  43.11
  1948          27      0.00208  0.00208  0.50   92638     193   92541  3909288  42.20
  1948          28      0.00213  0.00212  0.50   92445     196   92347  3816746  41.29
  1948          29      0.00220  0.00220  0.50   92249     203   92147  3724400  40.37
  1948          30      0.00231  0.00231  0.50   92046     213   91939  3632253  39.46
  1948          31      0.00242  0.00242  0.50   91833     222   91722  3540313  38.55
  1948          32      0.00254  0.00254  0.50   91611     232   91495  3448591  37.64
  1948          33      0.00269  0.00269  0.50   91379     246   91256  3357096  36.74
  1948          34      0.00289  0.00289  0.50   91133     263   91001  3265840  35.84
  1948          35      0.00311  0.00311  0.50   90870     283   90729  3174839  34.94
  1948          36      0.00337  0.00337  0.50   90587     305   90435  3084110  34.05
  1948          37      0.00368  0.00367  0.50   90282     331   90116  2993676  33.16
  1948          38      0.00401  0.00400  0.50   89951     360   89771  2903559  32.28
  1948          39      0.00436  0.00435  0.50   89591     390   89396  2813788  31.41
  1948          40      0.00475  0.00474  0.50   89201     423   88990  2724392  30.54
  1948          41      0.00520  0.00519  0.50   88778     460   88548  2635403  29.69
  1948          42      0.00568  0.00566  0.50   88318     500   88068  2546855  28.84
  1948          43      0.00618  0.00616  0.50   87818     541   87547  2458787  28.00
  1948          44      0.00670  0.00668  0.50   87277     583   86985  2371239  27.17
  1948          45      0.00725  0.00722  0.50   86693     626   86381  2284254  26.35
  1948          46      0.00789  0.00786  0.50   86068     677   85729  2197874  25.54
  1948          47      0.00863  0.00860  0.50   85391     734   85024  2112145  24.74
  1948          48      0.00949  0.00944  0.50   84657     799   84257  2027121  23.95
  1948          49      0.01049  0.01044  0.50   83857     875   83420  1942864  23.17
  1948          50      0.01164  0.01157  0.50   82982     960   82502  1859444  22.41
  1948          51      0.01279  0.01271  0.50   82022    1043   81501  1776942  21.66
  1948          52      0.01398  0.01388  0.50   80979    1124   80417  1695441  20.94
  1948          53      0.01521  0.01509  0.50   79855    1205   79252  1615024  20.22
  1948          54      0.01652  0.01638  0.50   78650    1288   78006  1535772  19.53
  1948          55      0.01792  0.01776  0.50   77361    1374   76675  1457767  18.84
  1948          56      0.01925  0.01906  0.50   75988    1449   75263  1381092  18.18
  1948          57      0.02068  0.02047  0.50   74539    1526   73776  1305829  17.52
  1948          58      0.02222  0.02197  0.50   73013    1604   72211  1232053  16.87
  1948          59      0.02389  0.02361  0.50   71409    1686   70566  1159842  16.24
  1948          60      0.02570  0.02538  0.50   69723    1769   68838  1089276  15.62
  1948          61      0.02754  0.02717  0.50   67953    1846   67030  1020437  15.02
  1948          62      0.02947  0.02904  0.50   66107    1920   65147   953407  14.42
  1948          63      0.03146  0.03097  0.50   64187    1988   63193   888260  13.84
  1948          64      0.03345  0.03290  0.50   62199    2046   61176   825066  13.26
  1948          65      0.03550  0.03488  0.50   60153    2098   59104   763890  12.70
  1948          66      0.03815  0.03744  0.50   58055    2173   56968   704786  12.14
  1948          67      0.04108  0.04025  0.50   55882    2249   54757   647818  11.59
  1948          68      0.04426  0.04330  0.50   53633    2322   52471   593060  11.06
  1948          69      0.04773  0.04662  0.50   51310    2392   50114   540589  10.54
  1948          70      0.05164  0.05034  0.50   48918    2463   47687   490475  10.03
  1948          71      0.05609  0.05456  0.50   46456    2535   45188   442788   9.53
  1948          72      0.06071  0.05892  0.50   43921    2588   42627   397600   9.05
  1948          73      0.06598  0.06388  0.50   41333    2640   40013   354972   8.59
  1948          74      0.07260  0.07006  0.50   38693    2711   37338   314959   8.14
  1948          75      0.08050  0.07739  0.50   35982    2785   34590   277622   7.72
  1948          76      0.08740  0.08374  0.50   33198    2780   31808   243032   7.32
  1948          77      0.09442  0.09016  0.50   30418    2743   29047   211224   6.94
  1948          78      0.10121  0.09633  0.50   27675    2666   26342   182178   6.58
  1948          79      0.10717  0.10172  0.50   25009    2544   23737   155835   6.23
  1948          80      0.11511  0.10884  0.50   22465    2445   21243   132098   5.88
  1948          81      0.12352  0.11633  0.50   20020    2329   18856   110855   5.54
  1948          82      0.13476  0.12626  0.50   17691    2234   16574    92000   5.20
  1948          83      0.15026  0.13976  0.50   15457    2160   14377    75425   4.88
  1948          84      0.16736  0.15444  0.50   13297    2054   12270    61048   4.59
  1948          85      0.18231  0.16708  0.50   11244    1879   10304    48778   4.34
  1948          86      0.19502  0.17770  0.50    9365    1664    8533    38473   4.11
  1948          87      0.20851  0.18882  0.50    7701    1454    6974    29940   3.89
  1948          88      0.22730  0.20410  0.50    6247    1275    5609    22967   3.68
  1948          89      0.25065  0.22274  0.50    4972    1107    4418    17357   3.49
  1948          90      0.26780  0.23618  0.50    3864     913    3408    12939   3.35
  1948          91      0.27719  0.24345  0.50    2952     719    2592     9531   3.23
  1948          92      0.28173  0.24695  0.50    2233     551    1957     6939   3.11
  1948          93      0.28498  0.24944  0.50    1682     419    1472     4981   2.96
  1948          94      0.29432  0.25657  0.50    1262     324    1100     3509   2.78
  1948          95      0.34947  0.29748  0.50     938     279     799     2409   2.57
  1948          96      0.37086  0.31285  0.50     659     206     556     1610   2.44
  1948          97      0.39278  0.32830  0.50     453     149     379     1054   2.33
  1948          98      0.41513  0.34377  0.50     304     105     252      675   2.22
  1948          99      0.43784  0.35920  0.50     200      72     164      423   2.12
  1948         100      0.46081  0.37452  0.50     128      48     104      260   2.03
  1948         101      0.48396  0.38967  0.50      80      31      64      156   1.94
  1948         102      0.50717  0.40457  0.50      49      20      39       91   1.87
  1948         103      0.53035  0.41919  0.50      29      12      23       52   1.79
  1948         104      0.55339  0.43346  0.50      17       7      13       29   1.73
  1948         105      0.57622  0.44734  0.50      10       4       7       16   1.67
  1948         106      0.59872  0.46078  0.50       5       2       4        9   1.61
  1948         107      0.62081  0.47375  0.50       3       1       2        4   1.56
  1948         108      0.64241  0.48623  0.50       2       1       1        2   1.52
  1948         109      0.66345  0.49819  0.50       1       0       1        1   1.48
  1948         110+     0.68386  1.00000  1.46       0       0       1        1   1.46
  1949           0      0.03960  0.03832  0.16  100000    3832   96771  6502350  65.02
  1949           1      0.00262  0.00262  0.50   96168     252   96042  6405579  66.61
  1949           2      0.00157  0.00157  0.50   95916     150   95841  6309537  65.78
  1949           3      0.00122  0.00122  0.50   95766     116   95708  6213695  64.88
  1949           4      0.00098  0.00098  0.50   95650      93   95603  6117988  63.96
  1949           5      0.00089  0.00089  0.50   95556      85   95513  6022385  63.02
  1949           6      0.00078  0.00078  0.50   95471      75   95433  5926871  62.08
  1949           7      0.00079  0.00079  0.50   95396      76   95358  5831438  61.13
  1949           8      0.00078  0.00078  0.50   95320      74   95283  5736080  60.18
  1949           9      0.00075  0.00075  0.50   95246      71   95211  5640796  59.22
  1949          10      0.00069  0.00069  0.50   95175      66   95142  5545586  58.27
  1949          11      0.00069  0.00069  0.50   95109      66   95076  5450444  57.31
  1949          12      0.00074  0.00074  0.50   95044      71   95008  5355367  56.35
  1949          13      0.00082  0.00082  0.50   94973      78   94934  5260359  55.39
  1949          14      0.00094  0.00094  0.50   94895      90   94850  5165425  54.43
  1949          15      0.00114  0.00114  0.50   94805     108   94752  5070575  53.48
  1949          16      0.00128  0.00128  0.50   94698     121   94637  4975823  52.54
  1949          17      0.00141  0.00141  0.50   94577     133   94510  4881186  51.61
  1949          18      0.00163  0.00163  0.50   94444     154   94367  4786676  50.68
  1949          19      0.00175  0.00175  0.50   94290     165   94208  4692309  49.76
  1949          20      0.00188  0.00188  0.50   94125     177   94037  4598101  48.85
  1949          21      0.00196  0.00196  0.50   93949     184   93857  4504064  47.94
  1949          22      0.00201  0.00201  0.50   93764     189   93670  4410208  47.03
  1949          23      0.00203  0.00202  0.50   93576     189   93481  4316537  46.13
  1949          24      0.00202  0.00202  0.50   93386     188   93292  4223056  45.22
  1949          25      0.00198  0.00198  0.50   93198     185   93106  4129764  44.31
  1949          26      0.00196  0.00196  0.50   93014     183   92922  4036658  43.40
  1949          27      0.00198  0.00197  0.50   92831     183   92739  3943736  42.48
  1949          28      0.00202  0.00202  0.50   92648     187   92554  3850996  41.57
  1949          29      0.00206  0.00206  0.50   92461     190   92366  3758442  40.65
  1949          30      0.00213  0.00213  0.50   92271     196   92173  3666076  39.73
  1949          31      0.00223  0.00223  0.50   92075     205   91972  3573903  38.82
  1949          32      0.00236  0.00236  0.50   91870     217   91761  3481931  37.90
  1949          33      0.00252  0.00252  0.50   91653     231   91537  3390170  36.99
  1949          34      0.00273  0.00273  0.50   91422     249   91297  3298633  36.08
  1949          35      0.00299  0.00298  0.50   91173     272   91037  3207336  35.18
  1949          36      0.00325  0.00324  0.50   90901     295   90753  3116299  34.28
  1949          37      0.00354  0.00353  0.50   90606     320   90446  3025545  33.39
  1949          38      0.00385  0.00384  0.50   90286     347   90113  2935099  32.51
  1949          39      0.00417  0.00416  0.50   89940     374   89753  2844986  31.63
  1949          40      0.00450  0.00449  0.50   89566     402   89364  2755233  30.76
  1949          41      0.00490  0.00489  0.50   89163     436   88945  2665869  29.90
  1949          42      0.00537  0.00535  0.50   88727     475   88490  2576924  29.04
  1949          43      0.00590  0.00588  0.50   88252     519   87993  2488434  28.20
  1949          44      0.00650  0.00648  0.50   87733     568   87449  2400441  27.36
  1949          45      0.00714  0.00712  0.50   87165     620   86855  2312992  26.54
  1949          46      0.00787  0.00784  0.50   86545     679   86205  2226138  25.72
  1949          47      0.00862  0.00858  0.50   85866     737   85497  2139933  24.92
  1949          48      0.00939  0.00934  0.50   85129     796   84731  2054435  24.13
  1949          49      0.01026  0.01021  0.50   84334     861   83903  1969704  23.36
  1949          50      0.01117  0.01111  0.50   83473     927   83009  1885800  22.59
  1949          51      0.01214  0.01207  0.50   82545     996   82047  1802791  21.84
  1949          52      0.01322  0.01313  0.50   81549    1071   81014  1720744  21.10
  1949          53      0.01441  0.01431  0.50   80478    1152   79903  1639730  20.37
  1949          54      0.01570  0.01558  0.50   79327    1236   78709  1559827  19.66
  1949          55      0.01716  0.01701  0.50   78091    1329   77426  1481119  18.97
  1949          56      0.01861  0.01844  0.50   76762    1415   76054  1403692  18.29
  1949          57      0.02014  0.01994  0.50   75347    1503   74595  1327638  17.62
  1949          58      0.02174  0.02151  0.50   73844    1588   73050  1253043  16.97
  1949          59      0.02348  0.02321  0.50   72256    1677   71417  1179993  16.33
  1949          60      0.02541  0.02509  0.50   70579    1771   69693  1108576  15.71
  1949          61      0.02732  0.02696  0.50   68808    1855   67881  1038882  15.10
  1949          62      0.02930  0.02888  0.50   66953    1934   65986   971002  14.50
  1949          63      0.03140  0.03091  0.50   65020    2010   64015   905015  13.92
  1949          64      0.03354  0.03299  0.50   63010    2079   61971   841001  13.35
  1949          65      0.03563  0.03500  0.50   60931    2133   59865   779030  12.79
  1949          66      0.03807  0.03736  0.50   58798    2197   57700   719165  12.23
  1949          67      0.04077  0.03995  0.50   56602    2261   55471   661465  11.69
  1949          68      0.04388  0.04293  0.50   54340    2333   53174   605995  11.15
  1949          69      0.04712  0.04604  0.50   52007    2394   50810   552821  10.63
  1949          70      0.05089  0.04963  0.50   49613    2462   48382   502011  10.12
  1949          71      0.05543  0.05393  0.50   47151    2543   45879   453629   9.62
  1949          72      0.06030  0.05854  0.50   44608    2611   43302   407750   9.14
  1949          73      0.06530  0.06324  0.50   41996    2656   40669   364448   8.68
  1949          74      0.07135  0.06889  0.50   39341    2710   37986   323779   8.23
  1949          75      0.07872  0.07574  0.50   36630    2774   35243   285794   7.80
  1949          76      0.08581  0.08228  0.50   33856    2786   32463   250551   7.40
  1949          77      0.09306  0.08893  0.50   31070    2763   29689   218088   7.02
  1949          78      0.10025  0.09547  0.50   28307    2702   26956   188399   6.66
  1949          79      0.10721  0.10176  0.50   25605    2605   24302   161443   6.31
  1949          80      0.11460  0.10839  0.50   22999    2493   21753   137140   5.96
  1949          81      0.12436  0.11708  0.50   20506    2401   19306   115387   5.63
  1949          82      0.13395  0.12555  0.50   18106    2273   16969    96081   5.31
  1949          83      0.14633  0.13635  0.50   15832    2159   14753    79112   5.00
  1949          84      0.16286  0.15059  0.50   13674    2059   12644    64359   4.71
  1949          85      0.17985  0.16501  0.50   11615    1917   10656    51715   4.45
  1949          86      0.19255  0.17564  0.50    9698    1703    8846    41059   4.23
  1949          87      0.20185  0.18335  0.50    7995    1466    7262    32213   4.03
  1949          88      0.21163  0.19138  0.50    6529    1249    5904    24951   3.82
  1949          89      0.22772  0.20444  0.50    5279    1079    4740    19047   3.61
  1949          90      0.25085  0.22289  0.50    4200     936    3732    14307   3.41
  1949          91      0.27134  0.23893  0.50    3264     780    2874    10575   3.24
  1949          92      0.28520  0.24961  0.50    2484     620    2174     7701   3.10
  1949          93      0.29463  0.25680  0.50    1864     479    1625     5527   2.97
  1949          94      0.30621  0.26555  0.50    1385     368    1201     3902   2.82
  1949          95      0.33688  0.28831  0.50    1017     293     871     2701   2.65
  1949          96      0.35721  0.30308  0.50     724     219     614     1830   2.53
  1949          97      0.37807  0.31796  0.50     505     160     424     1216   2.41
  1949          98      0.39939  0.33291  0.50     344     115     287      791   2.30
  1949          99      0.42110  0.34786  0.50     230      80     190      505   2.20
  1949         100      0.44311  0.36275  0.50     150      54     123      315   2.10
  1949         101      0.46536  0.37752  0.50      95      36      77      192   2.02
  1949         102      0.48774  0.39212  0.50      59      23      48      115   1.93
  1949         103      0.51017  0.40648  0.50      36      15      29       67   1.86
  1949         104      0.53256  0.42057  0.50      21       9      17       38   1.79
  1949         105      0.55482  0.43433  0.50      12       5      10       21   1.73
  1949         106      0.57687  0.44773  0.50       7       3       5       12   1.67
  1949         107      0.59861  0.46071  0.50       4       2       3        6   1.62
  1949         108      0.61997  0.47326  0.50       2       1       2        3   1.57
  1949         109      0.64087  0.48535  0.50       1       1       1        2   1.54
  1949         110+     0.66125  1.00000  1.51       1       1       1        1   1.51
  1950           0      0.03678  0.03566  0.15  100000    3566   96962  6539635  65.40
  1950           1      0.00256  0.00256  0.50   96434     247   96310  6442672  66.81
  1950           2      0.00143  0.00143  0.50   96187     138   96118  6346362  65.98
  1950           3      0.00107  0.00107  0.50   96049     103   95997  6250245  65.07
  1950           4      0.00089  0.00089  0.50   95946      85   95903  6154247  64.14
  1950           5      0.00077  0.00077  0.50   95861      74   95824  6058344  63.20
  1950           6      0.00073  0.00073  0.50   95787      70   95752  5962520  62.25
  1950           7      0.00066  0.00066  0.50   95717      63   95685  5866769  61.29
  1950           8      0.00069  0.00069  0.50   95653      66   95620  5771084  60.33
  1950           9      0.00068  0.00067  0.50   95587      65   95555  5675464  59.37
  1950          10      0.00063  0.00063  0.50   95523      60   95493  5579908  58.41
  1950          11      0.00062  0.00062  0.50   95463      59   95433  5484416  57.45
  1950          12      0.00065  0.00065  0.50   95403      62   95372  5388983  56.49
  1950          13      0.00075  0.00075  0.50   95341      72   95305  5293610  55.52
  1950          14      0.00088  0.00088  0.50   95270      84   95228  5198305  54.56
  1950          15      0.00107  0.00107  0.50   95186     102   95135  5103077  53.61
  1950          16      0.00127  0.00127  0.50   95084     121   95023  5007943  52.67
  1950          17      0.00141  0.00141  0.50   94963     134   94896  4912919  51.74
  1950          18      0.00162  0.00162  0.50   94829     153   94752  4818023  50.81
  1950          19      0.00173  0.00173  0.50   94676     164   94594  4723271  49.89
  1950          20      0.00186  0.00186  0.50   94512     176   94424  4628677  48.97
  1950          21      0.00195  0.00195  0.50   94336     184   94245  4534253  48.06
  1950          22      0.00203  0.00203  0.50   94153     191   94057  4440008  47.16
  1950          23      0.00201  0.00201  0.50   93962     189   93868  4345950  46.25
  1950          24      0.00201  0.00201  0.50   93773     189   93679  4252083  45.34
  1950          25      0.00199  0.00199  0.50   93585     186   93491  4158404  44.43
  1950          26      0.00195  0.00194  0.50   93398     181   93308  4064913  43.52
  1950          27      0.00194  0.00193  0.50   93217     180   93127  3971605  42.61
  1950          28      0.00203  0.00203  0.50   93037     188   92942  3878478  41.69
  1950          29      0.00204  0.00203  0.50   92848     189   92754  3785536  40.77
  1950          30      0.00210  0.00210  0.50   92659     194   92562  3692782  39.85
  1950          31      0.00222  0.00222  0.50   92465     205   92362  3600220  38.94
  1950          32      0.00238  0.00238  0.50   92260     220   92150  3507858  38.02
  1950          33      0.00249  0.00248  0.50   92040     229   91926  3415708  37.11
  1950          34      0.00264  0.00264  0.50   91811     242   91690  3323782  36.20
  1950          35      0.00285  0.00284  0.50   91569     260   91439  3232092  35.30
  1950          36      0.00305  0.00305  0.50   91309     278   91170  3140653  34.40
  1950          37      0.00331  0.00330  0.50   91030     301   90880  3049484  33.50
  1950          38      0.00361  0.00360  0.50   90730     327   90566  2958604  32.61
  1950          39      0.00398  0.00397  0.50   90403     359   90223  2868038  31.73
  1950          40      0.00441  0.00440  0.50   90044     396   89846  2777814  30.85
  1950          41      0.00481  0.00480  0.50   89647     430   89432  2687969  29.98
  1950          42      0.00527  0.00526  0.50   89217     469   88982  2598537  29.13
  1950          43      0.00578  0.00576  0.50   88748     512   88492  2509554  28.28
  1950          44      0.00633  0.00631  0.50   88236     557   87958  2421062  27.44
  1950          45      0.00689  0.00687  0.50   87679     602   87378  2333104  26.61
  1950          46      0.00761  0.00758  0.50   87077     660   86747  2245726  25.79
  1950          47      0.00832  0.00829  0.50   86417     716   86059  2158979  24.98
  1950          48      0.00907  0.00903  0.50   85701     774   85314  2072919  24.19
  1950          49      0.01012  0.01007  0.50   84927     855   84499  1987605  23.40
  1950          50      0.01099  0.01093  0.50   84072     919   83612  1903106  22.64
  1950          51      0.01195  0.01188  0.50   83153     988   82659  1819493  21.88
  1950          52      0.01309  0.01300  0.50   82165    1068   81631  1736834  21.14
  1950          53      0.01437  0.01427  0.50   81097    1157   80518  1655203  20.41
  1950          54      0.01562  0.01550  0.50   79939    1239   79320  1574685  19.70
  1950          55      0.01695  0.01680  0.50   78700    1322   78039  1495366  19.00
  1950          56      0.01840  0.01823  0.50   77378    1411   76672  1417326  18.32
  1950          57      0.01989  0.01969  0.50   75967    1496   75219  1340654  17.65
  1950          58      0.02127  0.02105  0.50   74471    1568   73687  1265435  16.99
  1950          59      0.02290  0.02264  0.50   72903    1651   72078  1191748  16.35
  1950          60      0.02509  0.02478  0.50   71253    1765   70370  1119670  15.71
  1950          61      0.02698  0.02662  0.50   69487    1850   68562  1049300  15.10
  1950          62      0.02887  0.02846  0.50   67637    1925   66675   980738  14.50
  1950          63      0.03110  0.03062  0.50   65712    2012   64706   914063  13.91
  1950          64      0.03356  0.03301  0.50   63700    2103   62649   849356  13.33
  1950          65      0.03590  0.03527  0.50   61597    2173   60511   786708  12.77
  1950          66      0.03829  0.03757  0.50   59425    2233   58309   726196  12.22
  1950          67      0.04078  0.03997  0.50   57192    2286   56049   667888  11.68
  1950          68      0.04420  0.04324  0.50   54906    2374   53719   611839  11.14
  1950          69      0.04741  0.04631  0.50   52532    2433   51316   558119  10.62
  1950          70      0.05134  0.05005  0.50   50099    2508   48845   506804  10.12
  1950          71      0.05584  0.05432  0.50   47592    2585   46299   457958   9.62
  1950          72      0.06117  0.05935  0.50   45006    2671   43671   411659   9.15
  1950          73      0.06582  0.06372  0.50   42335    2698   40986   367988   8.69
  1950          74      0.07140  0.06894  0.50   39638    2733   38271   327002   8.25
  1950          75      0.07698  0.07413  0.50   36905    2736   35537   288731   7.82
  1950          76      0.08375  0.08038  0.50   34169    2747   32796   253194   7.41
  1950          77      0.09105  0.08709  0.50   31423    2737   30054   220398   7.01
  1950          78      0.09820  0.09360  0.50   28686    2685   27344   190344   6.64
  1950          79      0.10638  0.10100  0.50   26001    2626   24688   163000   6.27
  1950          80      0.11377  0.10764  0.50   23375    2516   22117   138312   5.92
  1950          81      0.12562  0.11819  0.50   20859    2465   19626   116196   5.57
  1950          82      0.13776  0.12888  0.50   18393    2371   17208    96570   5.25
  1950          83      0.14888  0.13857  0.50   16023    2220   14913    79362   4.95
  1950          84      0.16214  0.14998  0.50   13802    2070   12767    64449   4.67
  1950          85      0.17911  0.16439  0.50   11732    1929   10768    51682   4.41
  1950          86      0.19652  0.17894  0.50    9804    1754    8927    40914   4.17
  1950          87      0.20840  0.18874  0.50    8049    1519    7290    31987   3.97
  1950          88      0.21571  0.19471  0.50    6530    1271    5894    24697   3.78
  1950          89      0.22396  0.20141  0.50    5259    1059    4729    18803   3.58
  1950          90      0.24208  0.21595  0.50    4200     907    3746    14074   3.35
  1950          91      0.27215  0.23955  0.50    3293     789    2898    10327   3.14
  1950          92      0.30062  0.26134  0.50    2504     654    2177     7429   2.97
  1950          93      0.31945  0.27545  0.50    1850     509    1595     5252   2.84
  1950          94      0.33058  0.28369  0.50    1340     380    1150     3657   2.73
  1950          95      0.34292  0.29273  0.50     960     281     819     2507   2.61
  1950          96      0.36374  0.30776  0.50     679     209     574     1688   2.49
  1950          97      0.38508  0.32291  0.50     470     152     394     1114   2.37
  1950          98      0.40687  0.33809  0.50     318     108     264      719   2.26
  1950          99      0.42903  0.35325  0.50     211      74     173      455   2.16
  1950         100      0.45148  0.36834  0.50     136      50     111      282   2.07
  1950         101      0.47414  0.38327  0.50      86      33      70      170   1.98
  1950         102      0.49689  0.39801  0.50      53      21      43      101   1.90
  1950         103      0.51967  0.41249  0.50      32      13      25       58   1.83
  1950         104      0.54236  0.42666  0.50      19       8      15       33   1.76
  1950         105      0.56487  0.44047  0.50      11       5       8       18   1.70
  1950         106      0.58712  0.45388  0.50       6       3       5       10   1.64
  1950         107      0.60902  0.46686  0.50       3       2       3        5   1.59
  1950         108      0.63050  0.47937  0.50       2       1       1        3   1.55
  1950         109      0.65146  0.49140  0.50       1       0       1        1   1.51
  1950         110+     0.67186  1.00000  1.49       0       0       1        1   1.49
  1951           0      0.03657  0.03547  0.15  100000    3547   96977  6541157  65.41
  1951           1      0.00250  0.00249  0.50   96453     241   96333  6444180  66.81
  1951           2      0.00151  0.00151  0.50   96213     145   96140  6347847  65.98
  1951           3      0.00109  0.00109  0.50   96068     104   96015  6251706  65.08
  1951           4      0.00092  0.00092  0.50   95963      89   95919  6155691  64.15
  1951           5      0.00100  0.00100  0.50   95875      95   95827  6059772  63.21
  1951           6      0.00081  0.00081  0.50   95779      78   95740  5963945  62.27
  1951           7      0.00065  0.00065  0.50   95702      62   95671  5868205  61.32
  1951           8      0.00053  0.00053  0.50   95640      51   95614  5772534  60.36
  1951           9      0.00054  0.00054  0.50   95589      51   95563  5676920  59.39
  1951          10      0.00056  0.00056  0.50   95538      53   95511  5581356  58.42
  1951          11      0.00062  0.00062  0.50   95484      59   95455  5485846  57.45
  1951          12      0.00069  0.00069  0.50   95425      65   95393  5390391  56.49
  1951          13      0.00079  0.00079  0.50   95360      75   95322  5294998  55.53
  1951          14      0.00093  0.00093  0.50   95285      89   95240  5199676  54.57
  1951          15      0.00112  0.00112  0.50   95196     106   95143  5104436  53.62
  1951          16      0.00125  0.00125  0.50   95089     119   95030  5009293  52.68
  1951          17      0.00144  0.00144  0.50   94970     137   94902  4914263  51.75
  1951          18      0.00164  0.00164  0.50   94834     155   94756  4819361  50.82
  1951          19      0.00177  0.00177  0.50   94679     167   94595  4724605  49.90
  1951          20      0.00189  0.00189  0.50   94511     178   94422  4630010  48.99
  1951          21      0.00198  0.00197  0.50   94333     186   94240  4535588  48.08
  1951          22      0.00210  0.00210  0.50   94147     198   94048  4441348  47.17
  1951          23      0.00206  0.00206  0.50   93949     194   93852  4347300  46.27
  1951          24      0.00205  0.00205  0.50   93755     192   93659  4253448  45.37
  1951          25      0.00204  0.00204  0.50   93563     191   93468  4159789  44.46
  1951          26      0.00197  0.00197  0.50   93372     184   93280  4066321  43.55
  1951          27      0.00194  0.00194  0.50   93188     180   93098  3973041  42.63
  1951          28      0.00208  0.00208  0.50   93008     193   92911  3879943  41.72
  1951          29      0.00207  0.00207  0.50   92814     192   92719  3787032  40.80
  1951          30      0.00208  0.00208  0.50   92623     193   92526  3694314  39.89
  1951          31      0.00220  0.00219  0.50   92430     203   92329  3601787  38.97
  1951          32      0.00240  0.00239  0.50   92227     221   92117  3509458  38.05
  1951          33      0.00248  0.00248  0.50   92007     228   91893  3417341  37.14
  1951          34      0.00260  0.00260  0.50   91779     238   91660  3325448  36.23
  1951          35      0.00281  0.00281  0.50   91541     257   91412  3233788  35.33
  1951          36      0.00300  0.00300  0.50   91284     274   91147  3142376  34.42
  1951          37      0.00325  0.00325  0.50   91010     296   90862  3051229  33.53
  1951          38      0.00356  0.00356  0.50   90714     323   90553  2960367  32.63
  1951          39      0.00396  0.00395  0.50   90391     357   90213  2869815  31.75
  1951          40      0.00447  0.00446  0.50   90034     401   89834  2779602  30.87
  1951          41      0.00488  0.00487  0.50   89633     436   89415  2689768  30.01
  1951          42      0.00530  0.00529  0.50   89197     472   88961  2600353  29.15
  1951          43      0.00577  0.00575  0.50   88725     511   88470  2511393  28.31
  1951          44      0.00627  0.00625  0.50   88215     551   87939  2422923  27.47
  1951          45      0.00674  0.00672  0.50   87663     589   87369  2334984  26.64
  1951          46      0.00742  0.00739  0.50   87074     643   86753  2247615  25.81
  1951          47      0.00810  0.00807  0.50   86431     698   86082  2160863  25.00
  1951          48      0.00881  0.00878  0.50   85733     752   85357  2074781  24.20
  1951          49      0.01008  0.01003  0.50   84981     852   84555  1989424  23.41
  1951          50      0.01105  0.01099  0.50   84129     924   83666  1904869  22.64
  1951          51      0.01198  0.01191  0.50   83204     991   82709  1821203  21.89
  1951          52      0.01319  0.01311  0.50   82214    1078   81675  1738494  21.15
  1951          53      0.01470  0.01459  0.50   81136    1184   80544  1656819  20.42
  1951          54      0.01606  0.01593  0.50   79952    1274   79315  1576275  19.72
  1951          55      0.01732  0.01717  0.50   78678    1351   78003  1496960  19.03
  1951          56      0.01878  0.01861  0.50   77327    1439   76608  1418957  18.35
  1951          57      0.02022  0.02002  0.50   75888    1519   75128  1342349  17.69
  1951          58      0.02126  0.02103  0.50   74369    1564   73587  1267221  17.04
  1951          59      0.02252  0.02227  0.50   72805    1621   71994  1193634  16.39
  1951          60      0.02476  0.02446  0.50   71184    1741   70313  1121640  15.76
  1951          61      0.02667  0.02632  0.50   69442    1827   68529  1051327  15.14
  1951          62      0.02831  0.02792  0.50   67615    1888   66671   982798  14.54
  1951          63      0.03055  0.03009  0.50   65727    1978   64738   916127  13.94
  1951          64      0.03342  0.03287  0.50   63749    2095   62702   851389  13.36
  1951          65      0.03620  0.03555  0.50   61654    2192   60558   788687  12.79
  1951          66      0.03867  0.03794  0.50   59462    2256   58334   728129  12.25
  1951          67      0.04095  0.04012  0.50   57206    2295   56058   669795  11.71
  1951          68      0.04443  0.04347  0.50   54911    2387   53717   613737  11.18
  1951          69      0.04740  0.04631  0.50   52524    2432   51308   560020  10.66
  1951          70      0.05101  0.04974  0.50   50092    2492   48846   508712  10.16
  1951          71      0.05514  0.05366  0.50   47600    2554   46323   459867   9.66
  1951          72      0.06066  0.05887  0.50   45045    2652   43720   413544   9.18
  1951          73      0.06533  0.06326  0.50   42394    2682   41053   369824   8.72
  1951          74      0.07136  0.06890  0.50   39712    2736   38344   328772   8.28
  1951          75      0.07659  0.07377  0.50   36975    2728   35612   290428   7.85
  1951          76      0.08333  0.08000  0.50   34248    2740   32878   254817   7.44
  1951          77      0.09104  0.08707  0.50   31508    2744   30136   221939   7.04
  1951          78      0.09803  0.09345  0.50   28764    2688   27420   191802   6.67
  1951          79      0.10576  0.10045  0.50   26076    2619   24767   164382   6.30
  1951          80      0.11342  0.10733  0.50   23457    2518   22198   139615   5.95
  1951          81      0.12209  0.11506  0.50   20939    2409   19735   117417   5.61
  1951          82      0.13500  0.12647  0.50   18530    2343   17358    97682   5.27
  1951          83      0.14892  0.13860  0.50   16187    2243   15065    80324   4.96
  1951          84      0.16254  0.15032  0.50   13943    2096   12895    65259   4.68
  1951          85      0.17791  0.16337  0.50   11847    1936   10879    52363   4.42
  1951          86      0.18882  0.17253  0.50    9912    1710    9057    41484   4.19
  1951          87      0.20552  0.18637  0.50    8202    1529    7437    32427   3.95
  1951          88      0.21164  0.19139  0.50    6673    1277    6035    24990   3.74
  1951          89      0.24128  0.21530  0.50    5396    1162    4815    18955   3.51
  1951          90      0.26419  0.23336  0.50    4234     988    3740    14140   3.34
  1951          91      0.26619  0.23493  0.50    3246     763    2865    10400   3.20
  1951          92      0.28399  0.24868  0.50    2483     618    2175     7535   3.03
  1951          93      0.30900  0.26765  0.50    1866     499    1616     5361   2.87
  1951          94      0.31567  0.27264  0.50    1366     373    1180     3745   2.74
  1951          95      0.34709  0.29576  0.50     994     294     847     2564   2.58
  1951          96      0.36859  0.31123  0.50     700     218     591     1717   2.45
  1951          97      0.39062  0.32680  0.50     482     158     403     1126   2.34
  1951          98      0.41312  0.34239  0.50     325     111     269      723   2.23
  1951          99      0.43598  0.35795  0.50     213      76     175      454   2.13
  1951         100      0.45911  0.37340  0.50     137      51     111      279   2.03
  1951         101      0.48243  0.38867  0.50      86      33      69      167   1.95
  1951         102      0.50582  0.40372  0.50      52      21      42       98   1.87
  1951         103      0.52918  0.41846  0.50      31      13      25       56   1.80
  1951         104      0.55242  0.43286  0.50      18       8      14       31   1.73
  1951         105      0.57543  0.44686  0.50      10       5       8       17   1.67
  1951         106      0.59812  0.46043  0.50       6       3       4        9   1.61
  1951         107      0.62040  0.47352  0.50       3       1       2        5   1.56
  1951         108      0.64218  0.48610  0.50       2       1       1        2   1.52
  1951         109      0.66339  0.49815  0.50       1       0       1        1   1.48
  1951         110+     0.68396  1.00000  1.46       0       0       1        1   1.46
  1952           0      0.03615  0.03507  0.15  100000    3507   97006  6554475  65.54
  1952           1      0.00249  0.00249  0.50   96493     240   96373  6457469  66.92
  1952           2      0.00154  0.00154  0.50   96252     148   96179  6361096  66.09
  1952           3      0.00113  0.00113  0.50   96105     108   96050  6264918  65.19
  1952           4      0.00093  0.00093  0.50   95996      89   95952  6168867  64.26
  1952           5      0.00077  0.00077  0.50   95907      74   95870  6072916  63.32
  1952           6      0.00084  0.00084  0.50   95833      81   95793  5977046  62.37
  1952           7      0.00073  0.00073  0.50   95752      70   95718  5881253  61.42
  1952           8      0.00063  0.00063  0.50   95683      60   95653  5785535  60.47
  1952           9      0.00054  0.00054  0.50   95622      52   95597  5689883  59.50
  1952          10      0.00055  0.00055  0.50   95571      52   95545  5594286  58.54
  1952          11      0.00058  0.00058  0.50   95519      56   95491  5498741  57.57
  1952          12      0.00066  0.00066  0.50   95463      63   95432  5403250  56.60
  1952          13      0.00077  0.00077  0.50   95400      73   95364  5307819  55.64
  1952          14      0.00092  0.00092  0.50   95327      88   95283  5212455  54.68
  1952          15      0.00118  0.00118  0.50   95239     113   95183  5117171  53.73
  1952          16      0.00136  0.00136  0.50   95127     129   95062  5021988  52.79
  1952          17      0.00150  0.00150  0.50   94997     142   94926  4926926  51.86
  1952          18      0.00177  0.00177  0.50   94855     168   94771  4832000  50.94
  1952          19      0.00189  0.00189  0.50   94687     179   94597  4737230  50.03
  1952          20      0.00201  0.00201  0.50   94508     190   94413  4642632  49.12
  1952          21      0.00204  0.00204  0.50   94318     193   94222  4548219  48.22
  1952          22      0.00214  0.00214  0.50   94125     201   94025  4453998  47.32
  1952          23      0.00210  0.00210  0.50   93924     197   93826  4359973  46.42
  1952          24      0.00206  0.00205  0.50   93728     193   93631  4266147  45.52
  1952          25      0.00203  0.00203  0.50   93535     190   93440  4172515  44.61
  1952          26      0.00197  0.00197  0.50   93345     184   93253  4079075  43.70
  1952          27      0.00193  0.00193  0.50   93161     179   93071  3985822  42.78
  1952          28      0.00207  0.00206  0.50   92982     192   92886  3892751  41.87
  1952          29      0.00209  0.00209  0.50   92790     194   92693  3799865  40.95
  1952          30      0.00207  0.00207  0.50   92596     192   92500  3707173  40.04
  1952          31      0.00214  0.00213  0.50   92404     197   92306  3614672  39.12
  1952          32      0.00234  0.00233  0.50   92207     215   92100  3522367  38.20
  1952          33      0.00244  0.00244  0.50   91992     224   91880  3430267  37.29
  1952          34      0.00255  0.00254  0.50   91768     233   91651  3338387  36.38
  1952          35      0.00274  0.00273  0.50   91534     250   91409  3246736  35.47
  1952          36      0.00293  0.00293  0.50   91284     267   91150  3155327  34.57
  1952          37      0.00316  0.00316  0.50   91017     287   90873  3064177  33.67
  1952          38      0.00346  0.00345  0.50   90729     313   90573  2973304  32.77
  1952          39      0.00382  0.00381  0.50   90416     345   90244  2882731  31.88
  1952          40      0.00430  0.00429  0.50   90071     387   89878  2792488  31.00
  1952          41      0.00475  0.00474  0.50   89685     425   89472  2702610  30.13
  1952          42      0.00519  0.00518  0.50   89260     462   89029  2613137  29.28
  1952          43      0.00566  0.00564  0.50   88798     501   88547  2524109  28.43
  1952          44      0.00621  0.00619  0.50   88297     546   88024  2435561  27.58
  1952          45      0.00677  0.00674  0.50   87750     592   87455  2347538  26.75
  1952          46      0.00748  0.00745  0.50   87159     649   86834  2260083  25.93
  1952          47      0.00819  0.00815  0.50   86509     705   86157  2173249  25.12
  1952          48      0.00885  0.00881  0.50   85804     756   85426  2087092  24.32
  1952          49      0.01002  0.00997  0.50   85048     848   84624  2001666  23.54
  1952          50      0.01105  0.01099  0.50   84200     925   83738  1917042  22.77
  1952          51      0.01190  0.01183  0.50   83275     985   82783  1833304  22.01
  1952          52      0.01293  0.01285  0.50   82290    1057   81762  1750521  21.27
  1952          53      0.01442  0.01431  0.50   81233    1163   80652  1668759  20.54
  1952          54      0.01591  0.01579  0.50   80070    1264   79438  1588108  19.83
  1952          55      0.01721  0.01706  0.50   78806    1345   78134  1508670  19.14
  1952          56      0.01863  0.01846  0.50   77462    1430   76747  1430536  18.47
  1952          57      0.02011  0.01991  0.50   76031    1514   75275  1353789  17.81
  1952          58      0.02116  0.02094  0.50   74518    1561   73737  1278515  17.16
  1952          59      0.02237  0.02213  0.50   72957    1614   72150  1204777  16.51
  1952          60      0.02460  0.02430  0.50   71343    1734   70476  1132627  15.88
  1952          61      0.02685  0.02649  0.50   69609    1844   68687  1062152  15.26
  1952          62      0.02867  0.02826  0.50   67765    1915   66807   993465  14.66
  1952          63      0.03070  0.03024  0.50   65850    1991   64854   926658  14.07
  1952          64      0.03342  0.03287  0.50   63858    2099   62809   861804  13.50
  1952          65      0.03620  0.03556  0.50   61760    2196   60662   798995  12.94
  1952          66      0.03857  0.03784  0.50   59564    2254   58437   738333  12.40
  1952          67      0.04052  0.03972  0.50   57310    2276   56172   679896  11.86
  1952          68      0.04355  0.04262  0.50   55034    2345   53861   623724  11.33
  1952          69      0.04634  0.04530  0.50   52688    2387   51495   569863  10.82
  1952          70      0.04987  0.04866  0.50   50302    2448   49078   518368  10.31
  1952          71      0.05381  0.05240  0.50   47854    2507   46600   469290   9.81
  1952          72      0.05909  0.05740  0.50   45347    2603   44045   422690   9.32
  1952          73      0.06390  0.06193  0.50   42744    2647   41421   378645   8.86
  1952          74      0.06999  0.06763  0.50   40097    2712   38741   337224   8.41
  1952          75      0.07521  0.07248  0.50   37385    2710   36031   298483   7.98
  1952          76      0.08132  0.07814  0.50   34676    2710   33321   262452   7.57
  1952          77      0.08845  0.08471  0.50   31966    2708   30612   229131   7.17
  1952          78      0.09600  0.09161  0.50   29258    2680   27918   198519   6.79
  1952          79      0.10403  0.09889  0.50   26578    2628   25264   170601   6.42
  1952          80      0.11271  0.10670  0.50   23950    2555   22672   145337   6.07
  1952          81      0.12212  0.11509  0.50   21394    2462   20163   122665   5.73
  1952          82      0.13146  0.12335  0.50   18932    2335   17765   102501   5.41
  1952          83      0.14493  0.13513  0.50   16597    2243   15476    84737   5.11
  1952          84      0.15788  0.14633  0.50   14354    2100   13304    69261   4.83
  1952          85      0.16901  0.15584  0.50   12254    1910   11299    55957   4.57
  1952          86      0.18593  0.17012  0.50   10344    1760    9464    44659   4.32
  1952          87      0.19882  0.18084  0.50    8584    1552    7808    35194   4.10
  1952          88      0.20398  0.18510  0.50    7032    1302    6381    27386   3.89
  1952          89      0.22927  0.20569  0.50    5730    1179    5141    21005   3.67
  1952          90      0.24787  0.22054  0.50    4552    1004    4050    15864   3.49
  1952          91      0.25346  0.22495  0.50    3548     798    3149    11814   3.33
  1952          92      0.28550  0.24983  0.50    2750     687    2406     8666   3.15
  1952          93      0.27908  0.24490  0.50    2063     505    1810     6259   3.03
  1952          94      0.30411  0.26397  0.50    1558     411    1352     4449   2.86
  1952          95      0.33002  0.28328  0.50    1146     325     984     3097   2.70
  1952          96      0.35008  0.29793  0.50     822     245     699     2113   2.57
  1952          97      0.37067  0.31272  0.50     577     180     487     1414   2.45
  1952          98      0.39175  0.32759  0.50     396     130     332      927   2.34
  1952          99      0.41324  0.34248  0.50     267      91     221      596   2.23
  1952         100      0.43507  0.35734  0.50     175      63     144      375   2.14
  1952         101      0.45715  0.37210  0.50     113      42      92      231   2.05
  1952         102      0.47940  0.38670  0.50      71      27      57      139   1.96
  1952         103      0.50173  0.40111  0.50      43      17      35       82   1.89
  1952         104      0.52405  0.41525  0.50      26      11      21       47   1.82
  1952         105      0.54628  0.42908  0.50      15       7      12       27   1.75
  1952         106      0.56833  0.44257  0.50       9       4       7       15   1.69
  1952         107      0.59011  0.45566  0.50       5       2       4        8   1.64
  1952         108      0.61154  0.46834  0.50       3       1       2        4   1.59
  1952         109      0.63255  0.48056  0.50       1       1       1        2   1.56
  1952         110+     0.65306  1.00000  1.53       1       1       1        1   1.53
  1953           0      0.03468  0.03367  0.14  100000    3367   97109  6579624  65.80
  1953           1      0.00234  0.00233  0.50   96633     226   96520  6482515  67.08
  1953           2      0.00138  0.00138  0.50   96407     133   96341  6385995  66.24
  1953           3      0.00108  0.00108  0.50   96274     104   96223  6289654  65.33
  1953           4      0.00086  0.00086  0.50   96171      83   96129  6193432  64.40
  1953           5      0.00074  0.00074  0.50   96088      71   96052  6097302  63.46
  1953           6      0.00062  0.00062  0.50   96017      60   95987  6001250  62.50
  1953           7      0.00069  0.00069  0.50   95957      66   95924  5905263  61.54
  1953           8      0.00063  0.00063  0.50   95891      61   95860  5809339  60.58
  1953           9      0.00057  0.00057  0.50   95830      55   95802  5713479  59.62
  1953          10      0.00051  0.00051  0.50   95775      49   95750  5617677  58.65
  1953          11      0.00057  0.00057  0.50   95726      54   95699  5521926  57.68
  1953          12      0.00065  0.00065  0.50   95672      62   95641  5426227  56.72
  1953          13      0.00076  0.00076  0.50   95610      73   95573  5330587  55.75
  1953          14      0.00090  0.00090  0.50   95537      86   95494  5235013  54.80
  1953          15      0.00110  0.00110  0.50   95451     105   95399  5139519  53.84
  1953          16      0.00130  0.00130  0.50   95346     124   95284  5044120  52.90
  1953          17      0.00144  0.00144  0.50   95222     137   95154  4948836  51.97
  1953          18      0.00164  0.00164  0.50   95085     156   95007  4853683  51.05
  1953          19      0.00187  0.00187  0.50   94930     177   94841  4758676  50.13
  1953          20      0.00205  0.00205  0.50   94752     194   94655  4663835  49.22
  1953          21      0.00213  0.00213  0.50   94558     201   94458  4569179  48.32
  1953          22      0.00217  0.00217  0.50   94357     205   94255  4474721  47.42
  1953          23      0.00210  0.00210  0.50   94152     197   94054  4380467  46.53
  1953          24      0.00204  0.00203  0.50   93955     191   93860  4286413  45.62
  1953          25      0.00195  0.00195  0.50   93764     183   93673  4192553  44.71
  1953          26      0.00186  0.00186  0.50   93581     174   93494  4098881  43.80
  1953          27      0.00182  0.00182  0.50   93407     170   93322  4005386  42.88
  1953          28      0.00193  0.00193  0.50   93237     180   93147  3912064  41.96
  1953          29      0.00198  0.00198  0.50   93058     184   92966  3818917  41.04
  1953          30      0.00202  0.00201  0.50   92874     187   92780  3725951  40.12
  1953          31      0.00206  0.00206  0.50   92687     191   92591  3633171  39.20
  1953          32      0.00222  0.00222  0.50   92496     205   92393  3540580  38.28
  1953          33      0.00234  0.00233  0.50   92291     215   92183  3448187  37.36
  1953          34      0.00246  0.00246  0.50   92075     226   91962  3356004  36.45
  1953          35      0.00261  0.00261  0.50   91849     240   91729  3264042  35.54
  1953          36      0.00278  0.00278  0.50   91609     255   91482  3172312  34.63
  1953          37      0.00302  0.00301  0.50   91355     275   91217  3080831  33.72
  1953          38      0.00334  0.00333  0.50   91079     304   90927  2989614  32.82
  1953          39      0.00370  0.00369  0.50   90776     335   90608  2898686  31.93
  1953          40      0.00416  0.00415  0.50   90441     376   90253  2808078  31.05
  1953          41      0.00463  0.00462  0.50   90065     416   89857  2717825  30.18
  1953          42      0.00513  0.00512  0.50   89649     459   89420  2627968  29.31
  1953          43      0.00559  0.00558  0.50   89190     497   88941  2538548  28.46
  1953          44      0.00608  0.00607  0.50   88693     538   88424  2449607  27.62
  1953          45      0.00664  0.00662  0.50   88155     583   87863  2361183  26.78
  1953          46      0.00734  0.00731  0.50   87572     640   87252  2273320  25.96
  1953          47      0.00804  0.00800  0.50   86931     696   86584  2186068  25.15
  1953          48      0.00872  0.00868  0.50   86236     748   85862  2099485  24.35
  1953          49      0.00982  0.00977  0.50   85487     835   85070  2013623  23.55
  1953          50      0.01089  0.01083  0.50   84652     917   84194  1928553  22.78
  1953          51      0.01191  0.01184  0.50   83735     991   83240  1844360  22.03
  1953          52      0.01289  0.01280  0.50   82744    1059   82214  1761120  21.28
  1953          53      0.01413  0.01403  0.50   81684    1146   81112  1678906  20.55
  1953          54      0.01554  0.01542  0.50   80539    1242   79918  1597794  19.84
  1953          55      0.01686  0.01672  0.50   79296    1326   78634  1517877  19.14
  1953          56      0.01822  0.01806  0.50   77971    1408   77267  1439243  18.46
  1953          57      0.01960  0.01941  0.50   76563    1486   75820  1361976  17.79
  1953          58      0.02075  0.02054  0.50   75077    1542   74306  1286156  17.13
  1953          59      0.02219  0.02195  0.50   73535    1614   72728  1211850  16.48
  1953          60      0.02434  0.02404  0.50   71921    1729   71056  1139123  15.84
  1953          61      0.02663  0.02628  0.50   70192    1845   69269  1068066  15.22
  1953          62      0.02896  0.02855  0.50   68347    1951   67371   998797  14.61
  1953          63      0.03127  0.03079  0.50   66396    2044   65374   931425  14.03
  1953          64      0.03375  0.03319  0.50   64351    2136   63284   866052  13.46
  1953          65      0.03643  0.03578  0.50   62216    2226   61103   802768  12.90
  1953          66      0.03900  0.03825  0.50   59990    2295   58842   741665  12.36
  1953          67      0.04107  0.04025  0.50   57695    2322   56534   682823  11.84
  1953          68      0.04375  0.04281  0.50   55373    2371   54188   626289  11.31
  1953          69      0.04625  0.04521  0.50   53002    2396   51804   572102  10.79
  1953          70      0.04997  0.04875  0.50   50606    2467   49373   520297  10.28
  1953          71      0.05402  0.05260  0.50   48139    2532   46873   470924   9.78
  1953          72      0.05899  0.05730  0.50   45607    2613   44301   424051   9.30
  1953          73      0.06383  0.06186  0.50   42994    2659   41664   379750   8.83
  1953          74      0.07015  0.06777  0.50   40334    2733   38968   338086   8.38
  1953          75      0.07559  0.07284  0.50   37601    2739   36232   299119   7.96
  1953          76      0.08148  0.07829  0.50   34862    2729   33497   262887   7.54
  1953          77      0.08765  0.08397  0.50   32133    2698   30784   229390   7.14
  1953          78      0.09497  0.09066  0.50   29435    2669   28100   198606   6.75
  1953          79      0.10353  0.09844  0.50   26766    2635   25448   170506   6.37
  1953          80      0.11354  0.10744  0.50   24131    2593   22835   145057   6.01
  1953          81      0.12319  0.11604  0.50   21538    2499   20289   122222   5.67
  1953          82      0.13349  0.12514  0.50   19039    2383   17848   101934   5.35
  1953          83      0.14301  0.13347  0.50   16657    2223   15545    84086   5.05
  1953          84      0.15654  0.14517  0.50   14433    2095   13386    68541   4.75
  1953          85      0.17163  0.15806  0.50   12338    1950   11363    55155   4.47
  1953          86      0.19515  0.17780  0.50   10388    1847    9464    43792   4.22
  1953          87      0.20274  0.18408  0.50    8541    1572    7755    34328   4.02
  1953          88      0.21357  0.19296  0.50    6969    1345    6296    26573   3.81
  1953          89      0.22513  0.20235  0.50    5624    1138    5055    20276   3.61
  1953          90      0.25409  0.22545  0.50    4486    1011    3980    15221   3.39
  1953          91      0.25907  0.22936  0.50    3475     797    3076    11241   3.24
  1953          92      0.28604  0.25025  0.50    2678     670    2343     8165   3.05
  1953          93      0.31794  0.27433  0.50    2008     551    1732     5822   2.90
  1953          94      0.30466  0.26439  0.50    1457     385    1264     4090   2.81
  1953          95      0.33886  0.28976  0.50    1072     311     916     2826   2.64
  1953          96      0.35970  0.30487  0.50     761     232     645     1909   2.51
  1953          97      0.38108  0.32009  0.50     529     169     444     1264   2.39
  1953          98      0.40293  0.33537  0.50     360     121     299      820   2.28
  1953          99      0.42518  0.35064  0.50     239      84     197      520   2.18
  1953         100      0.44773  0.36584  0.50     155      57     127      323   2.08
  1953         101      0.47051  0.38090  0.50      98      38      80      196   1.99
  1953         102      0.49340  0.39577  0.50      61      24      49      117   1.91
  1953         103      0.51632  0.41038  0.50      37      15      29       68   1.84
  1953         104      0.53918  0.42469  0.50      22       9      17       38   1.77
  1953         105      0.56187  0.43864  0.50      12       5      10       21   1.71
  1953         106      0.58430  0.45219  0.50       7       3       5       12   1.65
  1953         107      0.60639  0.46531  0.50       4       2       3        6   1.60
  1953         108      0.62805  0.47796  0.50       2       1       2        3   1.55
  1953         109      0.64922  0.49012  0.50       1       1       1        2   1.52
  1953         110+     0.66981  1.00000  1.49       1       1       1        1   1.49
  1954           0      0.03299  0.03208  0.14  100000    3208   97228  6657199  66.57
  1954           1      0.00211  0.00211  0.50   96792     204   96690  6559971  67.77
  1954           2      0.00127  0.00127  0.50   96588     122   96527  6463280  66.92
  1954           3      0.00096  0.00096  0.50   96466      92   96419  6366754  66.00
  1954           4      0.00077  0.00077  0.50   96373      74   96336  6270334  65.06
  1954           5      0.00068  0.00068  0.50   96299      66   96266  6173998  64.11
  1954           6      0.00062  0.00062  0.50   96233      59   96203  6077733  63.16
  1954           7      0.00053  0.00053  0.50   96174      51   96148  5981529  62.20
  1954           8      0.00062  0.00062  0.50   96122      60   96092  5885381  61.23
  1954           9      0.00057  0.00057  0.50   96062      55   96035  5789289  60.27
  1954          10      0.00051  0.00051  0.50   96007      49   95983  5693254  59.30
  1954          11      0.00048  0.00048  0.50   95958      46   95935  5597272  58.33
  1954          12      0.00056  0.00056  0.50   95912      54   95885  5501337  57.36
  1954          13      0.00067  0.00067  0.50   95858      64   95826  5405452  56.39
  1954          14      0.00082  0.00082  0.50   95794      78   95755  5309626  55.43
  1954          15      0.00101  0.00101  0.50   95715      97   95667  5213872  54.47
  1954          16      0.00118  0.00118  0.50   95618     113   95562  5118205  53.53
  1954          17      0.00135  0.00135  0.50   95505     129   95441  5022643  52.59
  1954          18      0.00155  0.00154  0.50   95376     147   95303  4927202  51.66
  1954          19      0.00168  0.00168  0.50   95229     160   95149  4831899  50.74
  1954          20      0.00191  0.00191  0.50   95069     182   94978  4736750  49.82
  1954          21      0.00199  0.00199  0.50   94887     189   94793  4641772  48.92
  1954          22      0.00204  0.00203  0.50   94698     193   94602  4546979  48.02
  1954          23      0.00193  0.00193  0.50   94506     183   94414  4452377  47.11
  1954          24      0.00189  0.00189  0.50   94323     178   94234  4357962  46.20
  1954          25      0.00186  0.00186  0.50   94145     175   94058  4263728  45.29
  1954          26      0.00178  0.00178  0.50   93970     167   93887  4169670  44.37
  1954          27      0.00175  0.00175  0.50   93803     164   93721  4075783  43.45
  1954          28      0.00186  0.00186  0.50   93639     174   93552  3982062  42.53
  1954          29      0.00190  0.00190  0.50   93465     178   93376  3888510  41.60
  1954          30      0.00193  0.00193  0.50   93287     180   93197  3795135  40.68
  1954          31      0.00199  0.00199  0.50   93107     185   93014  3701938  39.76
  1954          32      0.00210  0.00209  0.50   92922     195   92825  3608923  38.84
  1954          33      0.00216  0.00216  0.50   92727     200   92627  3516098  37.92
  1954          34      0.00230  0.00229  0.50   92527     212   92421  3423471  37.00
  1954          35      0.00248  0.00247  0.50   92315     228   92200  3331051  36.08
  1954          36      0.00262  0.00262  0.50   92086     241   91966  3238850  35.17
  1954          37      0.00282  0.00281  0.50   91845     258   91716  3146885  34.26
  1954          38      0.00313  0.00312  0.50   91587     286   91444  3055169  33.36
  1954          39      0.00344  0.00344  0.50   91301     314   91144  2963725  32.46
  1954          40      0.00382  0.00381  0.50   90987     347   90813  2872581  31.57
  1954          41      0.00421  0.00421  0.50   90640     381   90449  2781768  30.69
  1954          42      0.00471  0.00470  0.50   90259     424   90047  2691318  29.82
  1954          43      0.00520  0.00519  0.50   89835     466   89602  2601272  28.96
  1954          44      0.00568  0.00567  0.50   89369     507   89116  2511670  28.10
  1954          45      0.00623  0.00621  0.50   88862     552   88586  2422554  27.26
  1954          46      0.00693  0.00690  0.50   88311     610   88006  2333968  26.43
  1954          47      0.00764  0.00762  0.50   87701     668   87367  2245962  25.61
  1954          48      0.00833  0.00829  0.50   87033     722   86672  2158595  24.80
  1954          49      0.00938  0.00933  0.50   86311     806   85909  2071923  24.01
  1954          50      0.01039  0.01034  0.50   85506     884   85064  1986014  23.23
  1954          51      0.01140  0.01134  0.50   84622     959   84142  1900950  22.46
  1954          52      0.01246  0.01238  0.50   83663    1036   83145  1816808  21.72
  1954          53      0.01354  0.01344  0.50   82627    1111   82071  1733663  20.98
  1954          54      0.01463  0.01452  0.50   81516    1184   80924  1651592  20.26
  1954          55      0.01580  0.01567  0.50   80332    1259   79703  1570668  19.55
  1954          56      0.01716  0.01701  0.50   79073    1345   78401  1490965  18.86
  1954          57      0.01843  0.01826  0.50   77728    1420   77018  1412564  18.17
  1954          58      0.01947  0.01928  0.50   76309    1471   75573  1335546  17.50
  1954          59      0.02102  0.02080  0.50   74837    1557   74059  1259973  16.84
  1954          60      0.02310  0.02283  0.50   73281    1673   72444  1185914  16.18
  1954          61      0.02505  0.02474  0.50   71607    1772   70721  1113470  15.55
  1954          62      0.02727  0.02691  0.50   69836    1879   68896  1042748  14.93
  1954          63      0.03000  0.02956  0.50   67957    2008   66952   973852  14.33
  1954          64      0.03263  0.03211  0.50   65948    2117   64889   906900  13.75
  1954          65      0.03503  0.03442  0.50   63831    2197   62732   842011  13.19
  1954          66      0.03760  0.03691  0.50   61633    2275   60496   779279  12.64
  1954          67      0.04006  0.03927  0.50   59359    2331   58193   718782  12.11
  1954          68      0.04276  0.04187  0.50   57028    2388   55834   660589  11.58
  1954          69      0.04497  0.04398  0.50   54640    2403   53438   604755  11.07
  1954          70      0.04854  0.04739  0.50   52237    2475   50999   551317  10.55
  1954          71      0.05273  0.05137  0.50   49761    2556   48483   500318  10.05
  1954          72      0.05740  0.05580  0.50   47205    2634   45888   451834   9.57
  1954          73      0.06178  0.05993  0.50   44571    2671   43236   405946   9.11
  1954          74      0.06774  0.06552  0.50   41900    2745   40527   362711   8.66
  1954          75      0.07314  0.07056  0.50   39155    2763   37773   322184   8.23
  1954          76      0.07870  0.07572  0.50   36392    2756   35014   284410   7.82
  1954          77      0.08392  0.08054  0.50   33636    2709   32282   249397   7.41
  1954          78      0.08992  0.08606  0.50   30927    2661   29596   217115   7.02
  1954          79      0.09730  0.09279  0.50   28266    2623   26954   187519   6.63
  1954          80      0.10833  0.10276  0.50   25643    2635   24325   160564   6.26
  1954          81      0.11696  0.11050  0.50   23008    2542   21737   136239   5.92
  1954          82      0.12667  0.11913  0.50   20466    2438   19247   114502   5.59
  1954          83      0.13696  0.12818  0.50   18028    2311   16872    95256   5.28
  1954          84      0.14599  0.13606  0.50   15717    2138   14648    78384   4.99
  1954          85      0.16038  0.14847  0.50   13578    2016   12570    63736   4.69
  1954          86      0.17746  0.16299  0.50   11562    1885   10620    51166   4.43
  1954          87      0.19268  0.17575  0.50    9678    1701    8827    40546   4.19
  1954          88      0.20437  0.18543  0.50    7977    1479    7237    31719   3.98
  1954          89      0.21555  0.19458  0.50    6498    1264    5866    24481   3.77
  1954          90      0.23082  0.20694  0.50    5233    1083    4692    18616   3.56
  1954          91      0.24663  0.21956  0.50    4150     911    3695    13924   3.35
  1954          92      0.27412  0.24108  0.50    3239     781    2849    10229   3.16
  1954          93      0.29655  0.25825  0.50    2458     635    2141     7380   3.00
  1954          94      0.31437  0.27167  0.50    1823     495    1576     5239   2.87
  1954          95      0.32135  0.27686  0.50    1328     368    1144     3664   2.76
  1954          96      0.34140  0.29162  0.50     960     280     820     2519   2.62
  1954          97      0.36204  0.30655  0.50     680     209     576     1699   2.50
  1954          98      0.38320  0.32159  0.50     472     152     396     1123   2.38
  1954          99      0.40482  0.33667  0.50     320     108     266      727   2.27
  1954         100      0.42680  0.35174  0.50     212      75     175      461   2.17
  1954         101      0.44909  0.36674  0.50     138      50     112      286   2.08
  1954         102      0.47157  0.38160  0.50      87      33      71      174   1.99
  1954         103      0.49418  0.39627  0.50      54      21      43      103   1.91
  1954         104      0.51681  0.41068  0.50      33      13      26       60   1.84
  1954         105      0.53936  0.42480  0.50      19       8      15       34   1.77
  1954         106      0.56176  0.43858  0.50      11       5       9       19   1.71
  1954         107      0.58391  0.45196  0.50       6       3       5       10   1.65
  1954         108      0.60573  0.46492  0.50       3       2       3        5   1.61
  1954         109      0.62713  0.47743  0.50       2       1       1        3   1.57
  1954         110+     0.64805  1.00000  1.54       1       1       1        1   1.54
  1955           0      0.03210  0.03123  0.13  100000    3123   97292  6657978  66.58
  1955           1      0.00204  0.00203  0.50   96877     197   96778  6560686  67.72
  1955           2      0.00121  0.00121  0.50   96680     117   96621  6463907  66.86
  1955           3      0.00094  0.00094  0.50   96563      91   96517  6367286  65.94
  1955           4      0.00072  0.00072  0.50   96472      69   96437  6270769  65.00
  1955           5      0.00066  0.00066  0.50   96403      63   96371  6174332  64.05
  1955           6      0.00062  0.00062  0.50   96339      60   96309  6077961  63.09
  1955           7      0.00057  0.00057  0.50   96279      55   96252  5981651  62.13
  1955           8      0.00051  0.00051  0.50   96224      49   96200  5885399  61.16
  1955           9      0.00060  0.00060  0.50   96175      57   96146  5789200  60.19
  1955          10      0.00054  0.00054  0.50   96118      52   96092  5693054  59.23
  1955          11      0.00051  0.00051  0.50   96066      49   96041  5596962  58.26
  1955          12      0.00051  0.00051  0.50   96016      49   95992  5500921  57.29
  1955          13      0.00063  0.00063  0.50   95967      61   95937  5404929  56.32
  1955          14      0.00078  0.00078  0.50   95907      75   95869  5308992  55.36
  1955          15      0.00100  0.00100  0.50   95832      96   95784  5213123  54.40
  1955          16      0.00118  0.00118  0.50   95736     113   95679  5117339  53.45
  1955          17      0.00134  0.00134  0.50   95623     128   95559  5021659  52.52
  1955          18      0.00161  0.00160  0.50   95495     153   95418  4926100  51.58
  1955          19      0.00177  0.00176  0.50   95342     168   95258  4830682  50.67
  1955          20      0.00191  0.00190  0.50   95174     181   95083  4735424  49.76
  1955          21      0.00207  0.00207  0.50   94992     197   94894  4640341  48.85
  1955          22      0.00212  0.00211  0.50   94796     200   94695  4545447  47.95
  1955          23      0.00201  0.00201  0.50   94595     190   94500  4450752  47.05
  1955          24      0.00192  0.00192  0.50   94405     181   94315  4356252  46.14
  1955          25      0.00186  0.00186  0.50   94224     175   94136  4261937  45.23
  1955          26      0.00178  0.00178  0.50   94049     168   93965  4167801  44.32
  1955          27      0.00173  0.00173  0.50   93881     162   93800  4073836  43.39
  1955          28      0.00181  0.00181  0.50   93719     170   93634  3980036  42.47
  1955          29      0.00186  0.00185  0.50   93549     174   93462  3886402  41.54
  1955          30      0.00187  0.00187  0.50   93375     174   93288  3792940  40.62
  1955          31      0.00192  0.00192  0.50   93201     178   93112  3699652  39.70
  1955          32      0.00205  0.00205  0.50   93022     190   92927  3606541  38.77
  1955          33      0.00210  0.00210  0.50   92832     195   92735  3513613  37.85
  1955          34      0.00221  0.00221  0.50   92637     205   92535  3420878  36.93
  1955          35      0.00243  0.00243  0.50   92433     225   92320  3328343  36.01
  1955          36      0.00264  0.00263  0.50   92208     243   92087  3236023  35.09
  1955          37      0.00283  0.00283  0.50   91965     260   91835  3143937  34.19
  1955          38      0.00315  0.00315  0.50   91705     289   91561  3052102  33.28
  1955          39      0.00348  0.00347  0.50   91416     318   91258  2960541  32.39
  1955          40      0.00383  0.00382  0.50   91099     348   90925  2869283  31.50
  1955          41      0.00419  0.00419  0.50   90751     380   90561  2778359  30.62
  1955          42      0.00467  0.00466  0.50   90371     421   90160  2687798  29.74
  1955          43      0.00516  0.00515  0.50   89950     463   89718  2597638  28.88
  1955          44      0.00568  0.00567  0.50   89487     507   89233  2507920  28.03
  1955          45      0.00622  0.00620  0.50   88980     552   88704  2418686  27.18
  1955          46      0.00686  0.00683  0.50   88428     604   88126  2329983  26.35
  1955          47      0.00755  0.00752  0.50   87824     661   87493  2241857  25.53
  1955          48      0.00822  0.00819  0.50   87163     714   86806  2154363  24.72
  1955          49      0.00919  0.00914  0.50   86449     791   86054  2067557  23.92
  1955          50      0.01018  0.01013  0.50   85659     868   85225  1981503  23.13
  1955          51      0.01114  0.01108  0.50   84791     940   84321  1896278  22.36
  1955          52      0.01222  0.01215  0.50   83852    1018   83342  1811957  21.61
  1955          53      0.01348  0.01339  0.50   82833    1109   82279  1728615  20.87
  1955          54      0.01461  0.01450  0.50   81724    1185   81131  1646336  20.15
  1955          55      0.01569  0.01557  0.50   80539    1254   79912  1565205  19.43
  1955          56      0.01716  0.01701  0.50   79285    1349   78611  1485293  18.73
  1955          57      0.01863  0.01846  0.50   77936    1439   77217  1406682  18.05
  1955          58      0.01970  0.01951  0.50   76497    1492   75751  1329465  17.38
  1955          59      0.02127  0.02105  0.50   75005    1579   74216  1253714  16.71
  1955          60      0.02330  0.02303  0.50   73427    1691   72581  1179498  16.06
  1955          61      0.02513  0.02482  0.50   71735    1780   70845  1106917  15.43
  1955          62      0.02702  0.02666  0.50   69955    1865   69023  1036071  14.81
  1955          63      0.02965  0.02921  0.50   68090    1989   67096   967049  14.20
  1955          64      0.03269  0.03217  0.50   66101    2126   65038   899953  13.61
  1955          65      0.03530  0.03469  0.50   63975    2219   62865   834915  13.05
  1955          66      0.03769  0.03699  0.50   61756    2284   60613   772050  12.50
  1955          67      0.04030  0.03950  0.50   59471    2349   58297   711436  11.96
  1955          68      0.04332  0.04240  0.50   57122    2422   55911   653140  11.43
  1955          69      0.04568  0.04466  0.50   54700    2443   53478   597229  10.92
  1955          70      0.04919  0.04801  0.50   52257    2509   51003   543750  10.41
  1955          71      0.05337  0.05198  0.50   49748    2586   48456   492748   9.90
  1955          72      0.05820  0.05656  0.50   47163    2667   45829   444292   9.42
  1955          73      0.06279  0.06087  0.50   44495    2709   43141   398463   8.96
  1955          74      0.06883  0.06654  0.50   41787    2781   40396   355322   8.50
  1955          75      0.07484  0.07214  0.50   39006    2814   37599   314926   8.07
  1955          76      0.08116  0.07799  0.50   36192    2823   34781   277327   7.66
  1955          77      0.08663  0.08303  0.50   33370    2771   31984   242546   7.27
  1955          78      0.09260  0.08851  0.50   30599    2708   29245   210562   6.88
  1955          79      0.09878  0.09413  0.50   27891    2625   26578   181317   6.50
  1955          80      0.10828  0.10271  0.50   25265    2595   23968   154739   6.12
  1955          81      0.11920  0.11249  0.50   22670    2550   21395   130771   5.77
  1955          82      0.12933  0.12148  0.50   20120    2444   18898   109376   5.44
  1955          83      0.14199  0.13258  0.50   17676    2343   16504    90478   5.12
  1955          84      0.15724  0.14577  0.50   15332    2235   14215    73974   4.82
  1955          85      0.17051  0.15711  0.50   13097    2058   12068    59759   4.56
  1955          86      0.18075  0.16577  0.50   11040    1830   10125    47691   4.32
  1955          87      0.19931  0.18125  0.50    9209    1669    8375    37566   4.08
  1955          88      0.20991  0.18997  0.50    7540    1432    6824    29192   3.87
  1955          89      0.22957  0.20593  0.50    6108    1258    5479    22367   3.66
  1955          90      0.24237  0.21618  0.50    4850    1048    4326    16889   3.48
  1955          91      0.25094  0.22296  0.50    3802     848    3378    12563   3.30
  1955          92      0.27265  0.23994  0.50    2954     709    2600     9185   3.11
  1955          93      0.29652  0.25823  0.50    2245     580    1955     6585   2.93
  1955          94      0.31973  0.27566  0.50    1665     459    1436     4630   2.78
  1955          95      0.33645  0.28800  0.50    1206     347    1033     3194   2.65
  1955          96      0.35762  0.30338  0.50     859     261     729     2162   2.52
  1955          97      0.37937  0.31888  0.50     598     191     503     1433   2.39
  1955          98      0.40161  0.33445  0.50     408     136     339      930   2.28
  1955          99      0.42427  0.35002  0.50     271      95     224      591   2.18
  1955         100      0.44724  0.36551  0.50     176      64     144      367   2.08
  1955         101      0.47045  0.38086  0.50     112      43      91      223   1.99
  1955         102      0.49378  0.39601  0.50      69      27      56      132   1.91
  1955         103      0.51714  0.41089  0.50      42      17      33       77   1.83
  1955         104      0.54043  0.42546  0.50      25      10      19       43   1.76
  1955         105      0.56354  0.43965  0.50      14       6      11       24   1.70
  1955         106      0.58637  0.45343  0.50       8       4       6       13   1.64
  1955         107      0.60884  0.46675  0.50       4       2       3        7   1.59
  1955         108      0.63086  0.47959  0.50       2       1       2        4   1.55
  1955         109      0.65235  0.49190  0.50       1       1       1        2   1.51
  1955         110+     0.67324  1.00000  1.49       1       1       1        1   1.49
  1956           0      0.03173  0.03088  0.13  100000    3088   97319  6660940  66.61
  1956           1      0.00194  0.00194  0.50   96912     188   96818  6563621  67.73
  1956           2      0.00117  0.00117  0.50   96724     113   96668  6466803  66.86
  1956           3      0.00090  0.00090  0.50   96611      87   96568  6370136  65.94
  1956           4      0.00074  0.00074  0.50   96525      71   96489  6273568  64.99
  1956           5      0.00067  0.00066  0.50   96454      64   96422  6177079  64.04
  1956           6      0.00062  0.00062  0.50   96389      60   96359  6080657  63.08
  1956           7      0.00056  0.00056  0.50   96329      54   96302  5984298  62.12
  1956           8      0.00051  0.00051  0.50   96275      49   96251  5887996  61.16
  1956           9      0.00045  0.00045  0.50   96226      43   96204  5791745  60.19
  1956          10      0.00052  0.00052  0.50   96183      50   96158  5695541  59.22
  1956          11      0.00051  0.00051  0.50   96133      49   96108  5599383  58.25
  1956          12      0.00053  0.00053  0.50   96083      51   96058  5503275  57.28
  1956          13      0.00058  0.00058  0.50   96032      56   96004  5407217  56.31
  1956          14      0.00075  0.00075  0.50   95976      72   95940  5311213  55.34
  1956          15      0.00097  0.00097  0.50   95905      93   95858  5215273  54.38
  1956          16      0.00119  0.00119  0.50   95811     114   95754  5119415  53.43
  1956          17      0.00135  0.00135  0.50   95697     129   95633  5023660  52.50
  1956          18      0.00160  0.00160  0.50   95568     153   95492  4928028  51.57
  1956          19      0.00181  0.00181  0.50   95416     173   95329  4832536  50.65
  1956          20      0.00195  0.00195  0.50   95243     185   95150  4737206  49.74
  1956          21      0.00201  0.00201  0.50   95058     191   94962  4642056  48.83
  1956          22      0.00214  0.00214  0.50   94866     203   94765  4547094  47.93
  1956          23      0.00205  0.00205  0.50   94663     194   94566  4452329  47.03
  1956          24      0.00195  0.00195  0.50   94470     184   94378  4357763  46.13
  1956          25      0.00184  0.00184  0.50   94285     173   94199  4263385  45.22
  1956          26      0.00174  0.00174  0.50   94112     164   94030  4169186  44.30
  1956          27      0.00170  0.00170  0.50   93949     160   93869  4075156  43.38
  1956          28      0.00177  0.00177  0.50   93789     166   93706  3981287  42.45
  1956          29      0.00184  0.00184  0.50   93623     172   93537  3887581  41.52
  1956          30      0.00190  0.00189  0.50   93451     177   93362  3794044  40.60
  1956          31      0.00194  0.00194  0.50   93274     181   93183  3700682  39.68
  1956          32      0.00208  0.00207  0.50   93093     193   92997  3607498  38.75
  1956          33      0.00215  0.00214  0.50   92900     199   92800  3514502  37.83
  1956          34      0.00221  0.00221  0.50   92701     205   92599  3421701  36.91
  1956          35      0.00236  0.00236  0.50   92496     218   92387  3329103  35.99
  1956          36      0.00256  0.00256  0.50   92278     236   92160  3236715  35.08
  1956          37      0.00277  0.00277  0.50   92042     255   91915  3144555  34.16
  1956          38      0.00309  0.00308  0.50   91787     283   91646  3052641  33.26
  1956          39      0.00341  0.00340  0.50   91504     311   91349  2960995  32.36
  1956          40      0.00376  0.00376  0.50   91193     343   91022  2869646  31.47
  1956          41      0.00414  0.00413  0.50   90850     376   90663  2778624  30.58
  1956          42      0.00463  0.00462  0.50   90475     418   90266  2687962  29.71
  1956          43      0.00511  0.00510  0.50   90057     459   89827  2597696  28.84
  1956          44      0.00566  0.00564  0.50   89598     506   89345  2507868  27.99
  1956          45      0.00628  0.00626  0.50   89092     558   88813  2418523  27.15
  1956          46      0.00690  0.00687  0.50   88534     609   88230  2329710  26.31
  1956          47      0.00753  0.00750  0.50   87926     659   87596  2241480  25.49
  1956          48      0.00817  0.00814  0.50   87266     710   86911  2153884  24.68
  1956          49      0.00905  0.00900  0.50   86556     779   86167  2066973  23.88
  1956          50      0.00997  0.00992  0.50   85777     851   85351  1980807  23.09
  1956          51      0.01091  0.01085  0.50   84926     922   84465  1895455  22.32
  1956          52      0.01193  0.01186  0.50   84004     996   83506  1810990  21.56
  1956          53      0.01321  0.01312  0.50   83008    1089   82463  1727484  20.81
  1956          54      0.01459  0.01448  0.50   81918    1186   81325  1645021  20.08
  1956          55      0.01575  0.01562  0.50   80732    1261   80102  1563696  19.37
  1956          56      0.01713  0.01699  0.50   79471    1350   78796  1483594  18.67
  1956          57      0.01874  0.01857  0.50   78121    1450   77396  1404799  17.98
  1956          58      0.02010  0.01990  0.50   76670    1525   75908  1327403  17.31
  1956          59      0.02190  0.02166  0.50   75145    1628   74331  1251495  16.65
  1956          60      0.02392  0.02364  0.50   73517    1738   72648  1177165  16.01
  1956          61      0.02579  0.02547  0.50   71779    1828   70865  1104517  15.39
  1956          62      0.02764  0.02726  0.50   69951    1907   68997  1033652  14.78
  1956          63      0.02991  0.02947  0.50   68044    2005   67041   964654  14.18
  1956          64      0.03270  0.03217  0.50   66039    2125   64977   897613  13.59
  1956          65      0.03560  0.03497  0.50   63914    2235   62797   832636  13.03
  1956          66      0.03809  0.03738  0.50   61679    2305   60526   769839  12.48
  1956          67      0.04042  0.03962  0.50   59374    2352   58197   709313  11.95
  1956          68      0.04330  0.04239  0.50   57021    2417   55813   651116  11.42
  1956          69      0.04594  0.04491  0.50   54604    2452   53378   595303  10.90
  1956          70      0.04972  0.04851  0.50   52152    2530   50887   541925  10.39
  1956          71      0.05366  0.05226  0.50   49622    2593   48326   491037   9.90
  1956          72      0.05795  0.05632  0.50   47029    2648   45705   442712   9.41
  1956          73      0.06244  0.06055  0.50   44380    2687   43037   397007   8.95
  1956          74      0.06819  0.06594  0.50   41693    2749   40319   353970   8.49
  1956          75      0.07372  0.07110  0.50   38944    2769   37560   313652   8.05
  1956          76      0.08005  0.07697  0.50   36175    2784   34783   276092   7.63
  1956          77      0.08605  0.08250  0.50   33391    2755   32013   241309   7.23
  1956          78      0.09315  0.08901  0.50   30636    2727   29272   209296   6.83
  1956          79      0.10031  0.09552  0.50   27909    2666   26576   180024   6.45
  1956          80      0.11051  0.10472  0.50   25243    2644   23921   153448   6.08
  1956          81      0.12103  0.11412  0.50   22599    2579   21310   129527   5.73
  1956          82      0.13383  0.12543  0.50   20020    2511   18765   108217   5.41
  1956          83      0.14353  0.13392  0.50   17509    2345   16337    89452   5.11
  1956          84      0.15312  0.14223  0.50   15164    2157   14086    73115   4.82
  1956          85      0.16646  0.15367  0.50   13007    1999   12008    59029   4.54
  1956          86      0.19296  0.17598  0.50   11009    1937   10040    47021   4.27
  1956          87      0.19715  0.17946  0.50    9071    1628    8257    36981   4.08
  1956          88      0.20933  0.18949  0.50    7443    1410    6738    28724   3.86
  1956          89      0.23039  0.20659  0.50    6033    1246    5410    21986   3.64
  1956          90      0.24912  0.22153  0.50    4787    1060    4256    16576   3.46
  1956          91      0.25481  0.22601  0.50    3726     842    3305    12319   3.31
  1956          92      0.26694  0.23551  0.50    2884     679    2544     9014   3.13
  1956          93      0.30322  0.26330  0.50    2205     581    1915     6470   2.93
  1956          94      0.31448  0.27175  0.50    1624     441    1404     4555   2.80
  1956          95      0.33467  0.28670  0.50    1183     339    1013     3152   2.66
  1956          96      0.35537  0.30175  0.50     844     255     716     2138   2.53
  1956          97      0.37662  0.31694  0.50     589     187     496     1422   2.41
  1956          98      0.39836  0.33219  0.50     402     134     336      926   2.30
  1956          99      0.42050  0.34745  0.50     269      93     222      590   2.20
  1956         100      0.44297  0.36265  0.50     175      64     144      368   2.10
  1956         101      0.46568  0.37773  0.50     112      42      91      225   2.01
  1956         102      0.48853  0.39262  0.50      70      27      56      134   1.93
  1956         103      0.51142  0.40728  0.50      42      17      34       78   1.85
  1956         104      0.53427  0.42164  0.50      25      11      20       45   1.78
  1956         105      0.55698  0.43565  0.50      14       6      11       25   1.72
  1956         106      0.57945  0.44928  0.50       8       4       6       14   1.66
  1956         107      0.60159  0.46248  0.50       5       2       3        7   1.61
  1956         108      0.62333  0.47522  0.50       2       1       2        4   1.56
  1956         109      0.64458  0.48747  0.50       1       1       1        2   1.53
  1956         110+     0.66528  1.00000  1.50       1       1       1        1   1.50
  1957           0      0.03164  0.03080  0.13  100000    3080   97325  6636286  66.36
  1957           1      0.00198  0.00197  0.50   96920     191   96825  6538961  67.47
  1957           2      0.00119  0.00119  0.50   96729     115   96671  6442136  66.60
  1957           3      0.00087  0.00087  0.50   96614      84   96572  6345465  65.68
  1957           4      0.00073  0.00073  0.50   96530      70   96495  6248893  64.74
  1957           5      0.00067  0.00066  0.50   96460      64   96428  6152399  63.78
  1957           6      0.00062  0.00062  0.50   96395      60   96366  6055971  62.82
  1957           7      0.00058  0.00058  0.50   96336      56   96308  5959606  61.86
  1957           8      0.00054  0.00054  0.50   96280      52   96254  5863298  60.90
  1957           9      0.00049  0.00049  0.50   96228      47   96204  5767044  59.93
  1957          10      0.00044  0.00044  0.50   96181      42   96160  5670840  58.96
  1957          11      0.00055  0.00055  0.50   96139      53   96112  5574680  57.99
  1957          12      0.00060  0.00060  0.50   96085      57   96057  5478568  57.02
  1957          13      0.00067  0.00067  0.50   96028      64   95996  5382511  56.05
  1957          14      0.00075  0.00075  0.50   95964      72   95928  5286515  55.09
  1957          15      0.00101  0.00101  0.50   95892      96   95844  5190587  54.13
  1957          16      0.00124  0.00124  0.50   95795     119   95736  5094744  53.18
  1957          17      0.00143  0.00143  0.50   95677     136   95608  4999007  52.25
  1957          18      0.00164  0.00164  0.50   95540     157   95462  4903399  51.32
  1957          19      0.00178  0.00178  0.50   95383     170   95299  4807937  50.41
  1957          20      0.00191  0.00191  0.50   95214     182   95123  4712639  49.50
  1957          21      0.00195  0.00195  0.50   95032     185   94939  4617516  48.59
  1957          22      0.00196  0.00196  0.50   94847     186   94754  4522576  47.68
  1957          23      0.00197  0.00197  0.50   94661     187   94567  4427823  46.78
  1957          24      0.00191  0.00191  0.50   94474     181   94384  4333255  45.87
  1957          25      0.00184  0.00184  0.50   94293     173   94207  4238871  44.95
  1957          26      0.00172  0.00172  0.50   94120     162   94039  4144665  44.04
  1957          27      0.00169  0.00169  0.50   93958     159   93879  4050625  43.11
  1957          28      0.00177  0.00177  0.50   93800     166   93717  3956746  42.18
  1957          29      0.00185  0.00184  0.50   93634     173   93547  3863029  41.26
  1957          30      0.00191  0.00190  0.50   93461     178   93372  3769482  40.33
  1957          31      0.00197  0.00196  0.50   93283     183   93191  3676110  39.41
  1957          32      0.00209  0.00209  0.50   93100     195   93003  3582918  38.48
  1957          33      0.00218  0.00218  0.50   92905     202   92804  3489916  37.56
  1957          34      0.00229  0.00229  0.50   92703     212   92597  3397112  36.65
  1957          35      0.00244  0.00244  0.50   92491     226   92378  3304515  35.73
  1957          36      0.00262  0.00261  0.50   92265     241   92145  3212137  34.81
  1957          37      0.00286  0.00285  0.50   92024     263   91893  3119993  33.90
  1957          38      0.00325  0.00324  0.50   91762     298   91613  3028100  33.00
  1957          39      0.00357  0.00356  0.50   91464     326   91301  2936487  32.11
  1957          40      0.00390  0.00390  0.50   91138     355   90961  2845186  31.22
  1957          41      0.00429  0.00428  0.50   90783     389   90589  2754226  30.34
  1957          42      0.00478  0.00477  0.50   90394     431   90179  2663637  29.47
  1957          43      0.00522  0.00520  0.50   89963     468   89729  2573458  28.61
  1957          44      0.00568  0.00567  0.50   89495     507   89241  2483729  27.75
  1957          45      0.00627  0.00625  0.50   88988     556   88710  2394488  26.91
  1957          46      0.00692  0.00689  0.50   88432     610   88127  2305778  26.07
  1957          47      0.00756  0.00753  0.50   87822     662   87491  2217651  25.25
  1957          48      0.00823  0.00820  0.50   87160     715   86803  2130160  24.44
  1957          49      0.00920  0.00916  0.50   86446     792   86050  2043357  23.64
  1957          50      0.01033  0.01028  0.50   85654     881   85213  1957307  22.85
  1957          51      0.01142  0.01135  0.50   84773     962   84292  1872093  22.08
  1957          52      0.01249  0.01242  0.50   83811    1041   83290  1787801  21.33
  1957          53      0.01367  0.01358  0.50   82770    1124   82208  1704511  20.59
  1957          54      0.01494  0.01483  0.50   81646    1211   81041  1622303  19.87
  1957          55      0.01612  0.01599  0.50   80435    1286   79792  1541262  19.16
  1957          56      0.01734  0.01719  0.50   79149    1360   78469  1461470  18.46
  1957          57      0.01866  0.01849  0.50   77789    1438   77070  1383001  17.78
  1957          58      0.02010  0.01990  0.50   76351    1520   75591  1305931  17.10
  1957          59      0.02237  0.02212  0.50   74831    1656   74003  1230340  16.44
  1957          60      0.02464  0.02434  0.50   73176    1781   72285  1156337  15.80
  1957          61      0.02662  0.02627  0.50   71395    1875   70457  1084051  15.18
  1957          62      0.02874  0.02833  0.50   69520    1970   68535  1013594  14.58
  1957          63      0.03120  0.03072  0.50   67550    2075   66512   945059  13.99
  1957          64      0.03376  0.03320  0.50   65474    2174   64388   878547  13.42
  1957          65      0.03665  0.03599  0.50   63301    2278   62162   814160  12.86
  1957          66      0.03982  0.03904  0.50   61022    2383   59831   751998  12.32
  1957          67      0.04255  0.04166  0.50   58640    2443   57418   692167  11.80
  1957          68      0.04502  0.04403  0.50   56197    2474   54960   634749  11.30
  1957          69      0.04748  0.04638  0.50   53723    2492   52477   579789  10.79
  1957          70      0.05164  0.05034  0.50   51231    2579   49941   527312  10.29
  1957          71      0.05569  0.05418  0.50   48652    2636   47334   477371   9.81
  1957          72      0.05927  0.05756  0.50   46016    2649   44691   430037   9.35
  1957          73      0.06319  0.06126  0.50   43367    2657   42039   385346   8.89
  1957          74      0.06893  0.06664  0.50   40710    2713   39354   343307   8.43
  1957          75      0.07451  0.07184  0.50   37997    2730   36633   303954   8.00
  1957          76      0.08044  0.07733  0.50   35268    2727   33904   267321   7.58
  1957          77      0.08622  0.08266  0.50   32541    2690   31196   233417   7.17
  1957          78      0.09379  0.08959  0.50   29851    2674   28514   202221   6.77
  1957          79      0.10091  0.09607  0.50   27177    2611   25871   173707   6.39
  1957          80      0.11131  0.10544  0.50   24566    2590   23271   147836   6.02
  1957          81      0.11929  0.11257  0.50   21975    2474   20739   124565   5.67
  1957          82      0.13111  0.12304  0.50   19502    2399   18302   103827   5.32
  1957          83      0.14702  0.13695  0.50   17102    2342   15931    85525   5.00
  1957          84      0.16095  0.14896  0.50   14760    2199   13661    69594   4.72
  1957          85      0.17445  0.16046  0.50   12561    2016   11553    55933   4.45
  1957          86      0.18236  0.16713  0.50   10546    1762    9664    44380   4.21
  1957          87      0.21228  0.19191  0.50    8783    1686    7940    34715   3.95
  1957          88      0.21107  0.19092  0.50    7098    1355    6420    26775   3.77
  1957          89      0.23768  0.21243  0.50    5743    1220    5133    20355   3.54
  1957          90      0.25602  0.22697  0.50    4523    1026    4009    15222   3.37
  1957          91      0.26112  0.23097  0.50    3496     807    3092    11213   3.21
  1957          92      0.28082  0.24625  0.50    2689     662    2358     8121   3.02
  1957          93      0.29920  0.26026  0.50    2027     527    1763     5763   2.84
  1957          94      0.33797  0.28911  0.50    1499     433    1282     4000   2.67
  1957          95      0.35080  0.29845  0.50    1066     318     907     2718   2.55
  1957          96      0.37312  0.31446  0.50     748     235     630     1811   2.42
  1957          97      0.39599  0.33055  0.50     513     169     428     1181   2.30
  1957          98      0.41933  0.34665  0.50     343     119     284      753   2.19
  1957          99      0.44303  0.36269  0.50     224      81     184      469   2.09
  1957         100      0.46700  0.37860  0.50     143      54     116      286   2.00
  1957         101      0.49112  0.39429  0.50      89      35      71      170   1.92
  1957         102      0.51528  0.40972  0.50      54      22      43       99   1.84
  1957         103      0.53937  0.42480  0.50      32      13      25       56   1.76
  1957         104      0.56327  0.43949  0.50      18       8      14       31   1.70
  1957         105      0.58689  0.45374  0.50      10       5       8       17   1.64
  1957         106      0.61011  0.46750  0.50       6       3       4        9   1.58
  1957         107      0.63284  0.48073  0.50       3       1       2        5   1.53
  1957         108      0.65500  0.49341  0.50       2       1       1        2   1.49
  1957         109      0.67651  0.50551  0.50       1       0       1        1   1.46
  1957         110+     0.69729  1.00000  1.43       0       0       1        1   1.43
  1958           0      0.03151  0.03067  0.13  100000    3067   97335  6660212  66.60
  1958           1      0.00189  0.00189  0.50   96933     183   96841  6562877  67.71
  1958           2      0.00122  0.00121  0.50   96750     118   96691  6466035  66.83
  1958           3      0.00092  0.00092  0.50   96632      89   96588  6369344  65.91
  1958           4      0.00071  0.00071  0.50   96543      69   96509  6272757  64.97
  1958           5      0.00063  0.00063  0.50   96474      61   96444  6176248  64.02
  1958           6      0.00059  0.00059  0.50   96413      57   96385  6079804  63.06
  1958           7      0.00055  0.00055  0.50   96356      53   96330  5983420  62.10
  1958           8      0.00052  0.00052  0.50   96303      50   96278  5887090  61.13
  1958           9      0.00048  0.00048  0.50   96253      46   96230  5790811  60.16
  1958          10      0.00044  0.00044  0.50   96207      42   96186  5694581  59.19
  1958          11      0.00042  0.00042  0.50   96165      40   96145  5598395  58.22
  1958          12      0.00057  0.00057  0.50   96124      55   96097  5502251  57.24
  1958          13      0.00066  0.00066  0.50   96070      63   96038  5406154  56.27
  1958          14      0.00076  0.00076  0.50   96006      73   95970  5310116  55.31
  1958          15      0.00088  0.00088  0.50   95933      85   95891  5214146  54.35
  1958          16      0.00113  0.00113  0.50   95849     109   95794  5118255  53.40
  1958          17      0.00133  0.00133  0.50   95740     127   95676  5022461  52.46
  1958          18      0.00156  0.00156  0.50   95613     149   95538  4926785  51.53
  1958          19      0.00170  0.00170  0.50   95463     162   95382  4831247  50.61
  1958          20      0.00180  0.00180  0.50   95301     172   95215  4735865  49.69
  1958          21      0.00190  0.00189  0.50   95129     180   95039  4640650  48.78
  1958          22      0.00191  0.00191  0.50   94949     182   94858  4545610  47.87
  1958          23      0.00184  0.00184  0.50   94768     174   94680  4450752  46.96
  1958          24      0.00187  0.00187  0.50   94593     177   94505  4356072  46.05
  1958          25      0.00179  0.00179  0.50   94417     169   94332  4261567  45.14
  1958          26      0.00167  0.00167  0.50   94248     157   94169  4167235  44.22
  1958          27      0.00161  0.00161  0.50   94090     151   94015  4073066  43.29
  1958          28      0.00167  0.00167  0.50   93939     157   93861  3979051  42.36
  1958          29      0.00177  0.00177  0.50   93782     166   93699  3885191  41.43
  1958          30      0.00184  0.00184  0.50   93616     172   93530  3791491  40.50
  1958          31      0.00191  0.00191  0.50   93444     179   93354  3697961  39.57
  1958          32      0.00206  0.00206  0.50   93265     192   93169  3604607  38.65
  1958          33      0.00214  0.00214  0.50   93073     199   92974  3511438  37.73
  1958          34      0.00225  0.00225  0.50   92875     209   92770  3418464  36.81
  1958          35      0.00243  0.00243  0.50   92665     225   92553  3325694  35.89
  1958          36      0.00257  0.00256  0.50   92440     237   92322  3233141  34.98
  1958          37      0.00274  0.00274  0.50   92203     253   92077  3140819  34.06
  1958          38      0.00316  0.00315  0.50   91951     290   91806  3048742  33.16
  1958          39      0.00351  0.00350  0.50   91661     321   91501  2956936  32.26
  1958          40      0.00380  0.00380  0.50   91340     347   91167  2865435  31.37
  1958          41      0.00417  0.00416  0.50   90993     378   90804  2774269  30.49
  1958          42      0.00468  0.00467  0.50   90615     423   90403  2683465  29.61
  1958          43      0.00510  0.00509  0.50   90192     459   89962  2593061  28.75
  1958          44      0.00553  0.00551  0.50   89733     495   89485  2503099  27.90
  1958          45      0.00608  0.00606  0.50   89238     541   88968  2413613  27.05
  1958          46      0.00672  0.00670  0.50   88698     594   88400  2324646  26.21
  1958          47      0.00744  0.00741  0.50   88103     653   87777  2236245  25.38
  1958          48      0.00812  0.00809  0.50   87451     707   87097  2148468  24.57
  1958          49      0.00903  0.00899  0.50   86743     780   86353  2061371  23.76
  1958          50      0.01022  0.01017  0.50   85963     874   85526  1975018  22.98
  1958          51      0.01137  0.01131  0.50   85089     962   84608  1889491  22.21
  1958          52      0.01245  0.01237  0.50   84127    1041   83607  1804883  21.45
  1958          53      0.01360  0.01350  0.50   83086    1122   82525  1721277  20.72
  1958          54      0.01476  0.01465  0.50   81964    1201   81364  1638752  19.99
  1958          55      0.01588  0.01575  0.50   80763    1272   80127  1557388  19.28
  1958          56      0.01722  0.01708  0.50   79491    1357   78813  1477260  18.58
  1958          57      0.01839  0.01822  0.50   78134    1424   77422  1398448  17.90
  1958          58      0.01948  0.01929  0.50   76710    1480   75970  1321026  17.22
  1958          59      0.02175  0.02152  0.50   75230    1619   74421  1245055  16.55
  1958          60      0.02407  0.02378  0.50   73612    1751   72736  1170634  15.90
  1958          61      0.02596  0.02563  0.50   71861    1842   70940  1097898  15.28
  1958          62      0.02798  0.02760  0.50   70019    1932   69053  1026958  14.67
  1958          63      0.03057  0.03011  0.50   68087    2050   67062   957906  14.07
  1958          64      0.03314  0.03260  0.50   66037    2153   64961   890844  13.49
  1958          65      0.03567  0.03505  0.50   63884    2239   62765   825883  12.93
  1958          66      0.03878  0.03804  0.50   61645    2345   60472   763119  12.38
  1958          67      0.04223  0.04136  0.50   59300    2453   58074   702646  11.85
  1958          68      0.04485  0.04386  0.50   56847    2493   55601   644573  11.34
  1958          69      0.04673  0.04566  0.50   54354    2482   53113   588972  10.84
  1958          70      0.05073  0.04947  0.50   51872    2566   50589   535859  10.33
  1958          71      0.05513  0.05365  0.50   49306    2645   47983   485270   9.84
  1958          72      0.05862  0.05695  0.50   46661    2657   45332   437287   9.37
  1958          73      0.06208  0.06021  0.50   44003    2649   42678   391955   8.91
  1958          74      0.06754  0.06533  0.50   41354    2702   40003   349276   8.45
  1958          75      0.07378  0.07116  0.50   38652    2750   37277   309274   8.00
  1958          76      0.08019  0.07710  0.50   35902    2768   34518   271997   7.58
  1958          77      0.08588  0.08234  0.50   33134    2728   31770   237479   7.17
  1958          78      0.09422  0.08998  0.50   30405    2736   29037   205710   6.77
  1958          79      0.10242  0.09743  0.50   27670    2696   26322   176672   6.39
  1958          80      0.11486  0.10862  0.50   24974    2713   23617   150350   6.02
  1958          81      0.12205  0.11503  0.50   22261    2561   20981   126733   5.69
  1958          82      0.13038  0.12240  0.50   19700    2411   18495   105752   5.37
  1958          83      0.14297  0.13343  0.50   17289    2307   16135    87258   5.05
  1958          84      0.15999  0.14814  0.50   14982    2219   13872    71123   4.75
  1958          85      0.17287  0.15912  0.50   12763    2031   11747    57250   4.49
  1958          86      0.18437  0.16881  0.50   10732    1812    9826    45503   4.24
  1958          87      0.19818  0.18031  0.50    8920    1608    8116    35677   4.00
  1958          88      0.21730  0.19601  0.50    7312    1433    6595    27561   3.77
  1958          89      0.23066  0.20681  0.50    5879    1216    5271    20966   3.57
  1958          90      0.25830  0.22876  0.50    4663    1067    4130    15695   3.37
  1958          91      0.26041  0.23041  0.50    3596     829    3182    11565   3.22
  1958          92      0.28988  0.25318  0.50    2768     701    2417     8383   3.03
  1958          93      0.30456  0.26431  0.50    2067     546    1794     5966   2.89
  1958          94      0.32325  0.27828  0.50    1521     423    1309     4172   2.74
  1958          95      0.34253  0.29244  0.50    1097     321     937     2863   2.61
  1958          96      0.36386  0.30785  0.50     777     239     657     1926   2.48
  1958          97      0.38574  0.32337  0.50     537     174     451     1269   2.36
  1958          98      0.40809  0.33893  0.50     364     123     302      819   2.25
  1958          99      0.43083  0.35447  0.50     240      85     198      517   2.15
  1958         100      0.45386  0.36992  0.50     155      57     126      319   2.05
  1958         101      0.47710  0.38521  0.50      98      38      79      192   1.97
  1958         102      0.50043  0.40027  0.50      60      24      48      113   1.89
  1958         103      0.52376  0.41506  0.50      36      15      29       65   1.81
  1958         104      0.54699  0.42952  0.50      21       9      17       37   1.75
  1958         105      0.57001  0.44359  0.50      12       5       9       20   1.68
  1958         106      0.59274  0.45723  0.50       7       3       5       11   1.63
  1958         107      0.61507  0.47041  0.50       4       2       3        6   1.58
  1958         108      0.63693  0.48309  0.50       2       1       1        3   1.53
  1958         109      0.65824  0.49525  0.50       1       0       1        1   1.50
  1958         110+     0.67893  1.00000  1.47       1       1       1        1   1.47
  1959           0      0.03088  0.03007  0.13  100000    3007   97381  6675314  66.75
  1959           1      0.00184  0.00184  0.50   96993     178   96903  6577933  67.82
  1959           2      0.00117  0.00117  0.50   96814     113   96757  6481030  66.94
  1959           3      0.00087  0.00087  0.50   96701      84   96659  6384272  66.02
  1959           4      0.00074  0.00074  0.50   96617      72   96581  6287614  65.08
  1959           5      0.00067  0.00067  0.50   96545      65   96513  6191033  64.13
  1959           6      0.00061  0.00061  0.50   96480      59   96451  6094520  63.17
  1959           7      0.00055  0.00055  0.50   96422      53   96395  5998069  62.21
  1959           8      0.00052  0.00052  0.50   96369      50   96344  5901673  61.24
  1959           9      0.00051  0.00051  0.50   96319      49   96294  5805329  60.27
  1959          10      0.00051  0.00051  0.50   96270      49   96245  5709035  59.30
  1959          11      0.00052  0.00052  0.50   96221      50   96196  5612790  58.33
  1959          12      0.00055  0.00055  0.50   96171      53   96145  5516594  57.36
  1959          13      0.00065  0.00065  0.50   96118      62   96087  5420449  56.39
  1959          14      0.00074  0.00074  0.50   96056      71   96021  5324362  55.43
  1959          15      0.00093  0.00093  0.50   95986      89   95941  5228341  54.47
  1959          16      0.00115  0.00115  0.50   95896     110   95841  5132400  53.52
  1959          17      0.00138  0.00138  0.50   95786     132   95720  5036559  52.58
  1959          18      0.00155  0.00155  0.50   95654     148   95579  4940839  51.65
  1959          19      0.00166  0.00166  0.50   95505     158   95426  4845260  50.73
  1959          20      0.00182  0.00182  0.50   95347     174   95260  4749834  49.82
  1959          21      0.00198  0.00198  0.50   95174     188   95079  4654573  48.91
  1959          22      0.00191  0.00191  0.50   94985     181   94895  4559494  48.00
  1959          23      0.00175  0.00174  0.50   94804     165   94722  4464599  47.09
  1959          24      0.00170  0.00170  0.50   94639     161   94559  4369877  46.17
  1959          25      0.00180  0.00180  0.50   94478     170   94393  4275319  45.25
  1959          26      0.00171  0.00171  0.50   94309     161   94228  4180925  44.33
  1959          27      0.00166  0.00166  0.50   94147     157   94069  4086698  43.41
  1959          28      0.00166  0.00166  0.50   93991     156   93913  3992629  42.48
  1959          29      0.00175  0.00174  0.50   93835     164   93753  3898716  41.55
  1959          30      0.00189  0.00189  0.50   93671     177   93583  3804963  40.62
  1959          31      0.00190  0.00190  0.50   93494     177   93405  3711380  39.70
  1959          32      0.00203  0.00203  0.50   93317     189   93222  3617975  38.77
  1959          33      0.00212  0.00212  0.50   93128     197   93029  3524752  37.85
  1959          34      0.00228  0.00228  0.50   92930     212   92824  3431724  36.93
  1959          35      0.00244  0.00244  0.50   92719     226   92605  3338899  36.01
  1959          36      0.00258  0.00257  0.50   92492     238   92373  3246294  35.10
  1959          37      0.00273  0.00273  0.50   92254     252   92129  3153920  34.19
  1959          38      0.00313  0.00313  0.50   92003     288   91859  3061792  33.28
  1959          39      0.00343  0.00342  0.50   91715     314   91558  2969933  32.38
  1959          40      0.00379  0.00378  0.50   91401     345   91228  2878375  31.49
  1959          41      0.00378  0.00377  0.50   91056     343   90884  2787146  30.61
  1959          42      0.00463  0.00462  0.50   90712     419   90503  2696262  29.72
  1959          43      0.00505  0.00504  0.50   90293     455   90066  2605760  28.86
  1959          44      0.00561  0.00559  0.50   89838     502   89587  2515694  28.00
  1959          45      0.00616  0.00614  0.50   89336     549   89062  2426107  27.16
  1959          46      0.00663  0.00661  0.50   88787     586   88494  2337045  26.32
  1959          47      0.00748  0.00745  0.50   88201     657   87872  2248551  25.49
  1959          48      0.00827  0.00824  0.50   87543     721   87183  2160679  24.68
  1959          49      0.00909  0.00905  0.50   86822     786   86429  2073497  23.88
  1959          50      0.01009  0.01004  0.50   86036     864   85604  1987068  23.10
  1959          51      0.01104  0.01098  0.50   85173     935   84705  1901463  22.32
  1959          52      0.01246  0.01238  0.50   84238    1043   83716  1816758  21.57
  1959          53      0.01349  0.01340  0.50   83195    1115   82637  1733042  20.83
  1959          54      0.01451  0.01440  0.50   82080    1182   81489  1650405  20.11
  1959          55      0.01550  0.01538  0.50   80898    1245   80276  1568916  19.39
  1959          56      0.01665  0.01651  0.50   79653    1315   78996  1488640  18.69
  1959          57      0.01731  0.01716  0.50   78338    1344   77666  1409645  17.99
  1959          58      0.02055  0.02034  0.50   76994    1566   76211  1331979  17.30
  1959          59      0.02283  0.02258  0.50   75428    1703   74576  1255768  16.65
  1959          60      0.02340  0.02313  0.50   73725    1705   72872  1181192  16.02
  1959          61      0.02457  0.02428  0.50   72020    1748   71146  1108319  15.39
  1959          62      0.02799  0.02760  0.50   70271    1940   69302  1037174  14.76
  1959          63      0.03116  0.03068  0.50   68332    2096   67283   967872  14.16
  1959          64      0.03310  0.03256  0.50   66235    2157   65157   900589  13.60
  1959          65      0.03659  0.03593  0.50   64079    2303   62927   835432  13.04
  1959          66      0.03757  0.03688  0.50   61776    2278   60637   772505  12.50
  1959          67      0.04136  0.04052  0.50   59498    2411   58293   711868  11.96
  1959          68      0.04286  0.04197  0.50   57087    2396   55889   653575  11.45
  1959          69      0.04594  0.04491  0.50   54692    2456   53464   597686  10.93
  1959          70      0.05137  0.05009  0.50   52236    2616   50927   544222  10.42
  1959          71      0.05290  0.05154  0.50   49619    2557   48341   493295   9.94
  1959          72      0.05767  0.05605  0.50   47062    2638   45743   444954   9.45
  1959          73      0.06118  0.05936  0.50   44424    2637   43106   399211   8.99
  1959          74      0.06841  0.06615  0.50   41787    2764   40405   356106   8.52
  1959          75      0.07434  0.07168  0.50   39023    2797   37624   315700   8.09
  1959          76      0.07823  0.07528  0.50   36226    2727   34862   278076   7.68
  1959          77      0.08169  0.07849  0.50   33499    2629   32184   243214   7.26
  1959          78      0.09250  0.08841  0.50   30870    2729   29505   211030   6.84
  1959          79      0.10235  0.09736  0.50   28140    2740   26771   181524   6.45
  1959          80      0.11239  0.10641  0.50   25401    2703   24049   154754   6.09
  1959          81      0.11696  0.11050  0.50   22698    2508   21444   130705   5.76
  1959          82      0.13096  0.12291  0.50   20190    2482   18949   109261   5.41
  1959          83      0.14267  0.13317  0.50   17708    2358   16529    90312   5.10
  1959          84      0.15637  0.14503  0.50   15350    2226   14237    73783   4.81
  1959          85      0.16728  0.15437  0.50   13124    2026   12111    59546   4.54
  1959          86      0.18417  0.16864  0.50   11098    1872   10162    47436   4.27
  1959          87      0.19953  0.18143  0.50    9226    1674    8389    37274   4.04
  1959          88      0.21185  0.19156  0.50    7552    1447    6829    28884   3.82
  1959          89      0.23394  0.20944  0.50    6106    1279    5466    22055   3.61
  1959          90      0.24862  0.22113  0.50    4827    1067    4293    16589   3.44
  1959          91      0.25409  0.22545  0.50    3759     848    3336    12296   3.27
  1959          92      0.27711  0.24339  0.50    2912     709    2558     8960   3.08
  1959          93      0.30449  0.26426  0.50    2203     582    1912     6403   2.91
  1959          94      0.32034  0.27611  0.50    1621     448    1397     4491   2.77
  1959          95      0.33825  0.28932  0.50    1173     339    1004     3093   2.64
  1959          96      0.35948  0.30471  0.50     834     254     707     2090   2.51
  1959          97      0.38126  0.32022  0.50     580     186     487     1383   2.38
  1959          98      0.40354  0.33579  0.50     394     132     328      896   2.27
  1959          99      0.42622  0.35134  0.50     262      92     216      568   2.17
  1959         100      0.44921  0.36682  0.50     170      62     139      352   2.07
  1959         101      0.47243  0.38216  0.50     108      41      87      213   1.98
  1959         102      0.49576  0.39728  0.50      66      26      53      126   1.90
  1959         103      0.51911  0.41214  0.50      40      17      32       73   1.83
  1959         104      0.54238  0.42667  0.50      24      10      19       41   1.76
  1959         105      0.56546  0.44083  0.50      13       6      11       23   1.70
  1959         106      0.58827  0.45457  0.50       8       3       6       12   1.64
  1959         107      0.61070  0.46784  0.50       4       2       3        7   1.59
  1959         108      0.63267  0.48063  0.50       2       1       2        3   1.54
  1959         109      0.65411  0.49290  0.50       1       1       1        2   1.50
  1959         110+     0.67494  1.00000  1.48       1       1       1        1   1.48
  1960           0      0.03061  0.02981  0.13  100000    2981   97401  6661667  66.62
  1960           1      0.00189  0.00189  0.50   97019     184   96927  6564266  67.66
  1960           2      0.00118  0.00118  0.50   96835     114   96778  6467339  66.79
  1960           3      0.00093  0.00093  0.50   96721      90   96676  6370561  65.87
  1960           4      0.00075  0.00075  0.50   96631      73   96595  6273884  64.93
  1960           5      0.00063  0.00063  0.50   96558      61   96528  6177289  63.97
  1960           6      0.00061  0.00061  0.50   96497      59   96468  6080762  63.01
  1960           7      0.00056  0.00056  0.50   96438      54   96411  5984294  62.05
  1960           8      0.00053  0.00053  0.50   96385      51   96359  5887882  61.09
  1960           9      0.00046  0.00046  0.50   96334      45   96312  5791523  60.12
  1960          10      0.00046  0.00046  0.50   96289      44   96267  5695211  59.15
  1960          11      0.00049  0.00049  0.50   96245      47   96221  5598944  58.17
  1960          12      0.00050  0.00050  0.50   96198      48   96174  5502723  57.20
  1960          13      0.00060  0.00060  0.50   96150      57   96121  5406549  56.23
  1960          14      0.00070  0.00070  0.50   96092      68   96059  5310428  55.26
  1960          15      0.00084  0.00084  0.50   96025      80   95985  5214369  54.30
  1960          16      0.00112  0.00111  0.50   95945     107   95891  5118385  53.35
  1960          17      0.00130  0.00130  0.50   95838     124   95776  5022494  52.41
  1960          18      0.00157  0.00157  0.50   95713     150   95638  4926718  51.47
  1960          19      0.00175  0.00175  0.50   95563     167   95479  4831080  50.55
  1960          20      0.00181  0.00181  0.50   95396     173   95310  4735600  49.64
  1960          21      0.00186  0.00186  0.50   95223     177   95135  4640291  48.73
  1960          22      0.00181  0.00180  0.50   95046     172   94961  4545156  47.82
  1960          23      0.00169  0.00169  0.50   94875     160   94795  4450195  46.91
  1960          24      0.00174  0.00174  0.50   94715     165   94632  4355400  45.98
  1960          25      0.00183  0.00183  0.50   94550     173   94463  4260768  45.06
  1960          26      0.00174  0.00174  0.50   94377     164   94295  4166305  44.15
  1960          27      0.00169  0.00169  0.50   94213     159   94133  4072010  43.22
  1960          28      0.00168  0.00168  0.50   94053     158   93974  3977878  42.29
  1960          29      0.00178  0.00178  0.50   93895     167   93812  3883903  41.36
  1960          30      0.00184  0.00183  0.50   93728     172   93643  3790092  40.44
  1960          31      0.00186  0.00185  0.50   93557     173   93470  3696449  39.51
  1960          32      0.00200  0.00199  0.50   93383     186   93290  3602979  38.58
  1960          33      0.00218  0.00218  0.50   93197     203   93095  3509689  37.66
  1960          34      0.00218  0.00218  0.50   92993     203   92892  3416594  36.74
  1960          35      0.00244  0.00243  0.50   92791     226   92678  3323702  35.82
  1960          36      0.00259  0.00259  0.50   92565     240   92445  3231024  34.91
  1960          37      0.00277  0.00277  0.50   92325     256   92197  3138580  33.99
  1960          38      0.00318  0.00317  0.50   92069     292   91923  3046382  33.09
  1960          39      0.00352  0.00352  0.50   91777     323   91616  2954459  32.19
  1960          40      0.00383  0.00382  0.50   91455     350   91280  2862843  31.30
  1960          41      0.00407  0.00406  0.50   91105     370   90920  2771563  30.42
  1960          42      0.00467  0.00466  0.50   90735     423   90524  2680643  29.54
  1960          43      0.00495  0.00494  0.50   90312     446   90089  2590120  28.68
  1960          44      0.00557  0.00556  0.50   89866     500   89616  2500031  27.82
  1960          45      0.00625  0.00623  0.50   89366     557   89088  2410415  26.97
  1960          46      0.00675  0.00673  0.50   88809     597   88511  2321327  26.14
  1960          47      0.00755  0.00752  0.50   88212     663   87880  2232817  25.31
  1960          48      0.00840  0.00837  0.50   87548     732   87182  2144937  24.50
  1960          49      0.00927  0.00923  0.50   86816     801   86415  2057754  23.70
  1960          50      0.01060  0.01055  0.50   86015     907   85561  1971339  22.92
  1960          51      0.01116  0.01109  0.50   85108     944   84635  1885778  22.16
  1960          52      0.01276  0.01268  0.50   84163    1067   83630  1801143  21.40
  1960          53      0.01349  0.01340  0.50   83096    1113   82540  1717513  20.67
  1960          54      0.01460  0.01450  0.50   81983    1188   81389  1634973  19.94
  1960          55      0.01581  0.01568  0.50   80795    1267   80161  1553584  19.23
  1960          56      0.01664  0.01650  0.50   79528    1312   78872  1473422  18.53
  1960          57      0.01811  0.01795  0.50   78215    1404   77513  1394551  17.83
  1960          58      0.01914  0.01895  0.50   76812    1456   76084  1317037  17.15
  1960          59      0.02325  0.02299  0.50   75356    1732   74489  1240954  16.47
  1960          60      0.02526  0.02494  0.50   73623    1836   72705  1166464  15.84
  1960          61      0.02492  0.02462  0.50   71787    1767   70903  1093759  15.24
  1960          62      0.02855  0.02815  0.50   70020    1971   69034  1022856  14.61
  1960          63      0.03051  0.03005  0.50   68049    2045   67026   953821  14.02
  1960          64      0.03454  0.03396  0.50   66004    2241   64883   886795  13.44
  1960          65      0.03836  0.03764  0.50   63763    2400   62563   821912  12.89
  1960          66      0.03767  0.03697  0.50   61363    2269   60229   759349  12.37
  1960          67      0.04250  0.04162  0.50   59094    2459   57865   699120  11.83
  1960          68      0.04381  0.04287  0.50   56635    2428   55421   641255  11.32
  1960          69      0.04561  0.04460  0.50   54207    2417   52998   585835  10.81
  1960          70      0.05239  0.05105  0.50   51789    2644   50467   532837  10.29
  1960          71      0.05434  0.05290  0.50   49145    2600   47845   482369   9.82
  1960          72      0.06130  0.05948  0.50   46546    2768   45161   434524   9.34
  1960          73      0.06240  0.06051  0.50   43777    2649   42453   389362   8.89
  1960          74      0.06906  0.06676  0.50   41128    2746   39755   346910   8.43
  1960          75      0.07630  0.07350  0.50   38383    2821   36972   307154   8.00
  1960          76      0.08031  0.07721  0.50   35561    2746   34189   270182   7.60
  1960          77      0.08427  0.08086  0.50   32816    2653   31489   235994   7.19
  1960          78      0.09335  0.08919  0.50   30162    2690   28817   204505   6.78
  1960          79      0.10155  0.09664  0.50   27472    2655   26145   175688   6.40
  1960          80      0.11639  0.10999  0.50   24817    2730   23452   149543   6.03
  1960          81      0.11692  0.11046  0.50   22088    2440   20868   126091   5.71
  1960          82      0.13386  0.12547  0.50   19648    2465   18415   105223   5.36
  1960          83      0.14350  0.13389  0.50   17183    2301   16032    86808   5.05
  1960          84      0.16001  0.14815  0.50   14882    2205   13780    70776   4.76
  1960          85      0.17165  0.15808  0.50   12677    2004   11675    56996   4.50
  1960          86      0.18502  0.16935  0.50   10673    1807    9769    45321   4.25
  1960          87      0.20294  0.18425  0.50    8866    1633    8049    35552   4.01
  1960          88      0.21626  0.19516  0.50    7232    1411    6526    27503   3.80
  1960          89      0.22868  0.20521  0.50    5821    1194    5223    20977   3.60
  1960          90      0.25480  0.22601  0.50    4626    1046    4103    15753   3.41
  1960          91      0.24905  0.22147  0.50    3581     793    3184    11650   3.25
  1960          92      0.28387  0.24859  0.50    2788     693    2441     8466   3.04
  1960          93      0.31149  0.26951  0.50    2095     565    1812     6024   2.88
  1960          94      0.32106  0.27665  0.50    1530     423    1318     4212   2.75
  1960          95      0.34180  0.29191  0.50    1107     323     945     2894   2.61
  1960          96      0.36305  0.30727  0.50     784     241     663     1948   2.49
  1960          97      0.38485  0.32275  0.50     543     175     455     1285   2.37
  1960          98      0.40712  0.33827  0.50     368     124     305      830   2.26
  1960          99      0.42978  0.35376  0.50     243      86     200      524   2.15
  1960         100      0.45274  0.36917  0.50     157      58     128      324   2.06
  1960         101      0.47590  0.38443  0.50      99      38      80      196   1.97
  1960         102      0.49916  0.39946  0.50      61      24      49      116   1.89
  1960         103      0.52243  0.41423  0.50      37      15      29       67   1.82
  1960         104      0.54560  0.42866  0.50      21       9      17       38   1.75
  1960         105      0.56858  0.44272  0.50      12       5      10       21   1.69
  1960         106      0.59126  0.45635  0.50       7       3       5       11   1.63
  1960         107      0.61356  0.46952  0.50       4       2       3        6   1.58
  1960         108      0.63540  0.48220  0.50       2       1       1        3   1.54
  1960         109      0.65669  0.49437  0.50       1       1       1        2   1.50
  1960         110+     0.67737  1.00000  1.48       1       1       1        1   1.48
  1961           0      0.02933  0.02860  0.12  100000    2860   97495  6703995  67.04
  1961           1      0.00177  0.00176  0.50   97140     171   97055  6606500  68.01
  1961           2      0.00110  0.00110  0.50   96969     107   96916  6509445  67.13
  1961           3      0.00086  0.00085  0.50   96862      83   96821  6412530  66.20
  1961           4      0.00070  0.00070  0.50   96779      68   96745  6315709  65.26
  1961           5      0.00061  0.00061  0.50   96711      59   96682  6218964  64.30
  1961           6      0.00060  0.00060  0.50   96653      58   96624  6122282  63.34
  1961           7      0.00050  0.00050  0.50   96595      48   96571  6025658  62.38
  1961           8      0.00047  0.00047  0.50   96547      45   96524  5929087  61.41
  1961           9      0.00045  0.00045  0.50   96502      43   96480  5832562  60.44
  1961          10      0.00044  0.00044  0.50   96459      43   96438  5736082  59.47
  1961          11      0.00046  0.00046  0.50   96416      44   96394  5639644  58.49
  1961          12      0.00051  0.00051  0.50   96372      49   96347  5543250  57.52
  1961          13      0.00058  0.00058  0.50   96323      56   96295  5446903  56.55
  1961          14      0.00065  0.00065  0.50   96267      62   96236  5350608  55.58
  1961          15      0.00081  0.00081  0.50   96205      78   96166  5254372  54.62
  1961          16      0.00106  0.00106  0.50   96127     102   96076  5158206  53.66
  1961          17      0.00128  0.00128  0.50   96025     123   95964  5062130  52.72
  1961          18      0.00143  0.00143  0.50   95902     137   95834  4966166  51.78
  1961          19      0.00164  0.00164  0.50   95765     157   95686  4870332  50.86
  1961          20      0.00169  0.00169  0.50   95608     162   95527  4774646  49.94
  1961          21      0.00180  0.00180  0.50   95446     172   95360  4679119  49.02
  1961          22      0.00185  0.00185  0.50   95274     177   95186  4583759  48.11
  1961          23      0.00179  0.00179  0.50   95098     170   95013  4488573  47.20
  1961          24      0.00165  0.00165  0.50   94928     156   94850  4393560  46.28
  1961          25      0.00164  0.00164  0.50   94772     155   94694  4298710  45.36
  1961          26      0.00165  0.00165  0.50   94617     156   94538  4204016  44.43
  1961          27      0.00166  0.00166  0.50   94460     157   94382  4109477  43.50
  1961          28      0.00171  0.00170  0.50   94304     161   94223  4015095  42.58
  1961          29      0.00170  0.00170  0.50   94143     160   94063  3920872  41.65
  1961          30      0.00186  0.00186  0.50   93983     175   93896  3826809  40.72
  1961          31      0.00188  0.00188  0.50   93808     176   93720  3732913  39.79
  1961          32      0.00191  0.00191  0.50   93632     179   93542  3639193  38.87
  1961          33      0.00204  0.00203  0.50   93453     190   93358  3545651  37.94
  1961          34      0.00221  0.00221  0.50   93263     206   93160  3452293  37.02
  1961          35      0.00238  0.00237  0.50   93057     221   92946  3359133  36.10
  1961          36      0.00261  0.00260  0.50   92836     242   92715  3266186  35.18
  1961          37      0.00276  0.00276  0.50   92594     255   92467  3173471  34.27
  1961          38      0.00302  0.00301  0.50   92339     278   92200  3081005  33.37
  1961          39      0.00339  0.00338  0.50   92061     311   91905  2988805  32.47
  1961          40      0.00379  0.00378  0.50   91749     347   91576  2896900  31.57
  1961          41      0.00412  0.00411  0.50   91402     376   91214  2805324  30.69
  1961          42      0.00447  0.00446  0.50   91026     406   90823  2714110  29.82
  1961          43      0.00494  0.00492  0.50   90620     446   90397  2623287  28.95
  1961          44      0.00548  0.00547  0.50   90174     493   89927  2532890  28.09
  1961          45      0.00595  0.00593  0.50   89681     532   89415  2442962  27.24
  1961          46      0.00653  0.00651  0.50   89149     580   88859  2353548  26.40
  1961          47      0.00751  0.00748  0.50   88569     663   88237  2264689  25.57
  1961          48      0.00807  0.00804  0.50   87906     707   87552  2176452  24.76
  1961          49      0.00878  0.00874  0.50   87199     762   86818  2088899  23.96
  1961          50      0.01028  0.01023  0.50   86436     884   85994  2002082  23.16
  1961          51      0.01116  0.01110  0.50   85552     950   85077  1916087  22.40
  1961          52      0.01197  0.01190  0.50   84602    1007   84099  1831010  21.64
  1961          53      0.01309  0.01301  0.50   83596    1088   83052  1746911  20.90
  1961          54      0.01397  0.01387  0.50   82508    1144   81936  1663859  20.17
  1961          55      0.01536  0.01524  0.50   81364    1240   80744  1581923  19.44
  1961          56      0.01632  0.01619  0.50   80124    1297   79475  1501180  18.74
  1961          57      0.01761  0.01746  0.50   78827    1376   78139  1421705  18.04
  1961          58      0.01944  0.01925  0.50   77450    1491   76705  1343566  17.35
  1961          59      0.02081  0.02060  0.50   75960    1565   75177  1266861  16.68
  1961          60      0.02506  0.02475  0.50   74395    1842   73474  1191684  16.02
  1961          61      0.02688  0.02653  0.50   72553    1925   71591  1118210  15.41
  1961          62      0.02739  0.02702  0.50   70629    1909   69674  1046618  14.82
  1961          63      0.02947  0.02904  0.50   68720    1996   67722   976944  14.22
  1961          64      0.03227  0.03176  0.50   66725    2119   65665   909222  13.63
  1961          65      0.03738  0.03669  0.50   64606    2371   63420   843556  13.06
  1961          66      0.03782  0.03712  0.50   62235    2310   61080   780136  12.54
  1961          67      0.04116  0.04033  0.50   59925    2417   58717   719056  12.00
  1961          68      0.04398  0.04303  0.50   57508    2475   56271   660339  11.48
  1961          69      0.04455  0.04358  0.50   55033    2398   53834   604069  10.98
  1961          70      0.04869  0.04754  0.50   52635    2502   51384   550235  10.45
  1961          71      0.05234  0.05100  0.50   50133    2557   48854   498851   9.95
  1961          72      0.06008  0.05833  0.50   47576    2775   46188   449996   9.46
  1961          73      0.06195  0.06008  0.50   44801    2692   43455   403808   9.01
  1961          74      0.06466  0.06263  0.50   42109    2637   40790   360353   8.56
  1961          75      0.07409  0.07144  0.50   39472    2820   38062   319563   8.10
  1961          76      0.07815  0.07521  0.50   36652    2757   35273   281501   7.68
  1961          77      0.08431  0.08090  0.50   33895    2742   32524   246228   7.26
  1961          78      0.09201  0.08796  0.50   31153    2740   29783   213704   6.86
  1961          79      0.09870  0.09406  0.50   28413    2672   27076   183921   6.47
  1961          80      0.11154  0.10565  0.50   25740    2719   24381   156845   6.09
  1961          81      0.11977  0.11300  0.50   23021    2601   21720   132464   5.75
  1961          82      0.12857  0.12080  0.50   20420    2467   19186   110744   5.42
  1961          83      0.14376  0.13412  0.50   17953    2408   16749    91558   5.10
  1961          84      0.15590  0.14463  0.50   15545    2248   14421    74809   4.81
  1961          85      0.17167  0.15810  0.50   13297    2102   12246    60388   4.54
  1961          86      0.18239  0.16715  0.50   11195    1871   10259    48142   4.30
  1961          87      0.19780  0.18000  0.50    9323    1678    8484    37883   4.06
  1961          88      0.21205  0.19172  0.50    7645    1466    6912    29399   3.85
  1961          89      0.22994  0.20623  0.50    6179    1274    5542    22486   3.64
  1961          90      0.23899  0.21348  0.50    4905    1047    4382    16944   3.45
  1961          91      0.25857  0.22897  0.50    3858     883    3416    12563   3.26
  1961          92      0.27568  0.24228  0.50    2975     721    2614     9146   3.07
  1961          93      0.29997  0.26085  0.50    2254     588    1960     6532   2.90
  1961          94      0.33164  0.28447  0.50    1666     474    1429     4572   2.74
  1961          95      0.33821  0.28929  0.50    1192     345    1020     3143   2.64
  1961          96      0.35941  0.30466  0.50     847     258     718     2124   2.51
  1961          97      0.38118  0.32016  0.50     589     189     495     1405   2.39
  1961          98      0.40343  0.33571  0.50     400     134     333      911   2.27
  1961          99      0.42609  0.35126  0.50     266      93     219      577   2.17
  1961         100      0.44906  0.36672  0.50     173      63     141      358   2.07
  1961         101      0.47226  0.38205  0.50     109      42      88      217   1.99
  1961         102      0.49557  0.39716  0.50      68      27      54      129   1.90
  1961         103      0.51890  0.41201  0.50      41      17      32       74   1.83
  1961         104      0.54216  0.42653  0.50      24      10      19       42   1.76
  1961         105      0.56522  0.44068  0.50      14       6      11       23   1.70
  1961         106      0.58801  0.45441  0.50       8       3       6       13   1.64
  1961         107      0.61043  0.46769  0.50       4       2       3        7   1.59
  1961         108      0.63239  0.48047  0.50       2       1       2        3   1.54
  1961         109      0.65382  0.49274  0.50       1       1       1        2   1.51
  1961         110+     0.67464  1.00000  1.48       1       1       1        1   1.48
  1962           0      0.02924  0.02851  0.12  100000    2851   97502  6688079  66.88
  1962           1      0.00167  0.00167  0.50   97149     162   97068  6590577  67.84
  1962           2      0.00108  0.00108  0.50   96987     105   96934  6493509  66.95
  1962           3      0.00084  0.00084  0.50   96882      81   96841  6396575  66.02
  1962           4      0.00065  0.00065  0.50   96801      63   96769  6299734  65.08
  1962           5      0.00060  0.00060  0.50   96738      58   96709  6202965  64.12
  1962           6      0.00056  0.00056  0.50   96680      54   96653  6106256  63.16
  1962           7      0.00050  0.00050  0.50   96626      48   96602  6009603  62.19
  1962           8      0.00047  0.00047  0.50   96578      45   96555  5913001  61.23
  1962           9      0.00045  0.00045  0.50   96533      43   96511  5816446  60.25
  1962          10      0.00043  0.00043  0.50   96489      41   96469  5719935  59.28
  1962          11      0.00045  0.00045  0.50   96448      44   96426  5623466  58.31
  1962          12      0.00050  0.00050  0.50   96405      48   96380  5527039  57.33
  1962          13      0.00059  0.00059  0.50   96356      57   96328  5430659  56.36
  1962          14      0.00067  0.00067  0.50   96299      65   96267  5334331  55.39
  1962          15      0.00076  0.00076  0.50   96235      73   96198  5238064  54.43
  1962          16      0.00105  0.00105  0.50   96161     101   96111  5141866  53.47
  1962          17      0.00126  0.00126  0.50   96061     121   96000  5045755  52.53
  1962          18      0.00153  0.00153  0.50   95940     147   95866  4949755  51.59
  1962          19      0.00172  0.00172  0.50   95793     164   95711  4853888  50.67
  1962          20      0.00172  0.00172  0.50   95629     164   95547  4758177  49.76
  1962          21      0.00185  0.00185  0.50   95464     176   95376  4662631  48.84
  1962          22      0.00178  0.00178  0.50   95288     170   95203  4567255  47.93
  1962          23      0.00184  0.00184  0.50   95118     175   95031  4472052  47.02
  1962          24      0.00172  0.00171  0.50   94944     163   94862  4377021  46.10
  1962          25      0.00171  0.00171  0.50   94781     162   94700  4282158  45.18
  1962          26      0.00165  0.00165  0.50   94619     156   94541  4187459  44.26
  1962          27      0.00165  0.00165  0.50   94463     156   94385  4092917  43.33
  1962          28      0.00169  0.00169  0.50   94307     159   94227  3998532  42.40
  1962          29      0.00174  0.00174  0.50   94148     164   94066  3904305  41.47
  1962          30      0.00179  0.00179  0.50   93984     168   93900  3810239  40.54
  1962          31      0.00186  0.00186  0.50   93816     174   93728  3716340  39.61
  1962          32      0.00198  0.00198  0.50   93641     185   93549  3622611  38.69
  1962          33      0.00211  0.00210  0.50   93456     197   93358  3529063  37.76
  1962          34      0.00226  0.00226  0.50   93259     211   93154  3435705  36.84
  1962          35      0.00249  0.00248  0.50   93049     231   92933  3342551  35.92
  1962          36      0.00260  0.00259  0.50   92818     241   92697  3249618  35.01
  1962          37      0.00296  0.00295  0.50   92577     273   92440  3156921  34.10
  1962          38      0.00316  0.00316  0.50   92304     291   92158  3064480  33.20
  1962          39      0.00335  0.00334  0.50   92012     308   91859  2972322  32.30
  1962          40      0.00376  0.00375  0.50   91705     344   91533  2880464  31.41
  1962          41      0.00402  0.00401  0.50   91361     367   91177  2788931  30.53
  1962          42      0.00461  0.00460  0.50   90994     418   90785  2697754  29.65
  1962          43      0.00487  0.00486  0.50   90576     440   90356  2606969  28.78
  1962          44      0.00557  0.00556  0.50   90136     501   89885  2516613  27.92
  1962          45      0.00611  0.00609  0.50   89635     546   89362  2426727  27.07
  1962          46      0.00652  0.00650  0.50   89089     579   88800  2337365  26.24
  1962          47      0.00739  0.00736  0.50   88510     651   88184  2248566  25.40
  1962          48      0.00823  0.00820  0.50   87859     720   87498  2160381  24.59
  1962          49      0.00916  0.00912  0.50   87138     795   86741  2072883  23.79
  1962          50      0.01005  0.01000  0.50   86344     863   85912  1986142  23.00
  1962          51      0.01132  0.01125  0.50   85481     962   85000  1900230  22.23
  1962          52      0.01263  0.01255  0.50   84519    1061   83988  1815230  21.48
  1962          53      0.01294  0.01285  0.50   83458    1073   82922  1731242  20.74
  1962          54      0.01461  0.01450  0.50   82385    1195   81788  1648320  20.01
  1962          55      0.01503  0.01492  0.50   81191    1211   80585  1566532  19.29
  1962          56      0.01631  0.01618  0.50   79980    1294   79333  1485947  18.58
  1962          57      0.01800  0.01784  0.50   78686    1404   77984  1406614  17.88
  1962          58      0.01997  0.01977  0.50   77282    1528   76518  1328630  17.19
  1962          59      0.02182  0.02159  0.50   75754    1635   74936  1252112  16.53
  1962          60      0.02318  0.02292  0.50   74118    1699   73269  1177176  15.88
  1962          61      0.02726  0.02689  0.50   72420    1948   71446  1103907  15.24
  1962          62      0.03030  0.02985  0.50   70472    2103   69420  1032461  14.65
  1962          63      0.02946  0.02903  0.50   68369    1985   67376   963040  14.09
  1962          64      0.03263  0.03211  0.50   66384    2131   65318   895664  13.49
  1962          65      0.03700  0.03633  0.50   64253    2334   63086   830345  12.92
  1962          66      0.03905  0.03830  0.50   61919    2372   60733   767260  12.39
  1962          67      0.04216  0.04129  0.50   59547    2459   58318   706527  11.87
  1962          68      0.04413  0.04317  0.50   57088    2465   55856   648209  11.35
  1962          69      0.04670  0.04563  0.50   54624    2493   53377   592353  10.84
  1962          70      0.04954  0.04834  0.50   52131    2520   50871   538976  10.34
  1962          71      0.05030  0.04906  0.50   49611    2434   48394   488105   9.84
  1962          72      0.06009  0.05834  0.50   47177    2752   45801   439711   9.32
  1962          73      0.06437  0.06236  0.50   44425    2770   43039   393911   8.87
  1962          74      0.06916  0.06685  0.50   41654    2785   40262   350871   8.42
  1962          75      0.07275  0.07020  0.50   38870    2729   37506   310609   7.99
  1962          76      0.08004  0.07696  0.50   36141    2781   34751   273104   7.56
  1962          77      0.08705  0.08342  0.50   33360    2783   31968   238353   7.14
  1962          78      0.09550  0.09115  0.50   30577    2787   29183   206385   6.75
  1962          79      0.10182  0.09688  0.50   27790    2692   26444   177201   6.38
  1962          80      0.11260  0.10660  0.50   25097    2675   23760   150758   6.01
  1962          81      0.11772  0.11118  0.50   22422    2493   21176   126998   5.66
  1962          82      0.13614  0.12747  0.50   19929    2540   18659   105822   5.31
  1962          83      0.14399  0.13432  0.50   17389    2336   16221    87163   5.01
  1962          84      0.15902  0.14731  0.50   15053    2217   13945    70942   4.71
  1962          85      0.17410  0.16016  0.50   12836    2056   11808    56997   4.44
  1962          86      0.18504  0.16937  0.50   10780    1826    9867    45189   4.19
  1962          87      0.20528  0.18617  0.50    8954    1667    8121    35322   3.94
  1962          88      0.21468  0.19387  0.50    7287    1413    6581    27202   3.73
  1962          89      0.24119  0.21523  0.50    5874    1264    5242    20621   3.51
  1962          90      0.25763  0.22823  0.50    4610    1052    4084    15378   3.34
  1962          91      0.25902  0.22932  0.50    3558     816    3150    11294   3.17
  1962          92      0.30050  0.26125  0.50    2742     716    2384     8145   2.97
  1962          93      0.30427  0.26409  0.50    2026     535    1758     5761   2.84
  1962          94      0.32607  0.28036  0.50    1491     418    1282     4002   2.68
  1962          95      0.35291  0.29998  0.50    1073     322     912     2721   2.54
  1962          96      0.37542  0.31609  0.50     751     237     632     1809   2.41
  1962          97      0.39848  0.33227  0.50     514     171     428     1177   2.29
  1962          98      0.42199  0.34847  0.50     343     120     283      748   2.18
  1962          99      0.44587  0.36459  0.50     223      81     183      465   2.08
  1962         100      0.47000  0.38057  0.50     142      54     115      282   1.99
  1962         101      0.49427  0.39632  0.50      88      35      71      167   1.90
  1962         102      0.51856  0.41179  0.50      53      22      42       97   1.83
  1962         103      0.54277  0.42691  0.50      31      13      25       55   1.75
  1962         104      0.56678  0.44163  0.50      18       8      14       30   1.69
  1962         105      0.59048  0.45589  0.50      10       5       8       16   1.63
  1962         106      0.61377  0.46964  0.50       5       3       4        9   1.57
  1962         107      0.63654  0.48286  0.50       3       1       2        4   1.53
  1962         108      0.65873  0.49552  0.50       1       1       1        2   1.48
  1962         109      0.68023  0.50759  0.50       1       0       1        1   1.45
  1962         110+     0.70100  1.00000  1.43       0       0       1        1   1.43
  1963           0      0.02912  0.02839  0.12  100000    2839   97511  6663295  66.63
  1963           1      0.00177  0.00176  0.50   97161     171   97075  6565784  67.58
  1963           2      0.00112  0.00112  0.50   96990     109   96935  6468709  66.69
  1963           3      0.00084  0.00084  0.50   96881      82   96840  6371774  65.77
  1963           4      0.00068  0.00068  0.50   96799      66   96766  6274934  64.82
  1963           5      0.00059  0.00059  0.50   96733      57   96705  6178168  63.87
  1963           6      0.00057  0.00057  0.50   96676      55   96649  6081463  62.91
  1963           7      0.00052  0.00052  0.50   96621      51   96596  5984814  61.94
  1963           8      0.00044  0.00044  0.50   96571      43   96550  5888218  60.97
  1963           9      0.00046  0.00046  0.50   96528      45   96506  5791668  60.00
  1963          10      0.00043  0.00043  0.50   96483      41   96463  5695163  59.03
  1963          11      0.00044  0.00044  0.50   96442      42   96421  5598700  58.05
  1963          12      0.00047  0.00047  0.50   96400      45   96377  5502279  57.08
  1963          13      0.00056  0.00056  0.50   96354      54   96327  5405902  56.10
  1963          14      0.00065  0.00065  0.50   96300      63   96269  5309575  55.14
  1963          15      0.00084  0.00084  0.50   96237      81   96197  5213306  54.17
  1963          16      0.00112  0.00112  0.50   96157     108   96103  5117109  53.22
  1963          17      0.00128  0.00128  0.50   96049     123   95988  5021006  52.28
  1963          18      0.00153  0.00153  0.50   95926     147   95852  4925018  51.34
  1963          19      0.00170  0.00170  0.50   95779     163   95697  4829166  50.42
  1963          20      0.00174  0.00174  0.50   95616     166   95533  4733469  49.51
  1963          21      0.00187  0.00187  0.50   95450     178   95361  4637936  48.59
  1963          22      0.00185  0.00184  0.50   95271     176   95184  4542575  47.68
  1963          23      0.00185  0.00185  0.50   95096     176   95008  4447392  46.77
  1963          24      0.00174  0.00174  0.50   94920     165   94837  4352384  45.85
  1963          25      0.00175  0.00175  0.50   94755     166   94672  4257547  44.93
  1963          26      0.00174  0.00174  0.50   94589     165   94507  4162875  44.01
  1963          27      0.00175  0.00175  0.50   94424     166   94341  4068368  43.09
  1963          28      0.00185  0.00185  0.50   94259     174   94172  3974027  42.16
  1963          29      0.00175  0.00175  0.50   94085     164   94002  3879855  41.24
  1963          30      0.00178  0.00178  0.50   93920     167   93837  3785853  40.31
  1963          31      0.00183  0.00183  0.50   93753     172   93667  3692016  39.38
  1963          32      0.00202  0.00202  0.50   93581     189   93487  3598349  38.45
  1963          33      0.00221  0.00221  0.50   93392     206   93289  3504862  37.53
  1963          34      0.00236  0.00236  0.50   93186     220   93076  3411572  36.61
  1963          35      0.00249  0.00249  0.50   92967     231   92851  3318496  35.70
  1963          36      0.00271  0.00271  0.50   92735     251   92610  3225645  34.78
  1963          37      0.00290  0.00289  0.50   92484     268   92350  3133035  33.88
  1963          38      0.00327  0.00326  0.50   92217     301   92066  3040685  32.97
  1963          39      0.00348  0.00347  0.50   91916     319   91756  2948618  32.08
  1963          40      0.00375  0.00374  0.50   91597     343   91426  2856862  31.19
  1963          41      0.00403  0.00402  0.50   91254     367   91071  2765436  30.30
  1963          42      0.00473  0.00472  0.50   90887     429   90672  2674366  29.43
  1963          43      0.00506  0.00505  0.50   90458     457   90230  2583693  28.56
  1963          44      0.00549  0.00547  0.50   90001     493   89755  2493464  27.70
  1963          45      0.00619  0.00617  0.50   89509     553   89232  2403709  26.85
  1963          46      0.00671  0.00668  0.50   88956     595   88659  2314477  26.02
  1963          47      0.00755  0.00753  0.50   88362     665   88029  2225818  25.19
  1963          48      0.00835  0.00832  0.50   87697     730   87332  2137789  24.38
  1963          49      0.00925  0.00920  0.50   86967     800   86567  2050457  23.58
  1963          50      0.01026  0.01021  0.50   86167     880   85727  1963890  22.79
  1963          51      0.01093  0.01087  0.50   85287     927   84823  1878163  22.02
  1963          52      0.01279  0.01271  0.50   84360    1072   83824  1793340  21.26
  1963          53      0.01374  0.01364  0.50   83288    1136   82719  1709516  20.53
  1963          54      0.01422  0.01412  0.50   82151    1160   81571  1626797  19.80
  1963          55      0.01558  0.01546  0.50   80991    1252   80365  1545226  19.08
  1963          56      0.01669  0.01656  0.50   79739    1320   79079  1464860  18.37
  1963          57      0.01844  0.01827  0.50   78419    1433   77703  1385781  17.67
  1963          58      0.02034  0.02014  0.50   76986    1550   76211  1308078  16.99
  1963          59      0.02247  0.02222  0.50   75436    1676   74598  1231867  16.33
  1963          60      0.02445  0.02415  0.50   73760    1781   72869  1157269  15.69
  1963          61      0.02516  0.02485  0.50   71979    1788   71084  1084400  15.07
  1963          62      0.03166  0.03117  0.50   70190    2188   69097  1013315  14.44
  1963          63      0.03275  0.03223  0.50   68003    2191   66907   944219  13.89
  1963          64      0.03209  0.03159  0.50   65811    2079   64772   877312  13.33
  1963          65      0.03738  0.03669  0.50   63733    2339   62563   812540  12.75
  1963          66      0.03879  0.03806  0.50   61394    2336   60226   749977  12.22
  1963          67      0.04318  0.04227  0.50   59058    2496   57809   689751  11.68
  1963          68      0.04576  0.04473  0.50   56561    2530   55296   631941  11.17
  1963          69      0.04768  0.04657  0.50   54031    2516   52773   576645  10.67
  1963          70      0.05284  0.05148  0.50   51515    2652   50189   523872  10.17
  1963          71      0.05317  0.05179  0.50   48863    2531   47598   473683   9.69
  1963          72      0.05914  0.05744  0.50   46332    2661   45002   426086   9.20
  1963          73      0.06535  0.06328  0.50   43671    2764   42289   381084   8.73
  1963          74      0.07202  0.06951  0.50   40907    2844   39486   338795   8.28
  1963          75      0.07792  0.07500  0.50   38064    2855   36636   299309   7.86
  1963          76      0.07970  0.07665  0.50   35209    2699   33860   262673   7.46
  1963          77      0.08813  0.08441  0.50   32510    2744   31138   228813   7.04
  1963          78      0.09775  0.09320  0.50   29766    2774   28379   197675   6.64
  1963          79      0.10504  0.09980  0.50   26992    2694   25645   169295   6.27
  1963          80      0.11534  0.10905  0.50   24298    2650   22973   143650   5.91
  1963          81      0.12095  0.11405  0.50   21649    2469   20414   120676   5.57
  1963          82      0.13511  0.12656  0.50   19179    2427   17966   100262   5.23
  1963          83      0.15285  0.14200  0.50   16752    2379   15563    82297   4.91
  1963          84      0.16021  0.14833  0.50   14373    2132   13307    66734   4.64
  1963          85      0.17716  0.16275  0.50   12241    1992   11245    53427   4.36
  1963          86      0.19024  0.17371  0.50   10249    1780    9359    42181   4.12
  1963          87      0.20884  0.18909  0.50    8469    1601    7668    32823   3.88
  1963          88      0.22509  0.20232  0.50    6867    1389    6173    25155   3.66
  1963          89      0.24281  0.21652  0.50    5478    1186    4885    18982   3.47
  1963          90      0.26493  0.23394  0.50    4292    1004    3790    14097   3.28
  1963          91      0.26776  0.23615  0.50    3288     776    2900    10307   3.14
  1963          92      0.28665  0.25072  0.50    2511     630    2197     7408   2.95
  1963          93      0.32360  0.27853  0.50    1882     524    1620     5211   2.77
  1963          94      0.33067  0.28375  0.50    1358     385    1165     3592   2.65
  1963          95      0.35974  0.30490  0.50     972     296     824     2427   2.50
  1963          96      0.38249  0.32109  0.50     676     217     567     1602   2.37
  1963          97      0.40577  0.33733  0.50     459     155     381     1035   2.26
  1963          98      0.42949  0.35356  0.50     304     108     250      654   2.15
  1963          99      0.45353  0.36969  0.50     197      73     160      403   2.05
  1963         100      0.47779  0.38566  0.50     124      48     100      243   1.96
  1963         101      0.50215  0.40138  0.50      76      31      61      143   1.88
  1963         102      0.52651  0.41679  0.50      46      19      36       82   1.80
  1963         103      0.55074  0.43182  0.50      27      11      21       46   1.73
  1963         104      0.57473  0.44644  0.50      15       7      12       25   1.67
  1963         105      0.59837  0.46057  0.50       8       4       6       13   1.61
  1963         106      0.62156  0.47419  0.50       5       2       3        7   1.56
  1963         107      0.64422  0.48726  0.50       2       1       2        4   1.51
  1963         108      0.66624  0.49976  0.50       1       1       1        2   1.47
  1963         109      0.68756  0.51166  0.50       1       0       0        1   1.43
  1963         110+     0.70812  1.00000  1.41       0       0       0        0   1.41
  1964           0      0.02863  0.02792  0.12  100000    2792   97547  6681951  66.82
  1964           1      0.00166  0.00166  0.50   97208     161   97127  6584404  67.74
  1964           2      0.00112  0.00112  0.50   97046     109   96992  6487277  66.85
  1964           3      0.00082  0.00082  0.50   96938      79   96898  6390285  65.92
  1964           4      0.00072  0.00072  0.50   96858      70   96823  6293387  64.98
  1964           5      0.00060  0.00060  0.50   96788      58   96759  6196563  64.02
  1964           6      0.00055  0.00055  0.50   96730      53   96704  6099804  63.06
  1964           7      0.00050  0.00050  0.50   96677      48   96653  6003100  62.09
  1964           8      0.00050  0.00050  0.50   96629      49   96605  5906447  61.12
  1964           9      0.00042  0.00042  0.50   96580      41   96560  5809843  60.16
  1964          10      0.00042  0.00042  0.50   96539      41   96519  5713283  59.18
  1964          11      0.00047  0.00047  0.50   96498      45   96476  5616764  58.21
  1964          12      0.00046  0.00046  0.50   96453      44   96431  5520288  57.23
  1964          13      0.00058  0.00058  0.50   96409      56   96381  5423857  56.26
  1964          14      0.00069  0.00069  0.50   96353      67   96319  5327476  55.29
  1964          15      0.00087  0.00087  0.50   96286      84   96244  5231157  54.33
  1964          16      0.00108  0.00108  0.50   96203     104   96150  5134913  53.38
  1964          17      0.00138  0.00138  0.50   96098     132   96032  5038762  52.43
  1964          18      0.00165  0.00165  0.50   95966     158   95887  4942730  51.50
  1964          19      0.00184  0.00184  0.50   95808     176   95720  4846843  50.59
  1964          20      0.00180  0.00180  0.50   95632     172   95546  4751123  49.68
  1964          21      0.00190  0.00190  0.50   95460     181   95370  4655577  48.77
  1964          22      0.00182  0.00182  0.50   95279     173   95193  4560207  47.86
  1964          23      0.00187  0.00187  0.50   95106     178   95017  4465015  46.95
  1964          24      0.00182  0.00182  0.50   94928     172   94842  4369997  46.03
  1964          25      0.00180  0.00180  0.50   94756     171   94670  4275155  45.12
  1964          26      0.00181  0.00181  0.50   94585     171   94500  4180485  44.20
  1964          27      0.00177  0.00177  0.50   94414     167   94331  4085985  43.28
  1964          28      0.00181  0.00181  0.50   94247     171   94162  3991655  42.35
  1964          29      0.00185  0.00185  0.50   94077     174   93990  3897493  41.43
  1964          30      0.00189  0.00188  0.50   93902     177   93814  3803503  40.50
  1964          31      0.00195  0.00195  0.50   93726     183   93634  3709689  39.58
  1964          32      0.00215  0.00215  0.50   93543     201   93443  3616055  38.66
  1964          33      0.00225  0.00225  0.50   93342     210   93237  3522612  37.74
  1964          34      0.00244  0.00244  0.50   93132     227   93019  3429375  36.82
  1964          35      0.00247  0.00247  0.50   92905     229   92791  3336356  35.91
  1964          36      0.00272  0.00272  0.50   92676     252   92550  3243566  35.00
  1964          37      0.00303  0.00302  0.50   92424     279   92284  3151016  34.09
  1964          38      0.00320  0.00319  0.50   92145     294   91998  3058731  33.19
  1964          39      0.00359  0.00359  0.50   91850     329   91686  2966734  32.30
  1964          40      0.00389  0.00388  0.50   91521     355   91343  2875048  31.41
  1964          41      0.00397  0.00396  0.50   91166     361   90985  2783705  30.53
  1964          42      0.00474  0.00473  0.50   90804     429   90590  2692720  29.65
  1964          43      0.00512  0.00511  0.50   90375     462   90144  2602130  28.79
  1964          44      0.00574  0.00572  0.50   89913     515   89656  2511986  27.94
  1964          45      0.00606  0.00605  0.50   89399     541   89129  2422330  27.10
  1964          46      0.00680  0.00678  0.50   88858     602   88557  2333201  26.26
  1964          47      0.00749  0.00747  0.50   88256     659   87927  2244644  25.43
  1964          48      0.00817  0.00813  0.50   87597     712   87241  2156717  24.62
  1964          49      0.00905  0.00900  0.50   86885     782   86494  2069476  23.82
  1964          50      0.01024  0.01019  0.50   86103     877   85664  1982983  23.03
  1964          51      0.01094  0.01088  0.50   85225     928   84762  1897319  22.26
  1964          52      0.01213  0.01206  0.50   84298    1017   83790  1812557  21.50
  1964          53      0.01325  0.01317  0.50   83281    1096   82733  1728767  20.76
  1964          54      0.01442  0.01432  0.50   82185    1177   81597  1646034  20.03
  1964          55      0.01522  0.01511  0.50   81008    1224   80396  1564438  19.31
  1964          56      0.01668  0.01654  0.50   79784    1320   79125  1484042  18.60
  1964          57      0.01797  0.01781  0.50   78465    1397   77766  1404917  17.91
  1964          58      0.01966  0.01947  0.50   77067    1501   76317  1327151  17.22
  1964          59      0.02202  0.02178  0.50   75567    1646   74744  1250834  16.55
  1964          60      0.02444  0.02415  0.50   73921    1785   73028  1176090  15.91
  1964          61      0.02576  0.02543  0.50   72136    1835   71219  1103061  15.29
  1964          62      0.02879  0.02838  0.50   70301    1995   69304  1031843  14.68
  1964          63      0.03228  0.03177  0.50   68306    2170   67221   962539  14.09
  1964          64      0.03441  0.03383  0.50   66136    2237   65017   895318  13.54
  1964          65      0.03509  0.03448  0.50   63899    2203   62797   830301  12.99
  1964          66      0.03734  0.03665  0.50   61695    2261   60565   767504  12.44
  1964          67      0.04181  0.04096  0.50   59434    2434   58217   706940  11.89
  1964          68      0.04441  0.04344  0.50   57000    2476   55761   648723  11.38
  1964          69      0.04733  0.04624  0.50   54523    2521   53263   592962  10.88
  1964          70      0.05088  0.04962  0.50   52002    2580   50712   539699  10.38
  1964          71      0.05318  0.05180  0.50   49422    2560   48142   488987   9.89
  1964          72      0.05896  0.05727  0.50   46862    2684   45520   440845   9.41
  1964          73      0.06090  0.05910  0.50   44178    2611   42873   395325   8.95
  1964          74      0.06957  0.06723  0.50   41567    2795   40170   352452   8.48
  1964          75      0.07691  0.07406  0.50   38773    2871   37337   312282   8.05
  1964          76      0.08074  0.07761  0.50   35901    2786   34508   274945   7.66
  1964          77      0.08210  0.07886  0.50   33115    2611   31809   240437   7.26
  1964          78      0.09390  0.08969  0.50   30503    2736   29136   208628   6.84
  1964          79      0.10213  0.09717  0.50   27768    2698   26419   179493   6.46
  1964          80      0.11180  0.10588  0.50   25070    2654   23742   153074   6.11
  1964          81      0.11459  0.10838  0.50   22415    2429   21200   129332   5.77
  1964          82      0.13151  0.12339  0.50   19986    2466   18753   108131   5.41
  1964          83      0.14189  0.13249  0.50   17520    2321   16359    89378   5.10
  1964          84      0.16001  0.14816  0.50   15198    2252   14073    73019   4.80
  1964          85      0.16614  0.15340  0.50   12947    1986   11954    58947   4.55
  1964          86      0.18397  0.16847  0.50   10961    1847   10037    46993   4.29
  1964          87      0.19821  0.18034  0.50    9114    1644    8292    36956   4.05
  1964          88      0.21110  0.19095  0.50    7471    1426    6757    28663   3.84
  1964          89      0.23095  0.20704  0.50    6044    1251    5418    21906   3.62
  1964          90      0.25101  0.22302  0.50    4793    1069    4258    16488   3.44
  1964          91      0.25605  0.22699  0.50    3724     845    3301    12230   3.28
  1964          92      0.27192  0.23937  0.50    2879     689    2534     8928   3.10
  1964          93      0.30071  0.26141  0.50    2189     572    1903     6394   2.92
  1964          94      0.31323  0.27081  0.50    1617     438    1398     4491   2.78
  1964          95      0.33995  0.29056  0.50    1179     343    1008     3093   2.62
  1964          96      0.36145  0.30612  0.50     837     256     709     2085   2.49
  1964          97      0.38352  0.32181  0.50     580     187     487     1376   2.37
  1964          98      0.40608  0.33754  0.50     394     133     327      889   2.26
  1964          99      0.42904  0.35326  0.50     261      92     215      562   2.16
  1964         100      0.45232  0.36889  0.50     169      62     138      347   2.06
  1964         101      0.47580  0.38436  0.50     106      41      86      210   1.97
  1964         102      0.49939  0.39961  0.50      66      26      52      124   1.89
  1964         103      0.52299  0.41458  0.50      39      16      31       71   1.82
  1964         104      0.54648  0.42920  0.50      23      10      18       40   1.75
  1964         105      0.56977  0.44344  0.50      13       6      10       22   1.68
  1964         106      0.59275  0.45724  0.50       7       3       6       12   1.63
  1964         107      0.61533  0.47056  0.50       4       2       3        6   1.57
  1964         108      0.63743  0.48337  0.50       2       1       2        3   1.53
  1964         109      0.65896  0.49565  0.50       1       1       1        2   1.49
  1964         110+     0.67986  1.00000  1.47       1       1       1        1   1.47
  1965           0      0.02778  0.02712  0.12  100000    2712   97611  6680185  66.80
  1965           1      0.00164  0.00164  0.50   97288     159   97209  6582575  67.66
  1965           2      0.00106  0.00105  0.50   97129     102   97078  6485366  66.77
  1965           3      0.00082  0.00082  0.50   97027      79   96987  6388288  65.84
  1965           4      0.00070  0.00070  0.50   96947      68   96913  6291301  64.89
  1965           5      0.00061  0.00061  0.50   96879      59   96850  6194387  63.94
  1965           6      0.00053  0.00053  0.50   96821      51   96795  6097537  62.98
  1965           7      0.00050  0.00050  0.50   96769      49   96745  6000742  62.01
  1965           8      0.00046  0.00046  0.50   96721      44   96699  5903997  61.04
  1965           9      0.00044  0.00044  0.50   96676      43   96655  5807299  60.07
  1965          10      0.00042  0.00042  0.50   96634      41   96613  5710644  59.10
  1965          11      0.00044  0.00044  0.50   96593      43   96572  5614030  58.12
  1965          12      0.00048  0.00048  0.50   96550      47   96527  5517458  57.15
  1965          13      0.00056  0.00056  0.50   96503      54   96476  5420932  56.17
  1965          14      0.00065  0.00065  0.50   96449      63   96418  5324455  55.20
  1965          15      0.00087  0.00087  0.50   96386      84   96344  5228038  54.24
  1965          16      0.00112  0.00112  0.50   96302     108   96248  5131694  53.29
  1965          17      0.00137  0.00137  0.50   96194     132   96129  5035445  52.35
  1965          18      0.00167  0.00167  0.50   96063     161   95982  4939317  51.42
  1965          19      0.00188  0.00188  0.50   95902     180   95812  4843334  50.50
  1965          20      0.00176  0.00176  0.50   95722     169   95638  4747522  49.60
  1965          21      0.00199  0.00199  0.50   95553     190   95458  4651885  48.68
  1965          22      0.00194  0.00194  0.50   95363     185   95270  4556427  47.78
  1965          23      0.00186  0.00186  0.50   95178     177   95089  4461156  46.87
  1965          24      0.00175  0.00174  0.50   95001     166   94918  4366067  45.96
  1965          25      0.00179  0.00178  0.50   94835     169   94751  4271149  45.04
  1965          26      0.00185  0.00185  0.50   94666     175   94579  4176398  44.12
  1965          27      0.00180  0.00180  0.50   94491     170   94406  4081820  43.20
  1965          28      0.00188  0.00188  0.50   94321     177   94232  3987414  42.28
  1965          29      0.00189  0.00189  0.50   94144     178   94055  3893181  41.35
  1965          30      0.00193  0.00193  0.50   93966     181   93875  3799127  40.43
  1965          31      0.00205  0.00205  0.50   93784     192   93688  3705252  39.51
  1965          32      0.00208  0.00208  0.50   93592     195   93495  3611563  38.59
  1965          33      0.00221  0.00220  0.50   93398     206   93295  3518068  37.67
  1965          34      0.00227  0.00227  0.50   93192     211   93086  3424773  36.75
  1965          35      0.00264  0.00264  0.50   92981     245   92858  3331687  35.83
  1965          36      0.00270  0.00269  0.50   92735     250   92610  3238829  34.93
  1965          37      0.00299  0.00299  0.50   92485     276   92347  3146219  34.02
  1965          38      0.00324  0.00323  0.50   92209     298   92060  3053872  33.12
  1965          39      0.00353  0.00352  0.50   91911     324   91749  2961812  32.22
  1965          40      0.00396  0.00395  0.50   91587     362   91406  2870064  31.34
  1965          41      0.00415  0.00414  0.50   91225     378   91036  2778658  30.46
  1965          42      0.00458  0.00457  0.50   90847     415   90639  2687622  29.58
  1965          43      0.00504  0.00502  0.50   90432     454   90205  2596983  28.72
  1965          44      0.00562  0.00560  0.50   89978     504   89725  2506778  27.86
  1965          45      0.00631  0.00629  0.50   89473     563   89192  2417053  27.01
  1965          46      0.00652  0.00650  0.50   88910     578   88621  2327861  26.18
  1965          47      0.00756  0.00753  0.50   88332     665   88000  2239239  25.35
  1965          48      0.00817  0.00813  0.50   87667     713   87311  2151239  24.54
  1965          49      0.00899  0.00895  0.50   86954     778   86565  2063928  23.74
  1965          50      0.01042  0.01037  0.50   86176     893   85730  1977363  22.95
  1965          51      0.01106  0.01099  0.50   85283     938   84814  1891633  22.18
  1965          52      0.01236  0.01229  0.50   84345    1036   83827  1806819  21.42
  1965          53      0.01317  0.01308  0.50   83309    1090   82764  1722992  20.68
  1965          54      0.01457  0.01447  0.50   82219    1190   81624  1640228  19.95
  1965          55      0.01550  0.01538  0.50   81029    1246   80406  1558604  19.24
  1965          56      0.01646  0.01633  0.50   79783    1303   79132  1478198  18.53
  1965          57      0.01815  0.01799  0.50   78480    1412   77775  1399066  17.83
  1965          58      0.01977  0.01958  0.50   77069    1509   76314  1321291  17.14
  1965          59      0.02185  0.02161  0.50   75560    1633   74743  1244977  16.48
  1965          60      0.02445  0.02416  0.50   73927    1786   73034  1170234  15.83
  1965          61      0.02634  0.02600  0.50   72141    1875   71203  1097200  15.21
  1965          62      0.02988  0.02944  0.50   70266    2068   69231  1025996  14.60
  1965          63      0.03057  0.03011  0.50   68197    2053   67171   956765  14.03
  1965          64      0.03493  0.03433  0.50   66144    2271   65008   889594  13.45
  1965          65      0.03788  0.03717  0.50   63873    2374   62686   824586  12.91
  1965          66      0.03623  0.03559  0.50   61499    2189   60404   761900  12.39
  1965          67      0.04102  0.04020  0.50   59310    2384   58118   701495  11.83
  1965          68      0.04449  0.04352  0.50   56926    2477   55687   643377  11.30
  1965          69      0.04850  0.04735  0.50   54449    2578   53160   587690  10.79
  1965          70      0.05228  0.05095  0.50   51871    2643   50549   534530  10.31
  1965          71      0.05295  0.05159  0.50   49228    2539   47958   483981   9.83
  1965          72      0.06023  0.05847  0.50   46688    2730   45323   436023   9.34
  1965          73      0.06218  0.06031  0.50   43959    2651   42633   390700   8.89
  1965          74      0.06703  0.06486  0.50   41308    2679   39968   348067   8.43
  1965          75      0.07626  0.07346  0.50   38629    2838   37210   308099   7.98
  1965          76      0.08300  0.07969  0.50   35791    2852   34365   270889   7.57
  1965          77      0.08740  0.08374  0.50   32939    2758   31559   236524   7.18
  1965          78      0.09154  0.08753  0.50   30180    2642   28860   204965   6.79
  1965          79      0.10379  0.09867  0.50   27539    2717   26180   176105   6.39
  1965          80      0.11394  0.10780  0.50   24822    2676   23484   149925   6.04
  1965          81      0.11754  0.11102  0.50   22146    2459   20916   126441   5.71
  1965          82      0.13168  0.12354  0.50   19687    2432   18471   105525   5.36
  1965          83      0.14469  0.13493  0.50   17255    2328   16091    87054   5.05
  1965          84      0.15769  0.14616  0.50   14927    2182   13836    70963   4.75
  1965          85      0.17499  0.16092  0.50   12745    2051   11720    57127   4.48
  1965          86      0.18352  0.16810  0.50   10694    1798    9795    45408   4.25
  1965          87      0.20091  0.18257  0.50    8896    1624    8084    35612   4.00
  1965          88      0.21240  0.19201  0.50    7272    1396    6574    27528   3.79
  1965          89      0.23357  0.20914  0.50    5876    1229    5261    20954   3.57
  1965          90      0.25887  0.22920  0.50    4647    1065    4114    15693   3.38
  1965          91      0.25467  0.22590  0.50    3582     809    3177    11578   3.23
  1965          92      0.28256  0.24758  0.50    2773     686    2430     8401   3.03
  1965          93      0.31076  0.26897  0.50    2086     561    1806     5971   2.86
  1965          94      0.32338  0.27837  0.50    1525     425    1313     4166   2.73
  1965          95      0.34470  0.29403  0.50    1101     324     939     2853   2.59
  1965          96      0.36641  0.30967  0.50     777     241     657     1914   2.46
  1965          97      0.38867  0.32543  0.50     536     175     449     1257   2.34
  1965          98      0.41141  0.34122  0.50     362     123     300      808   2.23
  1965          99      0.43453  0.35697  0.50     238      85     196      508   2.13
  1965         100      0.45794  0.37262  0.50     153      57     125      312   2.04
  1965         101      0.48154  0.38810  0.50      96      37      77      188   1.95
  1965         102      0.50522  0.40333  0.50      59      24      47      110   1.87
  1965         103      0.52888  0.41827  0.50      35      15      28       63   1.80
  1965         104      0.55240  0.43285  0.50      20       9      16       35   1.73
  1965         105      0.57570  0.44702  0.50      12       5       9       19   1.67
  1965         106      0.59866  0.46075  0.50       6       3       5       10   1.61
  1965         107      0.62120  0.47398  0.50       3       2       3        5   1.56
  1965         108      0.64323  0.48670  0.50       2       1       1        3   1.52
  1965         109      0.66467  0.49887  0.50       1       0       1        1   1.48
  1965         110+     0.68545  1.00000  1.46       0       0       1        1   1.46
  1966           0      0.02694  0.02631  0.12  100000    2631   97674  6668945  66.69
  1966           1      0.00170  0.00170  0.50   97369     166   97286  6571271  67.49
  1966           2      0.00106  0.00106  0.50   97203     103   97151  6473985  66.60
  1966           3      0.00081  0.00081  0.50   97100      79   97060  6376834  65.67
  1966           4      0.00069  0.00069  0.50   97021      67   96988  6279774  64.73
  1966           5      0.00062  0.00062  0.50   96954      60   96924  6182786  63.77
  1966           6      0.00056  0.00056  0.50   96894      54   96867  6085862  62.81
  1966           7      0.00049  0.00049  0.50   96840      48   96816  5988995  61.84
  1966           8      0.00047  0.00047  0.50   96792      45   96769  5892179  60.87
  1966           9      0.00042  0.00042  0.50   96747      41   96726  5795410  59.90
  1966          10      0.00042  0.00042  0.50   96706      41   96685  5698684  58.93
  1966          11      0.00044  0.00044  0.50   96665      43   96643  5601999  57.95
  1966          12      0.00046  0.00046  0.50   96622      45   96599  5505356  56.98
  1966          13      0.00058  0.00058  0.50   96577      56   96549  5408756  56.00
  1966          14      0.00068  0.00068  0.50   96521      66   96488  5312207  55.04
  1966          15      0.00085  0.00085  0.50   96455      82   96414  5215719  54.07
  1966          16      0.00122  0.00122  0.50   96373     117   96315  5119305  53.12
  1966          17      0.00153  0.00153  0.50   96256     147   96182  5022990  52.18
  1966          18      0.00187  0.00187  0.50   96109     180   96019  4926808  51.26
  1966          19      0.00185  0.00185  0.50   95929     177   95840  4830789  50.36
  1966          20      0.00197  0.00197  0.50   95751     189   95657  4734949  49.45
  1966          21      0.00203  0.00203  0.50   95562     194   95466  4639292  48.55
  1966          22      0.00209  0.00209  0.50   95369     199   95269  4543826  47.64
  1966          23      0.00202  0.00201  0.50   95170     192   95074  4448557  46.74
  1966          24      0.00184  0.00184  0.50   94978     174   94891  4353483  45.84
  1966          25      0.00189  0.00188  0.50   94804     179   94715  4258592  44.92
  1966          26      0.00191  0.00191  0.50   94625     181   94535  4163877  44.00
  1966          27      0.00188  0.00188  0.50   94445     178   94356  4069342  43.09
  1966          28      0.00181  0.00181  0.50   94267     171   94182  3974986  42.17
  1966          29      0.00191  0.00190  0.50   94096     179   94007  3880804  41.24
  1966          30      0.00192  0.00192  0.50   93917     180   93827  3786798  40.32
  1966          31      0.00205  0.00205  0.50   93737     192   93641  3692971  39.40
  1966          32      0.00219  0.00219  0.50   93545     205   93442  3599330  38.48
  1966          33      0.00230  0.00230  0.50   93340     215   93233  3505888  37.56
  1966          34      0.00233  0.00233  0.50   93125     217   93017  3412655  36.65
  1966          35      0.00257  0.00257  0.50   92908     239   92789  3319638  35.73
  1966          36      0.00282  0.00281  0.50   92669     261   92539  3226850  34.82
  1966          37      0.00288  0.00288  0.50   92408     266   92275  3134311  33.92
  1966          38      0.00340  0.00339  0.50   92142     313   91986  3042036  33.01
  1966          39      0.00355  0.00355  0.50   91829     326   91667  2950050  32.13
  1966          40      0.00386  0.00385  0.50   91504     352   91328  2858383  31.24
  1966          41      0.00437  0.00436  0.50   91152     397   90953  2767056  30.36
  1966          42      0.00479  0.00478  0.50   90754     434   90537  2676103  29.49
  1966          43      0.00514  0.00513  0.50   90320     463   90089  2585566  28.63
  1966          44      0.00559  0.00557  0.50   89857     501   89607  2495477  27.77
  1966          45      0.00638  0.00636  0.50   89356     568   89072  2405870  26.92
  1966          46      0.00699  0.00696  0.50   88788     618   88479  2316798  26.09
  1966          47      0.00743  0.00740  0.50   88170     652   87844  2228319  25.27
  1966          48      0.00831  0.00827  0.50   87518     724   87156  2140475  24.46
  1966          49      0.00902  0.00897  0.50   86794     779   86404  2053319  23.66
  1966          50      0.01041  0.01035  0.50   86015     890   85569  1966915  22.87
  1966          51      0.01110  0.01104  0.50   85124     939   84655  1881346  22.10
  1966          52      0.01260  0.01253  0.50   84185    1054   83658  1796691  21.34
  1966          53      0.01338  0.01329  0.50   83130    1105   82578  1713034  20.61
  1966          54      0.01437  0.01427  0.50   82026    1170   81440  1630456  19.88
  1966          55      0.01587  0.01575  0.50   80855    1273   80219  1549015  19.16
  1966          56      0.01697  0.01683  0.50   79582    1339   78912  1468797  18.46
  1966          57      0.01809  0.01793  0.50   78243    1403   77541  1389884  17.76
  1966          58      0.02046  0.02026  0.50   76840    1556   76062  1312343  17.08
  1966          59      0.02221  0.02196  0.50   75284    1653   74457  1236281  16.42
  1966          60      0.02455  0.02425  0.50   73630    1786   72737  1161824  15.78
  1966          61      0.02639  0.02605  0.50   71845    1872   70909  1089087  15.16
  1966          62      0.03012  0.02968  0.50   69973    2077   68935  1018178  14.55
  1966          63      0.03210  0.03160  0.50   67896    2145   66824   949243  13.98
  1966          64      0.03278  0.03226  0.50   65751    2121   64691   882419  13.42
  1966          65      0.03861  0.03788  0.50   63630    2410   62425   817728  12.85
  1966          66      0.03964  0.03887  0.50   61220    2379   60031   755303  12.34
  1966          67      0.04042  0.03962  0.50   58841    2331   57675   695272  11.82
  1966          68      0.04416  0.04320  0.50   56509    2441   55289   637597  11.28
  1966          69      0.04664  0.04558  0.50   54068    2464   52836   582308  10.77
  1966          70      0.05330  0.05192  0.50   51604    2679   50264   529473  10.26
  1966          71      0.05384  0.05242  0.50   48925    2565   47642   479209   9.79
  1966          72      0.05982  0.05808  0.50   46360    2693   45013   431566   9.31
  1966          73      0.06435  0.06234  0.50   43667    2722   42306   386553   8.85
  1966          74      0.06836  0.06610  0.50   40945    2707   39592   344247   8.41
  1966          75      0.07478  0.07209  0.50   38238    2757   36860   304656   7.97
  1966          76      0.08157  0.07837  0.50   35482    2781   34091   267796   7.55
  1966          77      0.09094  0.08699  0.50   32701    2845   31279   233704   7.15
  1966          78      0.09785  0.09329  0.50   29856    2785   28464   202426   6.78
  1966          79      0.09919  0.09450  0.50   27071    2558   25792   173962   6.43
  1966          80      0.11471  0.10849  0.50   24513    2659   23183   148170   6.04
  1966          81      0.11808  0.11150  0.50   21853    2437   20635   124987   5.72
  1966          82      0.13046  0.12247  0.50   19417    2378   18228   104352   5.37
  1966          83      0.14389  0.13423  0.50   17039    2287   15895    86124   5.05
  1966          84      0.15922  0.14748  0.50   14752    2176   13664    70229   4.76
  1966          85      0.17075  0.15732  0.50   12576    1978   11587    56565   4.50
  1966          86      0.18765  0.17156  0.50   10598    1818    9689    44978   4.24
  1966          87      0.19838  0.18048  0.50    8780    1585    7987    35289   4.02
  1966          88      0.21321  0.19267  0.50    7195    1386    6502    27302   3.79
  1966          89      0.22910  0.20555  0.50    5809    1194    5212    20800   3.58
  1966          90      0.25405  0.22542  0.50    4615    1040    4095    15588   3.38
  1966          91      0.26759  0.23601  0.50    3575     844    3153    11494   3.22
  1966          92      0.28262  0.24763  0.50    2731     676    2393     8341   3.05
  1966          93      0.30275  0.26294  0.50    2055     540    1785     5948   2.89
  1966          94      0.32037  0.27614  0.50    1514     418    1305     4164   2.75
  1966          95      0.34254  0.29245  0.50    1096     321     936     2858   2.61
  1966          96      0.36402  0.30796  0.50     776     239     656     1922   2.48
  1966          97      0.38604  0.32358  0.50     537     174     450     1266   2.36
  1966          98      0.40855  0.33925  0.50     363     123     301      816   2.25
  1966          99      0.43144  0.35489  0.50     240      85     197      515   2.15
  1966         100      0.45463  0.37043  0.50     155      57     126      317   2.05
  1966         101      0.47802  0.38581  0.50      97      38      79      191   1.96
  1966         102      0.50151  0.40097  0.50      60      24      48      113   1.88
  1966         103      0.52499  0.41584  0.50      36      15      28       65   1.81
  1966         104      0.54836  0.43036  0.50      21       9      16       36   1.74
  1966         105      0.57152  0.44450  0.50      12       5       9       20   1.68
  1966         106      0.59437  0.45820  0.50       7       3       5       11   1.62
  1966         107      0.61682  0.47143  0.50       4       2       3        6   1.57
  1966         108      0.63878  0.48415  0.50       2       1       1        3   1.53
  1966         109      0.66018  0.49634  0.50       1       0       1        1   1.49
  1966         110+     0.68094  1.00000  1.47       0       0       1        1   1.47
  1967           0      0.02568  0.02510  0.11  100000    2510   97771  6693565  66.94
  1967           1      0.00153  0.00153  0.50   97490     149   97415  6595794  67.66
  1967           2      0.00102  0.00102  0.50   97341      99   97291  6498379  66.76
  1967           3      0.00081  0.00081  0.50   97241      79   97201  6401088  65.83
  1967           4      0.00067  0.00067  0.50   97162      65   97129  6303887  64.88
  1967           5      0.00060  0.00060  0.50   97097      58   97068  6206757  63.92
  1967           6      0.00054  0.00053  0.50   97039      52   97013  6109689  62.96
  1967           7      0.00048  0.00048  0.50   96987      46   96964  6012677  61.99
  1967           8      0.00044  0.00044  0.50   96940      43   96919  5915713  61.02
  1967           9      0.00043  0.00043  0.50   96898      42   96877  5818794  60.05
  1967          10      0.00041  0.00041  0.50   96856      40   96836  5721917  59.08
  1967          11      0.00042  0.00042  0.50   96816      41   96796  5625081  58.10
  1967          12      0.00049  0.00049  0.50   96775      47   96752  5528286  57.12
  1967          13      0.00055  0.00055  0.50   96728      53   96702  5431534  56.15
  1967          14      0.00069  0.00069  0.50   96675      67   96641  5334832  55.18
  1967          15      0.00086  0.00086  0.50   96608      83   96567  5238191  54.22
  1967          16      0.00121  0.00121  0.50   96525     117   96467  5141624  53.27
  1967          17      0.00145  0.00145  0.50   96409     140   96339  5045157  52.33
  1967          18      0.00181  0.00180  0.50   96269     174   96182  4948818  51.41
  1967          19      0.00202  0.00202  0.50   96095     194   95998  4852636  50.50
  1967          20      0.00189  0.00189  0.50   95901     181   95810  4756638  49.60
  1967          21      0.00212  0.00212  0.50   95720     203   95618  4660828  48.69
  1967          22      0.00221  0.00220  0.50   95517     211   95412  4565210  47.79
  1967          23      0.00210  0.00209  0.50   95306     199   95206  4469798  46.90
  1967          24      0.00185  0.00185  0.50   95107     176   95019  4374592  46.00
  1967          25      0.00188  0.00188  0.50   94931     178   94842  4279573  45.08
  1967          26      0.00186  0.00186  0.50   94752     176   94664  4184731  44.16
  1967          27      0.00203  0.00202  0.50   94576     191   94480  4090067  43.25
  1967          28      0.00196  0.00196  0.50   94385     185   94292  3995587  42.33
  1967          29      0.00187  0.00187  0.50   94200     176   94112  3901295  41.42
  1967          30      0.00189  0.00188  0.50   94024     177   93935  3807183  40.49
  1967          31      0.00206  0.00205  0.50   93846     193   93750  3713248  39.57
  1967          32      0.00220  0.00220  0.50   93654     206   93551  3619498  38.65
  1967          33      0.00232  0.00232  0.50   93448     217   93339  3525947  37.73
  1967          34      0.00242  0.00242  0.50   93231     225   93118  3432608  36.82
  1967          35      0.00265  0.00264  0.50   93005     246   92883  3339490  35.91
  1967          36      0.00279  0.00279  0.50   92760     258   92630  3246607  35.00
  1967          37      0.00299  0.00298  0.50   92501     276   92363  3153977  34.10
  1967          38      0.00340  0.00340  0.50   92225     313   92068  3061614  33.20
  1967          39      0.00364  0.00364  0.50   91912     334   91745  2969545  32.31
  1967          40      0.00391  0.00390  0.50   91577     358   91399  2877801  31.42
  1967          41      0.00429  0.00428  0.50   91220     390   91025  2786402  30.55
  1967          42      0.00478  0.00476  0.50   90830     433   90613  2695377  29.68
  1967          43      0.00515  0.00513  0.50   90397     464   90165  2604764  28.81
  1967          44      0.00549  0.00547  0.50   89933     492   89687  2514599  27.96
  1967          45      0.00629  0.00627  0.50   89441     561   89160  2424912  27.11
  1967          46      0.00673  0.00671  0.50   88880     597   88581  2335752  26.28
  1967          47      0.00760  0.00757  0.50   88283     668   87949  2247170  25.45
  1967          48      0.00811  0.00807  0.50   87615     707   87261  2159221  24.64
  1967          49      0.00908  0.00904  0.50   86907     785   86515  2071960  23.84
  1967          50      0.00983  0.00978  0.50   86122     842   85701  1985446  23.05
  1967          51      0.01077  0.01072  0.50   85280     914   84823  1899745  22.28
  1967          52      0.01212  0.01205  0.50   84366    1016   83858  1814922  21.51
  1967          53      0.01340  0.01331  0.50   83350    1110   82795  1731064  20.77
  1967          54      0.01439  0.01429  0.50   82240    1175   81652  1648269  20.04
  1967          55      0.01517  0.01506  0.50   81065    1221   80454  1566617  19.33
  1967          56      0.01693  0.01679  0.50   79844    1341   79174  1486162  18.61
  1967          57      0.01837  0.01821  0.50   78503    1429   77789  1406989  17.92
  1967          58      0.01986  0.01966  0.50   77074    1515   76316  1329200  17.25
  1967          59      0.02194  0.02170  0.50   75558    1640   74739  1252884  16.58
  1967          60      0.02372  0.02345  0.50   73919    1733   73052  1178146  15.94
  1967          61      0.02576  0.02543  0.50   72186    1836   71268  1105093  15.31
  1967          62      0.02898  0.02857  0.50   70350    2010   69345  1033826  14.70
  1967          63      0.03121  0.03073  0.50   68340    2100   67290   964481  14.11
  1967          64      0.03328  0.03274  0.50   66240    2169   65156   897191  13.54
  1967          65      0.03540  0.03479  0.50   64071    2229   62957   832035  12.99
  1967          66      0.03913  0.03838  0.50   61843    2373   60656   769078  12.44
  1967          67      0.04248  0.04160  0.50   59469    2474   58232   708422  11.91
  1967          68      0.04143  0.04059  0.50   56995    2314   55839   650190  11.41
  1967          69      0.04604  0.04500  0.50   54682    2461   53451   594351  10.87
  1967          70      0.05067  0.04942  0.50   52221    2581   50931   540900  10.36
  1967          71      0.05390  0.05249  0.50   49640    2605   48338   489969   9.87
  1967          72      0.06054  0.05876  0.50   47035    2764   45653   441632   9.39
  1967          73      0.06403  0.06204  0.50   44271    2747   42898   395979   8.94
  1967          74      0.06960  0.06726  0.50   41525    2793   40128   353081   8.50
  1967          75      0.07387  0.07124  0.50   38732    2759   37352   312953   8.08
  1967          76      0.07783  0.07492  0.50   35972    2695   34625   275601   7.66
  1967          77      0.08665  0.08305  0.50   33277    2764   31895   240976   7.24
  1967          78      0.09641  0.09198  0.50   30514    2807   29110   209080   6.85
  1967          79      0.10307  0.09802  0.50   27707    2716   26349   179970   6.50
  1967          80      0.10953  0.10385  0.50   24991    2595   23693   153621   6.15
  1967          81      0.11707  0.11060  0.50   22396    2477   21157   129928   5.80
  1967          82      0.12794  0.12025  0.50   19919    2395   18721   108770   5.46
  1967          83      0.14210  0.13268  0.50   17524    2325   16361    90049   5.14
  1967          84      0.15436  0.14330  0.50   15199    2178   14110    73688   4.85
  1967          85      0.16539  0.15276  0.50   13021    1989   12026    59578   4.58
  1967          86      0.18093  0.16592  0.50   11032    1830   10117    47552   4.31
  1967          87      0.20027  0.18204  0.50    9201    1675    8364    37435   4.07
  1967          88      0.20228  0.18370  0.50    7526    1383    6835    29071   3.86
  1967          89      0.22785  0.20455  0.50    6144    1257    5515    22236   3.62
  1967          90      0.24238  0.21618  0.50    4887    1056    4359    16721   3.42
  1967          91      0.26426  0.23342  0.50    3831     894    3384    12362   3.23
  1967          92      0.28722  0.25115  0.50    2936     737    2568     8979   3.06
  1967          93      0.29769  0.25912  0.50    2199     570    1914     6411   2.92
  1967          94      0.32517  0.27970  0.50    1629     456    1401     4497   2.76
  1967          95      0.33758  0.28883  0.50    1173     339    1004     3095   2.64
  1967          96      0.35903  0.30439  0.50     835     254     708     2091   2.51
  1967          97      0.38107  0.32008  0.50     581     186     488     1384   2.38
  1967          98      0.40361  0.33583  0.50     395     133     328      896   2.27
  1967          99      0.42656  0.35157  0.50     262      92     216      568   2.17
  1967         100      0.44983  0.36723  0.50     170      62     139      352   2.07
  1967         101      0.47332  0.38274  0.50     108      41      87      213   1.98
  1967         102      0.49693  0.39804  0.50      66      26      53      126   1.90
  1967         103      0.52056  0.41305  0.50      40      17      32       73   1.82
  1967         104      0.54410  0.42773  0.50      23      10      18       41   1.75
  1967         105      0.56743  0.44202  0.50      13       6      10       23   1.69
  1967         106      0.59048  0.45588  0.50       7       3       6       12   1.63
  1967         107      0.61313  0.46927  0.50       4       2       3        6   1.58
  1967         108      0.63530  0.48215  0.50       2       1       2        3   1.53
  1967         109      0.65692  0.49450  0.50       1       1       1        2   1.50
  1967         110+     0.67790  1.00000  1.48       1       1       1        1   1.48
  1968           0      0.02549  0.02493  0.11  100000    2493   97785  6655334  66.55
  1968           1      0.00151  0.00151  0.50   97507     147   97434  6557549  67.25
  1968           2      0.00102  0.00102  0.50   97360      99   97310  6460115  66.35
  1968           3      0.00079  0.00079  0.50   97261      77   97222  6362805  65.42
  1968           4      0.00067  0.00067  0.50   97184      65   97152  6265582  64.47
  1968           5      0.00063  0.00063  0.50   97119      61   97089  6168431  63.51
  1968           6      0.00056  0.00056  0.50   97058      55   97031  6071342  62.55
  1968           7      0.00050  0.00050  0.50   97004      48   96980  5974310  61.59
  1968           8      0.00048  0.00048  0.50   96956      46   96932  5877331  60.62
  1968           9      0.00044  0.00044  0.50   96909      42   96888  5780398  59.65
  1968          10      0.00040  0.00040  0.50   96867      39   96848  5683510  58.67
  1968          11      0.00045  0.00045  0.50   96828      44   96806  5586663  57.70
  1968          12      0.00048  0.00048  0.50   96785      46   96761  5489856  56.72
  1968          13      0.00061  0.00061  0.50   96738      59   96709  5393095  55.75
  1968          14      0.00071  0.00071  0.50   96679      68   96645  5296386  54.78
  1968          15      0.00090  0.00090  0.50   96611      87   96567  5199741  53.82
  1968          16      0.00131  0.00131  0.50   96524     127   96460  5103174  52.87
  1968          17      0.00163  0.00163  0.50   96397     157   96318  5006714  51.94
  1968          18      0.00197  0.00197  0.50   96240     189   96145  4910395  51.02
  1968          19      0.00205  0.00205  0.50   96050     197   95952  4814250  50.12
  1968          20      0.00205  0.00205  0.50   95854     196   95755  4718298  49.22
  1968          21      0.00231  0.00231  0.50   95657     220   95547  4622543  48.32
  1968          22      0.00231  0.00230  0.50   95437     220   95327  4526996  47.43
  1968          23      0.00222  0.00222  0.50   95217     211   95111  4431669  46.54
  1968          24      0.00200  0.00200  0.50   95006     190   94911  4336558  45.65
  1968          25      0.00200  0.00199  0.50   94816     189   94721  4241647  44.74
  1968          26      0.00203  0.00203  0.50   94626     192   94531  4146926  43.82
  1968          27      0.00200  0.00200  0.50   94435     189   94340  4052396  42.91
  1968          28      0.00201  0.00201  0.50   94246     189   94151  3958055  42.00
  1968          29      0.00210  0.00210  0.50   94056     197   93958  3863904  41.08
  1968          30      0.00202  0.00202  0.50   93859     189   93765  3769946  40.17
  1968          31      0.00219  0.00219  0.50   93670     205   93568  3676182  39.25
  1968          32      0.00229  0.00228  0.50   93465     213   93359  3582614  38.33
  1968          33      0.00241  0.00241  0.50   93252     224   93140  3489256  37.42
  1968          34      0.00249  0.00248  0.50   93027     231   92912  3396116  36.51
  1968          35      0.00277  0.00276  0.50   92796     256   92668  3303204  35.60
  1968          36      0.00284  0.00284  0.50   92540     262   92409  3210536  34.69
  1968          37      0.00313  0.00313  0.50   92277     288   92133  3118127  33.79
  1968          38      0.00355  0.00354  0.50   91989     326   91826  3025994  32.90
  1968          39      0.00361  0.00361  0.50   91663     331   91498  2934168  32.01
  1968          40      0.00412  0.00411  0.50   91333     376   91145  2842670  31.12
  1968          41      0.00440  0.00439  0.50   90957     399   90757  2751525  30.25
  1968          42      0.00489  0.00487  0.50   90558     441   90337  2660768  29.38
  1968          43      0.00533  0.00532  0.50   90116     479   89877  2570431  28.52
  1968          44      0.00561  0.00559  0.50   89637     501   89387  2480554  27.67
  1968          45      0.00635  0.00633  0.50   89136     565   88854  2391167  26.83
  1968          46      0.00695  0.00693  0.50   88571     613   88265  2302314  25.99
  1968          47      0.00771  0.00768  0.50   87958     675   87620  2214049  25.17
  1968          48      0.00856  0.00853  0.50   87283     744   86911  2126429  24.36
  1968          49      0.00926  0.00922  0.50   86538     797   86140  2039518  23.57
  1968          50      0.01030  0.01025  0.50   85741     879   85302  1953378  22.78
  1968          51      0.01088  0.01082  0.50   84862     918   84403  1868077  22.01
  1968          52      0.01220  0.01213  0.50   83944    1018   83435  1783674  21.25
  1968          53      0.01331  0.01322  0.50   82926    1096   82377  1700239  20.50
  1968          54      0.01479  0.01468  0.50   81829    1201   81228  1617862  19.77
  1968          55      0.01606  0.01593  0.50   80628    1284   79986  1536633  19.06
  1968          56      0.01703  0.01689  0.50   79343    1340   78673  1456648  18.36
  1968          57      0.01895  0.01877  0.50   78003    1464   77271  1377974  17.67
  1968          58      0.02084  0.02062  0.50   76539    1579   75750  1300703  16.99
  1968          59      0.02200  0.02176  0.50   74960    1631   74145  1224954  16.34
  1968          60      0.02476  0.02445  0.50   73329    1793   72433  1150809  15.69
  1968          61      0.02596  0.02563  0.50   71536    1834   70620  1078376  15.07
  1968          62      0.02945  0.02902  0.50   69703    2023   68691  1007756  14.46
  1968          63      0.03197  0.03147  0.50   67680    2130   66615   939065  13.88
  1968          64      0.03440  0.03382  0.50   65550    2217   64442   872450  13.31
  1968          65      0.03797  0.03727  0.50   63333    2360   62153   808008  12.76
  1968          66      0.03754  0.03685  0.50   60973    2247   59849   745855  12.23
  1968          67      0.04427  0.04332  0.50   58726    2544   57454   686006  11.68
  1968          68      0.04633  0.04528  0.50   56182    2544   54910   628552  11.19
  1968          69      0.04614  0.04510  0.50   53638    2419   52429   573642  10.69
  1968          70      0.05204  0.05072  0.50   51219    2598   49920   521213  10.18
  1968          71      0.05528  0.05379  0.50   48621    2615   47313   471293   9.69
  1968          72      0.06421  0.06221  0.50   46006    2862   44575   423979   9.22
  1968          73      0.06629  0.06416  0.50   43144    2768   41760   379404   8.79
  1968          74      0.07156  0.06909  0.50   40376    2789   38981   337645   8.36
  1968          75      0.07776  0.07485  0.50   37586    2813   36180   298664   7.95
  1968          76      0.08142  0.07824  0.50   34773    2721   33413   262484   7.55
  1968          77      0.08667  0.08307  0.50   32052    2663   30721   229072   7.15
  1968          78      0.09704  0.09255  0.50   29390    2720   28030   198351   6.75
  1968          79      0.10782  0.10231  0.50   26670    2729   25305   170321   6.39
  1968          80      0.11413  0.10797  0.50   23941    2585   22649   145016   6.06
  1968          81      0.11659  0.11017  0.50   21356    2353   20180   122367   5.73
  1968          82      0.13224  0.12404  0.50   19004    2357   17825   102187   5.38
  1968          83      0.14358  0.13397  0.50   16646    2230   15531    84362   5.07
  1968          84      0.15706  0.14562  0.50   14416    2099   13367    68831   4.77
  1968          85      0.17069  0.15727  0.50   12317    1937   11348    55464   4.50
  1968          86      0.18365  0.16821  0.50   10380    1746    9507    44116   4.25
  1968          87      0.19547  0.17806  0.50    8634    1537    7865    34609   4.01
  1968          88      0.21511  0.19422  0.50    7097    1378    6407    26744   3.77
  1968          89      0.22851  0.20508  0.50    5718    1173    5132    20336   3.56
  1968          90      0.25326  0.22479  0.50    4546    1022    4035    15204   3.34
  1968          91      0.26909  0.23718  0.50    3524     836    3106    11170   3.17
  1968          92      0.29629  0.25806  0.50    2688     694    2341     8064   3.00
  1968          93      0.30717  0.26627  0.50    1994     531    1729     5723   2.87
  1968          94      0.32490  0.27950  0.50    1463     409    1259     3994   2.73
  1968          95      0.34423  0.29369  0.50    1054     310     899     2735   2.59
  1968          96      0.36599  0.30937  0.50     745     230     629     1836   2.47
  1968          97      0.38830  0.32517  0.50     514     167     431     1206   2.35
  1968          98      0.41109  0.34100  0.50     347     118     288      776   2.23
  1968          99      0.43427  0.35680  0.50     229      82     188      488   2.13
  1968         100      0.45774  0.37249  0.50     147      55     120      300   2.04
  1968         101      0.48140  0.38801  0.50      92      36      74      180   1.95
  1968         102      0.50514  0.40329  0.50      56      23      45      106   1.87
  1968         103      0.52886  0.41826  0.50      34      14      27       61   1.80
  1968         104      0.55246  0.43288  0.50      20       8      15       34   1.73
  1968         105      0.57581  0.44709  0.50      11       5       9       19   1.67
  1968         106      0.59883  0.46085  0.50       6       3       5       10   1.61
  1968         107      0.62143  0.47412  0.50       3       2       3        5   1.56
  1968         108      0.64351  0.48686  0.50       2       1       1        3   1.52
  1968         109      0.66500  0.49906  0.50       1       0       1        1   1.48
  1968         110+     0.68582  1.00000  1.46       0       0       1        1   1.46
  1969           0      0.02463  0.02410  0.11  100000    2410   97852  6677150  66.77
  1969           1      0.00142  0.00142  0.50   97590     139   97521  6579298  67.42
  1969           2      0.00099  0.00099  0.50   97452      96   97403  6481778  66.51
  1969           3      0.00078  0.00078  0.50   97355      76   97317  6384374  65.58
  1969           4      0.00066  0.00066  0.50   97279      64   97247  6287057  64.63
  1969           5      0.00059  0.00059  0.50   97215      58   97186  6189810  63.67
  1969           6      0.00054  0.00054  0.50   97158      53   97131  6092624  62.71
  1969           7      0.00050  0.00050  0.50   97105      49   97080  5995493  61.74
  1969           8      0.00047  0.00047  0.50   97056      45   97033  5898413  60.77
  1969           9      0.00049  0.00049  0.50   97011      48   96987  5801380  59.80
  1969          10      0.00041  0.00040  0.50   96963      39   96943  5704393  58.83
  1969          11      0.00041  0.00041  0.50   96924      40   96904  5607449  57.85
  1969          12      0.00048  0.00048  0.50   96884      46   96861  5510545  56.88
  1969          13      0.00055  0.00055  0.50   96838      53   96811  5413685  55.90
  1969          14      0.00073  0.00073  0.50   96784      71   96749  5316873  54.94
  1969          15      0.00094  0.00094  0.50   96713      91   96668  5220124  53.98
  1969          16      0.00138  0.00138  0.50   96623     133   96556  5123456  53.03
  1969          17      0.00167  0.00167  0.50   96490     161   96409  5026900  52.10
  1969          18      0.00208  0.00208  0.50   96329     200   96229  4930491  51.18
  1969          19      0.00220  0.00219  0.50   96129     211   96023  4834262  50.29
  1969          20      0.00217  0.00216  0.50   95918     207   95814  4738239  49.40
  1969          21      0.00235  0.00235  0.50   95710     224   95598  4642424  48.50
  1969          22      0.00233  0.00233  0.50   95486     222   95375  4546826  47.62
  1969          23      0.00231  0.00231  0.50   95264     220   95154  4451451  46.73
  1969          24      0.00215  0.00214  0.50   95044     204   94942  4356298  45.83
  1969          25      0.00208  0.00208  0.50   94840     197   94741  4261356  44.93
  1969          26      0.00201  0.00200  0.50   94643     190   94548  4166614  44.02
  1969          27      0.00198  0.00198  0.50   94453     187   94360  4072066  43.11
  1969          28      0.00219  0.00219  0.50   94266     206   94163  3977706  42.20
  1969          29      0.00213  0.00213  0.50   94060     200   93960  3883543  41.29
  1969          30      0.00207  0.00207  0.50   93860     194   93763  3789583  40.37
  1969          31      0.00219  0.00219  0.50   93666     205   93563  3695820  39.46
  1969          32      0.00222  0.00222  0.50   93461     207   93357  3602257  38.54
  1969          33      0.00243  0.00243  0.50   93254     226   93141  3508899  37.63
  1969          34      0.00254  0.00254  0.50   93027     236   92909  3415759  36.72
  1969          35      0.00278  0.00277  0.50   92791     257   92663  3322850  35.81
  1969          36      0.00290  0.00289  0.50   92534     268   92400  3230187  34.91
  1969          37      0.00317  0.00317  0.50   92266     292   92120  3137787  34.01
  1969          38      0.00340  0.00340  0.50   91974     313   91818  3045667  33.11
  1969          39      0.00379  0.00378  0.50   91661     347   91488  2953849  32.23
  1969          40      0.00409  0.00408  0.50   91315     372   91128  2862361  31.35
  1969          41      0.00433  0.00432  0.50   90942     393   90746  2771233  30.47
  1969          42      0.00500  0.00498  0.50   90549     451   90324  2680487  29.60
  1969          43      0.00530  0.00529  0.50   90098     477   89860  2590163  28.75
  1969          44      0.00587  0.00586  0.50   89622     525   89359  2500303  27.90
  1969          45      0.00641  0.00639  0.50   89097     569   88812  2410944  27.06
  1969          46      0.00684  0.00682  0.50   88527     604   88226  2322132  26.23
  1969          47      0.00774  0.00771  0.50   87924     678   87585  2233907  25.41
  1969          48      0.00819  0.00816  0.50   87246     712   86890  2146322  24.60
  1969          49      0.00920  0.00916  0.50   86534     792   86138  2059432  23.80
  1969          50      0.00988  0.00983  0.50   85742     843   85320  1973294  23.01
  1969          51      0.01067  0.01062  0.50   84899     901   84448  1887973  22.24
  1969          52      0.01177  0.01171  0.50   83997     983   83506  1803525  21.47
  1969          53      0.01297  0.01288  0.50   83014    1069   82480  1720019  20.72
  1969          54      0.01447  0.01437  0.50   81945    1177   81356  1637540  19.98
  1969          55      0.01556  0.01544  0.50   80767    1247   80144  1556184  19.27
  1969          56      0.01715  0.01701  0.50   79520    1353   78844  1476040  18.56
  1969          57      0.01837  0.01820  0.50   78168    1423   77456  1397196  17.87
  1969          58      0.02029  0.02009  0.50   76745    1542   75974  1319740  17.20
  1969          59      0.02221  0.02197  0.50   75203    1652   74377  1243766  16.54
  1969          60      0.02334  0.02307  0.50   73551    1697   72703  1169389  15.90
  1969          61      0.02601  0.02567  0.50   71854    1845   70932  1096687  15.26
  1969          62      0.02859  0.02819  0.50   70009    1973   69023  1025755  14.65
  1969          63      0.03043  0.02997  0.50   68036    2039   67017   956732  14.06
  1969          64      0.03320  0.03266  0.50   65997    2155   64919   889716  13.48
  1969          65      0.03664  0.03598  0.50   63842    2297   62693   824796  12.92
  1969          66      0.03799  0.03728  0.50   61545    2294   60397   762103  12.38
  1969          67      0.04000  0.03922  0.50   59250    2324   58088   701706  11.84
  1969          68      0.04619  0.04515  0.50   56927    2570   55642   643617  11.31
  1969          69      0.04861  0.04746  0.50   54356    2580   53067   587976  10.82
  1969          70      0.04950  0.04831  0.50   51777    2501   50526   534909  10.33
  1969          71      0.05390  0.05249  0.50   49276    2586   47982   484383   9.83
  1969          72      0.06060  0.05882  0.50   46689    2746   45316   436401   9.35
  1969          73      0.06644  0.06431  0.50   43943    2826   42530   391084   8.90
  1969          74      0.07107  0.06863  0.50   41117    2822   39706   348554   8.48
  1969          75      0.07564  0.07288  0.50   38295    2791   36900   308848   8.06
  1969          76      0.08225  0.07900  0.50   35504    2805   34102   271948   7.66
  1969          77      0.08526  0.08178  0.50   32700    2674   31363   237846   7.27
  1969          78      0.09304  0.08891  0.50   30026    2669   28691   206484   6.88
  1969          79      0.10386  0.09873  0.50   27356    2701   26006   177793   6.50
  1969          80      0.11314  0.10708  0.50   24655    2640   23335   151787   6.16
  1969          81      0.11592  0.10957  0.50   22015    2412   20809   128452   5.83
  1969          82      0.12785  0.12017  0.50   19603    2356   18425   107643   5.49
  1969          83      0.14128  0.13196  0.50   17247    2276   16109    89218   5.17
  1969          84      0.15565  0.14441  0.50   14971    2162   13890    73109   4.88
  1969          85      0.16363  0.15125  0.50   12809    1937   11840    59219   4.62
  1969          86      0.18010  0.16522  0.50   10872    1796    9974    47379   4.36
  1969          87      0.19148  0.17475  0.50    9076    1586    8283    37405   4.12
  1969          88      0.20481  0.18578  0.50    7490    1391    6794    29122   3.89
  1969          89      0.22662  0.20356  0.50    6098    1241    5478    22328   3.66
  1969          90      0.23699  0.21189  0.50    4857    1029    4342    16851   3.47
  1969          91      0.25715  0.22786  0.50    3828     872    3392    12509   3.27
  1969          92      0.28022  0.24578  0.50    2956     726    2592     9117   3.08
  1969          93      0.30670  0.26592  0.50    2229     593    1933     6525   2.93
  1969          94      0.31901  0.27513  0.50    1636     450    1411     4592   2.81
  1969          95      0.33184  0.28461  0.50    1186     338    1017     3181   2.68
  1969          96      0.35261  0.29976  0.50     849     254     721     2163   2.55
  1969          97      0.37395  0.31505  0.50     594     187     501     1442   2.43
  1969          98      0.39580  0.33041  0.50     407     134     340      941   2.31
  1969          99      0.41807  0.34579  0.50     273      94     225      601   2.21
  1969         100      0.44068  0.36112  0.50     178      64     146      376   2.11
  1969         101      0.46354  0.37632  0.50     114      43      92      230   2.02
  1969         102      0.48656  0.39135  0.50      71      28      57      138   1.94
  1969         103      0.50963  0.40614  0.50      43      18      34       80   1.86
  1969         104      0.53266  0.42063  0.50      26      11      20       46   1.79
  1969         105      0.55555  0.43478  0.50      15       6      12       26   1.72
  1969         106      0.57821  0.44853  0.50       8       4       7       14   1.66
  1969         107      0.60054  0.46186  0.50       5       2       4        7   1.61
  1969         108      0.62246  0.47472  0.50       2       1       2        4   1.57
  1969         109      0.64390  0.48708  0.50       1       1       1        2   1.53
  1969         110+     0.66477  1.00000  1.50       1       1       1        1   1.50
  1970           0      0.02389  0.02339  0.11  100000    2339   97909  6701664  67.02
  1970           1      0.00135  0.00135  0.50   97661     132   97595  6603755  67.62
  1970           2      0.00095  0.00095  0.50   97529      92   97483  6506160  66.71
  1970           3      0.00079  0.00079  0.50   97437      77   97398  6408678  65.77
  1970           4      0.00064  0.00064  0.50   97359      63   97328  6311279  64.82
  1970           5      0.00060  0.00060  0.50   97297      58   97268  6213951  63.87
  1970           6      0.00053  0.00053  0.50   97239      52   97213  6116684  62.90
  1970           7      0.00048  0.00048  0.50   97187      47   97164  6019471  61.94
  1970           8      0.00046  0.00046  0.50   97140      45   97118  5922307  60.97
  1970           9      0.00044  0.00044  0.50   97096      42   97075  5825189  59.99
  1970          10      0.00041  0.00041  0.50   97054      40   97034  5728114  59.02
  1970          11      0.00042  0.00042  0.50   97014      41   96993  5631080  58.04
  1970          12      0.00047  0.00047  0.50   96973      45   96950  5534087  57.07
  1970          13      0.00055  0.00055  0.50   96928      53   96901  5437137  56.09
  1970          14      0.00072  0.00072  0.50   96874      69   96840  5340236  55.13
  1970          15      0.00093  0.00093  0.50   96805      90   96760  5243396  54.16
  1970          16      0.00130  0.00129  0.50   96715     125   96653  5146636  53.21
  1970          17      0.00161  0.00161  0.50   96590     155   96512  5049984  52.28
  1970          18      0.00198  0.00198  0.50   96435     191   96339  4953471  51.37
  1970          19      0.00213  0.00213  0.50   96244     205   96141  4857132  50.47
  1970          20      0.00215  0.00215  0.50   96039     206   95936  4760991  49.57
  1970          21      0.00230  0.00229  0.50   95833     220   95723  4665055  48.68
  1970          22      0.00238  0.00238  0.50   95613     227   95499  4569332  47.79
  1970          23      0.00212  0.00212  0.50   95385     202   95284  4473833  46.90
  1970          24      0.00213  0.00212  0.50   95183     202   95082  4378549  46.00
  1970          25      0.00208  0.00208  0.50   94981     197   94882  4283467  45.10
  1970          26      0.00202  0.00201  0.50   94783     191   94688  4188585  44.19
  1970          27      0.00195  0.00195  0.50   94593     184   94500  4093897  43.28
  1970          28      0.00202  0.00202  0.50   94408     191   94313  3999397  42.36
  1970          29      0.00199  0.00199  0.50   94217     187   94123  3905084  41.45
  1970          30      0.00206  0.00206  0.50   94030     194   93933  3810961  40.53
  1970          31      0.00223  0.00222  0.50   93836     209   93732  3717028  39.61
  1970          32      0.00229  0.00229  0.50   93627     214   93520  3623296  38.70
  1970          33      0.00235  0.00235  0.50   93413     220   93303  3529776  37.79
  1970          34      0.00251  0.00251  0.50   93193     234   93076  3436473  36.87
  1970          35      0.00274  0.00274  0.50   92960     254   92832  3343397  35.97
  1970          36      0.00291  0.00291  0.50   92705     270   92570  3250564  35.06
  1970          37      0.00309  0.00308  0.50   92436     285   92293  3157994  34.16
  1970          38      0.00328  0.00327  0.50   92150     301   92000  3065701  33.27
  1970          39      0.00369  0.00368  0.50   91849     338   91680  2973701  32.38
  1970          40      0.00409  0.00408  0.50   91511     373   91324  2882021  31.49
  1970          41      0.00422  0.00421  0.50   91138     384   90946  2790697  30.62
  1970          42      0.00490  0.00489  0.50   90754     443   90532  2699751  29.75
  1970          43      0.00524  0.00523  0.50   90311     472   90075  2609218  28.89
  1970          44      0.00581  0.00580  0.50   89839     521   89578  2519144  28.04
  1970          45      0.00639  0.00637  0.50   89318     569   89033  2429566  27.20
  1970          46      0.00680  0.00678  0.50   88749     601   88448  2340532  26.37
  1970          47      0.00749  0.00746  0.50   88148     657   87819  2252084  25.55
  1970          48      0.00818  0.00815  0.50   87490     713   87134  2164265  24.74
  1970          49      0.00905  0.00901  0.50   86777     782   86386  2077132  23.94
  1970          50      0.00984  0.00979  0.50   85995     842   85574  1990745  23.15
  1970          51      0.01032  0.01027  0.50   85153     875   84716  1905171  22.37
  1970          52      0.01193  0.01186  0.50   84279     999   83779  1820455  21.60
  1970          53      0.01262  0.01255  0.50   83279    1045   82757  1736676  20.85
  1970          54      0.01430  0.01420  0.50   82234    1167   81651  1653919  20.11
  1970          55      0.01563  0.01550  0.50   81067    1257   80439  1572269  19.39
  1970          56      0.01697  0.01683  0.50   79810    1343   79138  1491830  18.69
  1970          57      0.01866  0.01849  0.50   78467    1451   77742  1412692  18.00
  1970          58      0.01993  0.01973  0.50   77016    1520   76256  1334950  17.33
  1970          59      0.02187  0.02163  0.50   75497    1633   74680  1258694  16.67
  1970          60      0.02375  0.02347  0.50   73863    1734   72996  1184014  16.03
  1970          61      0.02470  0.02440  0.50   72130    1760   71250  1111017  15.40
  1970          62      0.02821  0.02782  0.50   70369    1958   69391  1039768  14.78
  1970          63      0.03042  0.02996  0.50   68412    2050   67387   970377  14.18
  1970          64      0.03262  0.03209  0.50   66362    2130   65297   902990  13.61
  1970          65      0.03632  0.03567  0.50   64232    2291   63087   837693  13.04
  1970          66      0.03750  0.03681  0.50   61941    2280   60801   774606  12.51
  1970          67      0.04082  0.04000  0.50   59661    2386   58468   713805  11.96
  1970          68      0.04310  0.04219  0.50   57275    2417   56066   655337  11.44
  1970          69      0.04883  0.04767  0.50   54858    2615   53551   599271  10.92
  1970          70      0.05161  0.05031  0.50   52243    2628   50929   545721  10.45
  1970          71      0.05148  0.05019  0.50   49615    2490   48369   494792   9.97
  1970          72      0.05940  0.05768  0.50   47124    2718   45765   446422   9.47
  1970          73      0.06415  0.06216  0.50   44406    2760   43026   400657   9.02
  1970          74      0.07076  0.06834  0.50   41646    2846   40223   357631   8.59
  1970          75      0.07533  0.07260  0.50   38800    2817   37391   317408   8.18
  1970          76      0.08031  0.07721  0.50   35983    2778   34594   280017   7.78
  1970          77      0.08567  0.08215  0.50   33205    2728   31841   245423   7.39
  1970          78      0.09313  0.08899  0.50   30477    2712   29121   213582   7.01
  1970          79      0.10011  0.09534  0.50   27765    2647   26441   184461   6.64
  1970          80      0.10813  0.10258  0.50   25118    2577   23830   158020   6.29
  1970          81      0.11468  0.10846  0.50   22541    2445   21319   134190   5.95
  1970          82      0.12607  0.11859  0.50   20096    2383   18905   112871   5.62
  1970          83      0.13635  0.12765  0.50   17713    2261   16583    93967   5.30
  1970          84      0.14939  0.13901  0.50   15452    2148   14378    77384   5.01
  1970          85      0.16130  0.14926  0.50   13304    1986   12311    63006   4.74
  1970          86      0.17590  0.16168  0.50   11318    1830   10403    50695   4.48
  1970          87      0.18573  0.16995  0.50    9488    1613    8682    40292   4.25
  1970          88      0.19953  0.18143  0.50    7876    1429    7161    31610   4.01
  1970          89      0.21504  0.19416  0.50    6447    1252    5821    24448   3.79
  1970          90      0.23519  0.21044  0.50    5195    1093    4648    18627   3.59
  1970          91      0.24400  0.21747  0.50    4102     892    3656    13979   3.41
  1970          92      0.26840  0.23664  0.50    3210     760    2830    10323   3.22
  1970          93      0.28251  0.24754  0.50    2450     607    2147     7493   3.06
  1970          94      0.30672  0.26593  0.50    1844     490    1599     5346   2.90
  1970          95      0.31988  0.27578  0.50    1353     373    1167     3748   2.77
  1970          96      0.33989  0.29052  0.50     980     285     838     2581   2.63
  1970          97      0.36048  0.30543  0.50     695     212     589     1743   2.51
  1970          98      0.38160  0.32046  0.50     483     155     406     1154   2.39
  1970          99      0.40318  0.33554  0.50     328     110     273      748   2.28
  1970         100      0.42514  0.35061  0.50     218      76     180      475   2.18
  1970         101      0.44740  0.36561  0.50     142      52     116      295   2.08
  1970         102      0.46987  0.38048  0.50      90      34      73      179   2.00
  1970         103      0.49246  0.39516  0.50      56      22      45      107   1.92
  1970         104      0.51508  0.40960  0.50      34      14      27       62   1.84
  1970         105      0.53765  0.42374  0.50      20       8      16       35   1.78
  1970         106      0.56006  0.43753  0.50      11       5       9       20   1.71
  1970         107      0.58222  0.45095  0.50       6       3       5       11   1.66
  1970         108      0.60406  0.46394  0.50       4       2       3        6   1.61
  1970         109      0.62549  0.47648  0.50       2       1       1        3   1.57
  1970         110+     0.64645  1.00000  1.55       1       1       2        2   1.55
  1971           0      0.02150  0.02109  0.11  100000    2109   98115  6739010  67.39
  1971           1      0.00133  0.00133  0.50   97891     130   97826  6640894  67.84
  1971           2      0.00090  0.00090  0.50   97761      88   97717  6543069  66.93
  1971           3      0.00076  0.00076  0.50   97673      74   97636  6445352  65.99
  1971           4      0.00062  0.00062  0.50   97599      61   97569  6347716  65.04
  1971           5      0.00062  0.00061  0.50   97538      60   97508  6250147  64.08
  1971           6      0.00050  0.00050  0.50   97478      49   97454  6152639  63.12
  1971           7      0.00047  0.00047  0.50   97429      46   97406  6055185  62.15
  1971           8      0.00046  0.00046  0.50   97383      45   97361  5957779  61.18
  1971           9      0.00042  0.00042  0.50   97339      41   97318  5860418  60.21
  1971          10      0.00039  0.00039  0.50   97298      38   97279  5763100  59.23
  1971          11      0.00043  0.00043  0.50   97260      41   97239  5665822  58.25
  1971          12      0.00045  0.00045  0.50   97218      43   97197  5568583  57.28
  1971          13      0.00052  0.00052  0.50   97175      51   97150  5471386  56.30
  1971          14      0.00070  0.00070  0.50   97124      68   97090  5374237  55.33
  1971          15      0.00094  0.00094  0.50   97057      91   97011  5277146  54.37
  1971          16      0.00129  0.00129  0.50   96965     125   96903  5180135  53.42
  1971          17      0.00163  0.00163  0.50   96841     158   96762  5083232  52.49
  1971          18      0.00199  0.00199  0.50   96683     192   96587  4986470  51.58
  1971          19      0.00212  0.00211  0.50   96491     204   96389  4889884  50.68
  1971          20      0.00207  0.00207  0.50   96287     199   96187  4793495  49.78
  1971          21      0.00228  0.00228  0.50   96087     219   95978  4697308  48.89
  1971          22      0.00234  0.00234  0.50   95869     224   95757  4601330  48.00
  1971          23      0.00224  0.00224  0.50   95645     214   95538  4505573  47.11
  1971          24      0.00204  0.00204  0.50   95431     195   95333  4410035  46.21
  1971          25      0.00206  0.00206  0.50   95236     196   95138  4314702  45.31
  1971          26      0.00199  0.00198  0.50   95040     188   94946  4219564  44.40
  1971          27      0.00208  0.00208  0.50   94852     197   94753  4124618  43.48
  1971          28      0.00197  0.00196  0.50   94654     186   94561  4029865  42.57
  1971          29      0.00205  0.00205  0.50   94468     194   94371  3935304  41.66
  1971          30      0.00203  0.00203  0.50   94274     191   94179  3840933  40.74
  1971          31      0.00215  0.00215  0.50   94083     202   93982  3746754  39.82
  1971          32      0.00223  0.00223  0.50   93881     209   93776  3652772  38.91
  1971          33      0.00234  0.00233  0.50   93672     218   93562  3558995  37.99
  1971          34      0.00246  0.00245  0.50   93453     229   93338  3465433  37.08
  1971          35      0.00261  0.00261  0.50   93224     243   93102  3372095  36.17
  1971          36      0.00295  0.00295  0.50   92981     274   92844  3278992  35.27
  1971          37      0.00311  0.00310  0.50   92707     288   92563  3186149  34.37
  1971          38      0.00334  0.00334  0.50   92419     308   92265  3093586  33.47
  1971          39      0.00356  0.00355  0.50   92110     327   91947  3001321  32.58
  1971          40      0.00375  0.00374  0.50   91783     343   91612  2909374  31.70
  1971          41      0.00421  0.00420  0.50   91440     384   91248  2817763  30.82
  1971          42      0.00459  0.00458  0.50   91056     417   90847  2726515  29.94
  1971          43      0.00515  0.00514  0.50   90639     466   90406  2635667  29.08
  1971          44      0.00563  0.00561  0.50   90173     506   89920  2545262  28.23
  1971          45      0.00618  0.00616  0.50   89667     553   89391  2455342  27.38
  1971          46      0.00690  0.00688  0.50   89114     613   88808  2365951  26.55
  1971          47      0.00729  0.00726  0.50   88501     643   88180  2277143  25.73
  1971          48      0.00790  0.00787  0.50   87859     691   87513  2188963  24.91
  1971          49      0.00861  0.00857  0.50   87168     747   86794  2101450  24.11
  1971          50      0.00955  0.00950  0.50   86421     821   86010  2014656  23.31
  1971          51      0.01035  0.01029  0.50   85599     881   85159  1928646  22.53
  1971          52      0.01114  0.01108  0.50   84718     939   84249  1843487  21.76
  1971          53      0.01259  0.01251  0.50   83779    1048   83255  1759238  21.00
  1971          54      0.01379  0.01369  0.50   82731    1133   82165  1675983  20.26
  1971          55      0.01516  0.01504  0.50   81599    1227   80985  1593818  19.53
  1971          56      0.01667  0.01653  0.50   80371    1329   79707  1512833  18.82
  1971          57      0.01813  0.01797  0.50   79043    1420   78333  1433126  18.13
  1971          58      0.01956  0.01937  0.50   77622    1503   76871  1354793  17.45
  1971          59      0.02117  0.02095  0.50   76119    1594   75322  1277922  16.79
  1971          60      0.02333  0.02306  0.50   74525    1719   73666  1202600  16.14
  1971          61      0.02463  0.02433  0.50   72806    1771   71920  1128935  15.51
  1971          62      0.02685  0.02649  0.50   71035    1882   70094  1057014  14.88
  1971          63      0.02989  0.02945  0.50   69153    2036   68135   986921  14.27
  1971          64      0.03164  0.03115  0.50   67116    2091   66071   918786  13.69
  1971          65      0.03516  0.03456  0.50   65026    2247   63902   852715  13.11
  1971          66      0.03674  0.03607  0.50   62779    2265   61646   788813  12.56
  1971          67      0.04010  0.03931  0.50   60514    2379   59325   727166  12.02
  1971          68      0.04298  0.04207  0.50   58135    2446   56912   667841  11.49
  1971          69      0.04555  0.04454  0.50   55690    2480   54449   610929  10.97
  1971          70      0.05236  0.05102  0.50   53209    2715   51852   556479  10.46
  1971          71      0.05425  0.05282  0.50   50494    2667   49161   504628   9.99
  1971          72      0.05724  0.05565  0.50   47827    2662   46496   455467   9.52
  1971          73      0.06347  0.06151  0.50   45166    2778   43776   408970   9.05
  1971          74      0.06737  0.06517  0.50   42387    2762   41006   365194   8.62
  1971          75      0.07566  0.07290  0.50   39625    2889   38180   324188   8.18
  1971          76      0.07970  0.07665  0.50   36736    2816   35328   286007   7.79
  1971          77      0.08454  0.08111  0.50   33920    2751   32545   250679   7.39
  1971          78      0.09281  0.08869  0.50   31169    2764   29787   218135   7.00
  1971          79      0.10049  0.09568  0.50   28405    2718   27046   188348   6.63
  1971          80      0.10636  0.10099  0.50   25687    2594   24390   161302   6.28
  1971          81      0.11586  0.10952  0.50   23093    2529   21828   136912   5.93
  1971          82      0.12650  0.11897  0.50   20564    2446   19340   115084   5.60
  1971          83      0.13506  0.12651  0.50   18117    2292   16971    95744   5.28
  1971          84      0.14730  0.13720  0.50   15825    2171   14739    78773   4.98
  1971          85      0.16243  0.15023  0.50   13654    2051   12628    64033   4.69
  1971          86      0.17577  0.16157  0.50   11603    1875   10665    51405   4.43
  1971          87      0.19029  0.17376  0.50    9728    1690    8883    40740   4.19
  1971          88      0.20210  0.18356  0.50    8038    1475    7300    31857   3.96
  1971          89      0.22008  0.19826  0.50    6562    1301    5912    24557   3.74
  1971          90      0.23321  0.20886  0.50    5261    1099    4712    18645   3.54
  1971          91      0.25066  0.22274  0.50    4162     927    3699    13933   3.35
  1971          92      0.27212  0.23953  0.50    3235     775    2848    10234   3.16
  1971          93      0.29635  0.25810  0.50    2460     635    2143     7387   3.00
  1971          94      0.30044  0.26120  0.50    1825     477    1587     5244   2.87
  1971          95      0.32696  0.28102  0.50    1349     379    1159     3657   2.71
  1971          96      0.34781  0.29628  0.50     970     287     826     2498   2.58
  1971          97      0.36925  0.31170  0.50     682     213     576     1672   2.45
  1971          98      0.39122  0.32722  0.50     470     154     393     1096   2.33
  1971          99      0.41365  0.34276  0.50     316     108     262      703   2.23
  1971         100      0.43643  0.35826  0.50     208      74     170      441   2.13
  1971         101      0.45949  0.37365  0.50     133      50     108      271   2.03
  1971         102      0.48272  0.38887  0.50      83      32      67      163   1.95
  1971         103      0.50603  0.40385  0.50      51      21      41       95   1.87
  1971         104      0.52931  0.41854  0.50      30      13      24       55   1.80
  1971         105      0.55247  0.43289  0.50      18       8      14       31   1.73
  1971         106      0.57540  0.44684  0.50      10       4       8       17   1.67
  1971         107      0.59800  0.46036  0.50       6       3       4        9   1.62
  1971         108      0.62020  0.47340  0.50       3       1       2        5   1.57
  1971         109      0.64191  0.48595  0.50       2       1       1        2   1.53
  1971         110+     0.66305  1.00000  1.51       1       1       1        1   1.51
  1972           0      0.02043  0.02007  0.11  100000    2007   98211  6741695  67.42
  1972           1      0.00130  0.00130  0.50   97993     127   97930  6643484  67.80
  1972           2      0.00094  0.00094  0.50   97866      92   97820  6545554  66.88
  1972           3      0.00073  0.00073  0.50   97774      72   97738  6447734  65.95
  1972           4      0.00060  0.00060  0.50   97702      58   97673  6349996  64.99
  1972           5      0.00052  0.00052  0.50   97644      50   97619  6252323  64.03
  1972           6      0.00051  0.00051  0.50   97594      50   97569  6154704  63.06
  1972           7      0.00048  0.00048  0.50   97544      47   97520  6057135  62.10
  1972           8      0.00043  0.00043  0.50   97497      42   97476  5959615  61.13
  1972           9      0.00041  0.00041  0.50   97455      40   97435  5862139  60.15
  1972          10      0.00043  0.00043  0.50   97415      42   97394  5764703  59.18
  1972          11      0.00041  0.00041  0.50   97373      40   97353  5667309  58.20
  1972          12      0.00044  0.00044  0.50   97333      43   97312  5569956  57.23
  1972          13      0.00054  0.00054  0.50   97291      53   97264  5472644  56.25
  1972          14      0.00069  0.00069  0.50   97238      67   97204  5375380  55.28
  1972          15      0.00095  0.00095  0.50   97170      92   97124  5278176  54.32
  1972          16      0.00138  0.00137  0.50   97078     133   97012  5181052  53.37
  1972          17      0.00166  0.00165  0.50   96945     160   96865  5084041  52.44
  1972          18      0.00198  0.00197  0.50   96785     191   96689  4987176  51.53
  1972          19      0.00206  0.00206  0.50   96593     199   96494  4890487  50.63
  1972          20      0.00214  0.00214  0.50   96395     206   96292  4793993  49.73
  1972          21      0.00237  0.00237  0.50   96189     228   96075  4697701  48.84
  1972          22      0.00221  0.00221  0.50   95961     212   95855  4601626  47.95
  1972          23      0.00218  0.00218  0.50   95749     209   95645  4505770  47.06
  1972          24      0.00209  0.00209  0.50   95540     200   95441  4410125  46.16
  1972          25      0.00195  0.00194  0.50   95341     185   95248  4314685  45.26
  1972          26      0.00199  0.00199  0.50   95156     189   95061  4219436  44.34
  1972          27      0.00196  0.00196  0.50   94967     186   94873  4124375  43.43
  1972          28      0.00202  0.00202  0.50   94780     191   94685  4029502  42.51
  1972          29      0.00212  0.00212  0.50   94589     200   94489  3934817  41.60
  1972          30      0.00195  0.00195  0.50   94389     184   94297  3840328  40.69
  1972          31      0.00213  0.00212  0.50   94205     200   94105  3746031  39.76
  1972          32      0.00228  0.00228  0.50   94005     214   93897  3651927  38.85
  1972          33      0.00244  0.00244  0.50   93790     228   93676  3558029  37.94
  1972          34      0.00240  0.00240  0.50   93562     224   93450  3464353  37.03
  1972          35      0.00263  0.00263  0.50   93338     245   93215  3370903  36.12
  1972          36      0.00280  0.00280  0.50   93092     261   92962  3277688  35.21
  1972          37      0.00301  0.00301  0.50   92832     279   92692  3184726  34.31
  1972          38      0.00325  0.00324  0.50   92553     300   92403  3092034  33.41
  1972          39      0.00350  0.00350  0.50   92253     322   92091  2999631  32.52
  1972          40      0.00381  0.00380  0.50   91930     350   91755  2907540  31.63
  1972          41      0.00412  0.00412  0.50   91581     377   91392  2815784  30.75
  1972          42      0.00476  0.00474  0.50   91204     433   90987  2724392  29.87
  1972          43      0.00492  0.00491  0.50   90771     446   90548  2633405  29.01
  1972          44      0.00554  0.00553  0.50   90325     499   90076  2542856  28.15
  1972          45      0.00626  0.00624  0.50   89826     561   89546  2452781  27.31
  1972          46      0.00696  0.00694  0.50   89266     619   88956  2363235  26.47
  1972          47      0.00745  0.00743  0.50   88646     658   88317  2274279  25.66
  1972          48      0.00812  0.00809  0.50   87988     712   87632  2185961  24.84
  1972          49      0.00865  0.00861  0.50   87276     752   86900  2098329  24.04
  1972          50      0.00971  0.00966  0.50   86524     836   86106  2011429  23.25
  1972          51      0.01054  0.01048  0.50   85689     898   85239  1925323  22.47
  1972          52      0.01125  0.01119  0.50   84790     949   84316  1840083  21.70
  1972          53      0.01205  0.01198  0.50   83841    1005   83339  1755767  20.94
  1972          54      0.01383  0.01374  0.50   82837    1138   82268  1672428  20.19
  1972          55      0.01522  0.01511  0.50   81699    1234   81082  1590160  19.46
  1972          56      0.01639  0.01626  0.50   80465    1308   79811  1509079  18.75
  1972          57      0.01816  0.01800  0.50   79157    1425   78444  1429268  18.06
  1972          58      0.01960  0.01941  0.50   77732    1509   76977  1350824  17.38
  1972          59      0.02119  0.02097  0.50   76223    1599   75423  1273847  16.71
  1972          60      0.02356  0.02328  0.50   74624    1738   73755  1198423  16.06
  1972          61      0.02526  0.02495  0.50   72887    1818   71977  1124668  15.43
  1972          62      0.02746  0.02709  0.50   71068    1925   70106  1052690  14.81
  1972          63      0.02914  0.02872  0.50   69143    1986   68150   982585  14.21
  1972          64      0.03220  0.03169  0.50   67157    2128   66093   914434  13.62
  1972          65      0.03445  0.03386  0.50   65029    2202   63928   848341  13.05
  1972          66      0.03653  0.03587  0.50   62827    2254   61700   784412  12.49
  1972          67      0.04044  0.03964  0.50   60574    2401   59373   722712  11.93
  1972          68      0.04313  0.04222  0.50   58172    2456   56944   663339  11.40
  1972          69      0.04708  0.04600  0.50   55717    2563   54435   606394  10.88
  1972          70      0.05084  0.04958  0.50   53154    2635   51836   551959  10.38
  1972          71      0.05678  0.05521  0.50   50518    2789   49124   500123   9.90
  1972          72      0.06088  0.05908  0.50   47729    2820   46319   451000   9.45
  1972          73      0.06130  0.05948  0.50   44909    2671   43574   404681   9.01
  1972          74      0.07101  0.06857  0.50   42238    2896   40790   361107   8.55
  1972          75      0.07665  0.07382  0.50   39342    2904   37890   320317   8.14
  1972          76      0.08264  0.07936  0.50   36438    2892   34992   282427   7.75
  1972          77      0.08588  0.08234  0.50   33546    2762   32165   247435   7.38
  1972          78      0.09184  0.08781  0.50   30784    2703   29432   215270   6.99
  1972          79      0.10165  0.09673  0.50   28081    2716   26723   185837   6.62
  1972          80      0.10869  0.10309  0.50   25365    2615   24057   159115   6.27
  1972          81      0.11462  0.10841  0.50   22750    2466   21517   135057   5.94
  1972          82      0.12662  0.11908  0.50   20284    2415   19076   113541   5.60
  1972          83      0.13774  0.12887  0.50   17868    2303   16717    94465   5.29
  1972          84      0.15219  0.14143  0.50   15566    2201   14465    77748   4.99
  1972          85      0.15753  0.14603  0.50   13364    1952   12388    63283   4.74
  1972          86      0.17625  0.16198  0.50   11413    1849   10488    50895   4.46
  1972          87      0.18625  0.17038  0.50    9564    1630    8749    40407   4.22
  1972          88      0.19836  0.18046  0.50    7934    1432    7219    31657   3.99
  1972          89      0.21863  0.19708  0.50    6503    1282    5862    24439   3.76
  1972          90      0.23175  0.20768  0.50    5221    1084    4679    18577   3.56
  1972          91      0.24687  0.21974  0.50    4137     909    3682    13898   3.36
  1972          92      0.27025  0.23808  0.50    3228     768    2843    10216   3.17
  1972          93      0.28387  0.24859  0.50    2459     611    2154     7372   3.00
  1972          94      0.32946  0.28286  0.50    1848     523    1587     5219   2.82
  1972          95      0.32345  0.27842  0.50    1325     369    1141     3632   2.74
  1972          96      0.34380  0.29337  0.50     956     281     816     2491   2.61
  1972          97      0.36474  0.30848  0.50     676     208     571     1676   2.48
  1972          98      0.38621  0.32370  0.50     467     151     392     1104   2.36
  1972          99      0.40813  0.33896  0.50     316     107     262      712   2.25
  1972         100      0.43042  0.35419  0.50     209      74     172      450   2.15
  1972         101      0.45299  0.36934  0.50     135      50     110      278   2.06
  1972         102      0.47576  0.38434  0.50      85      33      69      168   1.97
  1972         103      0.49863  0.39912  0.50      52      21      42       99   1.90
  1972         104      0.52151  0.41365  0.50      31      13      25       57   1.82
  1972         105      0.54430  0.42786  0.50      18       8      15       32   1.76
  1972         106      0.56690  0.44170  0.50      11       5       8       18   1.69
  1972         107      0.58923  0.45514  0.50       6       3       5       10   1.64
  1972         108      0.61120  0.46814  0.50       3       2       2        5   1.59
  1972         109      0.63272  0.48066  0.50       2       1       1        3   1.55
  1972         110+     0.65373  1.00000  1.53       1       1       1        1   1.53
  1973           0      0.01976  0.01942  0.11  100000    1942   98272  6762025  67.62
  1973           1      0.00131  0.00131  0.50   98058     128   97994  6663754  67.96
  1973           2      0.00091  0.00091  0.50   97930      89   97886  6565759  67.05
  1973           3      0.00073  0.00073  0.50   97842      72   97806  6467874  66.11
  1973           4      0.00062  0.00062  0.50   97770      60   97740  6370068  65.15
  1973           5      0.00058  0.00058  0.50   97710      57   97681  6272328  64.19
  1973           6      0.00048  0.00048  0.50   97653      47   97630  6174647  63.23
  1973           7      0.00050  0.00050  0.50   97606      49   97582  6077017  62.26
  1973           8      0.00042  0.00042  0.50   97558      41   97537  5979435  61.29
  1973           9      0.00043  0.00043  0.50   97516      42   97496  5881898  60.32
  1973          10      0.00041  0.00041  0.50   97475      40   97455  5784402  59.34
  1973          11      0.00040  0.00040  0.50   97435      39   97416  5686947  58.37
  1973          12      0.00047  0.00047  0.50   97396      45   97374  5589532  57.39
  1973          13      0.00057  0.00057  0.50   97351      55   97323  5492158  56.42
  1973          14      0.00072  0.00072  0.50   97296      70   97261  5394834  55.45
  1973          15      0.00093  0.00093  0.50   97226      90   97181  5297573  54.49
  1973          16      0.00134  0.00134  0.50   97136     130   97071  5200392  53.54
  1973          17      0.00163  0.00163  0.50   97006     158   96926  5103322  52.61
  1973          18      0.00209  0.00209  0.50   96847     202   96746  5006395  51.69
  1973          19      0.00209  0.00208  0.50   96645     201   96545  4909649  50.80
  1973          20      0.00216  0.00216  0.50   96444     208   96340  4813104  49.91
  1973          21      0.00227  0.00227  0.50   96236     218   96126  4716764  49.01
  1973          22      0.00225  0.00225  0.50   96017     216   95909  4620638  48.12
  1973          23      0.00225  0.00224  0.50   95802     215   95694  4524728  47.23
  1973          24      0.00207  0.00207  0.50   95587     197   95488  4429034  46.34
  1973          25      0.00210  0.00209  0.50   95389     200   95289  4333546  45.43
  1973          26      0.00195  0.00195  0.50   95189     186   95096  4238257  44.52
  1973          27      0.00198  0.00198  0.50   95004     188   94910  4143161  43.61
  1973          28      0.00213  0.00213  0.50   94816     202   94715  4048251  42.70
  1973          29      0.00206  0.00206  0.50   94614     195   94517  3953536  41.79
  1973          30      0.00205  0.00205  0.50   94419     193   94322  3859020  40.87
  1973          31      0.00205  0.00205  0.50   94226     193   94129  3764697  39.95
  1973          32      0.00228  0.00228  0.50   94033     214   93925  3670568  39.04
  1973          33      0.00237  0.00237  0.50   93818     222   93707  3576643  38.12
  1973          34      0.00241  0.00240  0.50   93596     225   93483  3482936  37.21
  1973          35      0.00264  0.00263  0.50   93371     246   93248  3389452  36.30
  1973          36      0.00276  0.00275  0.50   93125     257   92997  3296204  35.40
  1973          37      0.00301  0.00301  0.50   92868     279   92729  3203207  34.49
  1973          38      0.00329  0.00329  0.50   92589     304   92437  3110479  33.59
  1973          39      0.00351  0.00350  0.50   92285     323   92123  3018042  32.70
  1973          40      0.00382  0.00381  0.50   91962     351   91786  2925919  31.82
  1973          41      0.00404  0.00403  0.50   91611     369   91426  2834132  30.94
  1973          42      0.00453  0.00452  0.50   91242     413   91036  2742706  30.06
  1973          43      0.00495  0.00494  0.50   90829     448   90605  2651670  29.19
  1973          44      0.00525  0.00523  0.50   90381     473   90144  2561066  28.34
  1973          45      0.00613  0.00611  0.50   89908     549   89633  2470921  27.48
  1973          46      0.00670  0.00668  0.50   89359     597   89060  2381288  26.65
  1973          47      0.00725  0.00723  0.50   88761     642   88441  2292228  25.82
  1973          48      0.00805  0.00802  0.50   88120     707   87767  2203788  25.01
  1973          49      0.00857  0.00853  0.50   87413     746   87040  2116021  24.21
  1973          50      0.00948  0.00944  0.50   86667     818   86258  2028981  23.41
  1973          51      0.01008  0.01003  0.50   85849     861   85419  1942723  22.63
  1973          52      0.01111  0.01104  0.50   84988     939   84519  1857304  21.85
  1973          53      0.01179  0.01172  0.50   84049     985   83557  1772785  21.09
  1973          54      0.01308  0.01299  0.50   83065    1079   82525  1689228  20.34
  1973          55      0.01464  0.01454  0.50   81985    1192   81389  1606704  19.60
  1973          56      0.01617  0.01604  0.50   80793    1296   80145  1525314  18.88
  1973          57      0.01780  0.01764  0.50   79498    1403   78796  1445169  18.18
  1973          58      0.01922  0.01904  0.50   78095    1487   77352  1366372  17.50
  1973          59      0.02107  0.02085  0.50   76608    1598   75810  1289021  16.83
  1973          60      0.02363  0.02335  0.50   75011    1752   74135  1213211  16.17
  1973          61      0.02430  0.02400  0.50   73259    1759   72380  1139076  15.55
  1973          62      0.02729  0.02692  0.50   71501    1925   70538  1066696  14.92
  1973          63      0.02868  0.02827  0.50   69576    1967   68592   996158  14.32
  1973          64      0.03047  0.03001  0.50   67609    2029   66595   927565  13.72
  1973          65      0.03439  0.03381  0.50   65580    2217   64472   860971  13.13
  1973          66      0.03604  0.03540  0.50   63363    2243   62241   796499  12.57
  1973          67      0.03930  0.03854  0.50   61120    2356   59942   734258  12.01
  1973          68      0.04220  0.04133  0.50   58764    2429   57550   674316  11.47
  1973          69      0.04621  0.04516  0.50   56335    2544   55063   616766  10.95
  1973          70      0.05237  0.05103  0.50   53791    2745   52418   561703  10.44
  1973          71      0.05264  0.05129  0.50   51046    2618   49737   509285   9.98
  1973          72      0.06195  0.06009  0.50   48428    2910   46973   459548   9.49
  1973          73      0.06285  0.06093  0.50   45518    2774   44131   412575   9.06
  1973          74      0.06621  0.06408  0.50   42745    2739   41375   368444   8.62
  1973          75      0.07617  0.07337  0.50   40005    2935   38538   327069   8.18
  1973          76      0.07956  0.07652  0.50   37070    2836   35652   288532   7.78
  1973          77      0.08662  0.08302  0.50   34234    2842   32812   252880   7.39
  1973          78      0.08969  0.08584  0.50   31391    2695   30044   220067   7.01
  1973          79      0.09758  0.09304  0.50   28697    2670   27362   190023   6.62
  1973          80      0.10941  0.10373  0.50   26027    2700   24677   162661   6.25
  1973          81      0.11555  0.10924  0.50   23327    2548   22053   137985   5.92
  1973          82      0.12595  0.11849  0.50   20779    2462   19548   115932   5.58
  1973          83      0.13801  0.12910  0.50   18317    2365   17134    96384   5.26
  1973          84      0.15119  0.14056  0.50   15952    2242   14831    79250   4.97
  1973          85      0.16293  0.15066  0.50   13710    2065   12677    64419   4.70
  1973          86      0.17276  0.15902  0.50   11644    1852   10718    51742   4.44
  1973          87      0.18930  0.17293  0.50    9793    1693    8946    41024   4.19
  1973          88      0.19999  0.18181  0.50    8099    1473    7363    32078   3.96
  1973          89      0.21964  0.19791  0.50    6627    1311    5971    24715   3.73
  1973          90      0.23581  0.21094  0.50    5315    1121    4754    18745   3.53
  1973          91      0.25120  0.22317  0.50    4194     936    3726    13990   3.34
  1973          92      0.26935  0.23738  0.50    3258     773    2871    10264   3.15
  1973          93      0.31002  0.26842  0.50    2485     667    2151     7393   2.98
  1973          94      0.29624  0.25802  0.50    1818     469    1583     5242   2.88
  1973          95      0.32712  0.28114  0.50    1349     379    1159     3659   2.71
  1973          96      0.34781  0.29628  0.50     970     287     826     2500   2.58
  1973          97      0.36908  0.31158  0.50     682     213     576     1674   2.45
  1973          98      0.39087  0.32697  0.50     470     154     393     1098   2.34
  1973          99      0.41311  0.34239  0.50     316     108     262      705   2.23
  1973         100      0.43571  0.35777  0.50     208      74     171      443   2.13
  1973         101      0.45858  0.37305  0.50     134      50     109      272   2.04
  1973         102      0.48163  0.38816  0.50      84      32      67      163   1.95
  1973         103      0.50475  0.40304  0.50      51      21      41       96   1.87
  1973         104      0.52786  0.41763  0.50      31      13      24       55   1.80
  1973         105      0.55084  0.43189  0.50      18       8      14       31   1.74
  1973         106      0.57361  0.44577  0.50      10       5       8       17   1.68
  1973         107      0.59608  0.45921  0.50       6       3       4        9   1.62
  1973         108      0.61814  0.47220  0.50       3       1       2        5   1.58
  1973         109      0.63973  0.48469  0.50       2       1       1        2   1.54
  1973         110+     0.66077  1.00000  1.51       1       1       1        1   1.51
  1974           0      0.01918  0.01886  0.11  100000    1886   98323  6818432  68.18
  1974           1      0.00119  0.00119  0.50   98114     117   98056  6720109  68.49
  1974           2      0.00085  0.00085  0.50   97997      83   97955  6622053  67.57
  1974           3      0.00070  0.00070  0.50   97914      69   97880  6524098  66.63
  1974           4      0.00057  0.00057  0.50   97845      56   97817  6426218  65.68
  1974           5      0.00050  0.00050  0.50   97789      49   97765  6328401  64.71
  1974           6      0.00047  0.00047  0.50   97741      46   97718  6230636  63.75
  1974           7      0.00043  0.00043  0.50   97694      42   97673  6132919  62.78
  1974           8      0.00041  0.00041  0.50   97652      40   97632  6035245  61.80
  1974           9      0.00040  0.00040  0.50   97612      39   97593  5937613  60.83
  1974          10      0.00035  0.00035  0.50   97573      35   97556  5840020  59.85
  1974          11      0.00037  0.00037  0.50   97539      36   97521  5742464  58.87
  1974          12      0.00044  0.00044  0.50   97503      43   97482  5644943  57.90
  1974          13      0.00055  0.00055  0.50   97460      54   97433  5547462  56.92
  1974          14      0.00069  0.00069  0.50   97406      67   97372  5450029  55.95
  1974          15      0.00085  0.00085  0.50   97339      82   97297  5352656  54.99
  1974          16      0.00124  0.00124  0.50   97256     121   97196  5255359  54.04
  1974          17      0.00159  0.00159  0.50   97136     154   97059  5158163  53.10
  1974          18      0.00193  0.00193  0.50   96981     187   96888  5061104  52.19
  1974          19      0.00208  0.00208  0.50   96794     201   96693  4964216  51.29
  1974          20      0.00197  0.00197  0.50   96593     190   96498  4867523  50.39
  1974          21      0.00217  0.00217  0.50   96402     209   96298  4771025  49.49
  1974          22      0.00214  0.00214  0.50   96194     206   96091  4674727  48.60
  1974          23      0.00214  0.00214  0.50   95988     206   95885  4578637  47.70
  1974          24      0.00202  0.00202  0.50   95782     194   95686  4482751  46.80
  1974          25      0.00203  0.00203  0.50   95589     194   95492  4387066  45.90
  1974          26      0.00192  0.00192  0.50   95395     183   95303  4291574  44.99
  1974          27      0.00189  0.00189  0.50   95212     179   95122  4196271  44.07
  1974          28      0.00194  0.00194  0.50   95032     184   94940  4101149  43.16
  1974          29      0.00189  0.00189  0.50   94848     179   94758  4006209  42.24
  1974          30      0.00191  0.00191  0.50   94669     181   94578  3911451  41.32
  1974          31      0.00197  0.00196  0.50   94488     185   94395  3816872  40.40
  1974          32      0.00219  0.00219  0.50   94303     206   94200  3722477  39.47
  1974          33      0.00227  0.00227  0.50   94097     214   93990  3628277  38.56
  1974          34      0.00236  0.00235  0.50   93883     221   93773  3534287  37.65
  1974          35      0.00241  0.00240  0.50   93662     225   93550  3440514  36.73
  1974          36      0.00259  0.00258  0.50   93437     241   93316  3346965  35.82
  1974          37      0.00278  0.00277  0.50   93196     258   93066  3253649  34.91
  1974          38      0.00312  0.00311  0.50   92937     289   92792  3160582  34.01
  1974          39      0.00333  0.00333  0.50   92648     308   92494  3067790  33.11
  1974          40      0.00358  0.00358  0.50   92340     330   92174  2975296  32.22
  1974          41      0.00378  0.00377  0.50   92009     347   91836  2883122  31.34
  1974          42      0.00429  0.00428  0.50   91663     393   91466  2791286  30.45
  1974          43      0.00463  0.00462  0.50   91270     421   91059  2699820  29.58
  1974          44      0.00523  0.00522  0.50   90848     474   90611  2608761  28.72
  1974          45      0.00578  0.00577  0.50   90374     521   90114  2518149  27.86
  1974          46      0.00636  0.00634  0.50   89853     570   89568  2428036  27.02
  1974          47      0.00705  0.00703  0.50   89283     628   88970  2338467  26.19
  1974          48      0.00782  0.00779  0.50   88656     691   88311  2249498  25.37
  1974          49      0.00842  0.00839  0.50   87965     738   87596  2161187  24.57
  1974          50      0.00928  0.00924  0.50   87227     806   86824  2073591  23.77
  1974          51      0.00976  0.00971  0.50   86421     839   86002  1986767  22.99
  1974          52      0.01074  0.01069  0.50   85582     915   85125  1900765  22.21
  1974          53      0.01150  0.01144  0.50   84668     968   84183  1815640  21.44
  1974          54      0.01271  0.01263  0.50   83699    1057   83171  1731457  20.69
  1974          55      0.01365  0.01355  0.50   82642    1120   82082  1648286  19.94
  1974          56      0.01523  0.01512  0.50   81522    1232   80906  1566204  19.21
  1974          57      0.01683  0.01669  0.50   80290    1340   79620  1485298  18.50
  1974          58      0.01878  0.01860  0.50   78950    1469   78215  1405678  17.80
  1974          59      0.02006  0.01986  0.50   77481    1539   76712  1327462  17.13
  1974          60      0.02270  0.02245  0.50   75942    1705   75090  1250751  16.47
  1974          61      0.02364  0.02336  0.50   74238    1734   73370  1175661  15.84
  1974          62      0.02583  0.02550  0.50   72503    1849   71579  1102291  15.20
  1974          63      0.02762  0.02724  0.50   70654    1925   69692  1030712  14.59
  1974          64      0.02938  0.02895  0.50   68729    1990   67734   961021  13.98
  1974          65      0.03239  0.03188  0.50   66740    2128   65676   893286  13.38
  1974          66      0.03501  0.03441  0.50   64612    2223   63500   827610  12.81
  1974          67      0.03812  0.03741  0.50   62389    2334   61222   764110  12.25
  1974          68      0.04105  0.04023  0.50   60055    2416   58847   702888  11.70
  1974          69      0.04439  0.04342  0.50   57639    2503   56387   644041  11.17
  1974          70      0.04999  0.04877  0.50   55136    2689   53792   587654  10.66
  1974          71      0.05202  0.05070  0.50   52447    2659   51118   533862  10.18
  1974          72      0.05805  0.05641  0.50   49788    2809   48384   482744   9.70
  1974          73      0.06303  0.06110  0.50   46979    2871   45544   434361   9.25
  1974          74      0.06648  0.06434  0.50   44109    2838   42690   388817   8.81
  1974          75      0.06993  0.06756  0.50   41271    2788   39877   346127   8.39
  1974          76      0.07737  0.07449  0.50   38482    2866   37049   306250   7.96
  1974          77      0.08322  0.07989  0.50   35616    2845   34193   269201   7.56
  1974          78      0.08685  0.08323  0.50   32770    2728   31407   235008   7.17
  1974          79      0.09324  0.08909  0.50   30043    2676   28705   203601   6.78
  1974          80      0.10541  0.10013  0.50   27366    2740   25996   174897   6.39
  1974          81      0.11212  0.10617  0.50   24626    2614   23319   148900   6.05
  1974          82      0.12184  0.11485  0.50   22012    2528   20748   125581   5.71
  1974          83      0.13146  0.12335  0.50   19484    2403   18282   104834   5.38
  1974          84      0.14732  0.13721  0.50   17080    2344   15909    86551   5.07
  1974          85      0.15860  0.14695  0.50   14737    2165   13654    70643   4.79
  1974          86      0.17132  0.15780  0.50   12571    1984   11579    56989   4.53
  1974          87      0.17936  0.16460  0.50   10588    1743    9716    45409   4.29
  1974          88      0.20033  0.18209  0.50    8845    1611    8040    35693   4.04
  1974          89      0.21176  0.19148  0.50    7234    1385    6542    27654   3.82
  1974          90      0.22759  0.20434  0.50    5849    1195    5251    21112   3.61
  1974          91      0.24508  0.21833  0.50    4654    1016    4146    15861   3.41
  1974          92      0.26699  0.23555  0.50    3638     857    3209    11715   3.22
  1974          93      0.28211  0.24723  0.50    2781     688    2437     8505   3.06
  1974          94      0.30784  0.26678  0.50    2093     558    1814     6068   2.90
  1974          95      0.31874  0.27493  0.50    1535     422    1324     4254   2.77
  1974          96      0.33915  0.28998  0.50    1113     323     952     2930   2.63
  1974          97      0.36017  0.30521  0.50     790     241     670     1979   2.50
  1974          98      0.38174  0.32055  0.50     549     176     461     1309   2.38
  1974          99      0.40378  0.33596  0.50     373     125     310      848   2.27
  1974         100      0.42623  0.35135  0.50     248      87     204      538   2.17
  1974         101      0.44897  0.36666  0.50     161      59     131      334   2.08
  1974         102      0.47194  0.38184  0.50     102      39      82      202   1.99
  1974         103      0.49502  0.39681  0.50      63      25      50      120   1.91
  1974         104      0.51813  0.41152  0.50      38      16      30       70   1.83
  1974         105      0.54116  0.42591  0.50      22      10      18       39   1.76
  1974         106      0.56401  0.43995  0.50      13       6      10       22   1.70
  1974         107      0.58660  0.45357  0.50       7       3       6       12   1.65
  1974         108      0.60882  0.46674  0.50       4       2       3        6   1.60
  1974         109      0.63061  0.47944  0.50       2       1       2        3   1.56
  1974         110+     0.65187  1.00000  1.53       1       1       2        2   1.53
  1975           0      0.01793  0.01765  0.11  100000    1765   98436  6872114  68.72
  1975           1      0.00116  0.00116  0.50   98235     114   98178  6773678  68.95
  1975           2      0.00080  0.00080  0.50   98121      79   98082  6675500  68.03
  1975           3      0.00062  0.00062  0.50   98042      61   98012  6577418  67.09
  1975           4      0.00053  0.00053  0.50   97981      52   97955  6479407  66.13
  1975           5      0.00050  0.00050  0.50   97929      49   97904  6381452  65.16
  1975           6      0.00044  0.00044  0.50   97880      43   97859  6283547  64.20
  1975           7      0.00042  0.00042  0.50   97837      41   97817  6185688  63.22
  1975           8      0.00036  0.00036  0.50   97796      35   97779  6087871  62.25
  1975           9      0.00036  0.00036  0.50   97762      35   97744  5990092  61.27
  1975          10      0.00035  0.00035  0.50   97727      34   97709  5892348  60.29
  1975          11      0.00038  0.00038  0.50   97692      37   97674  5794639  59.32
  1975          12      0.00040  0.00040  0.50   97656      39   97636  5696965  58.34
  1975          13      0.00047  0.00047  0.50   97617      46   97594  5599329  57.36
  1975          14      0.00065  0.00065  0.50   97571      63   97540  5501735  56.39
  1975          15      0.00086  0.00086  0.50   97508      84   97466  5404195  55.42
  1975          16      0.00112  0.00112  0.50   97424     109   97370  5306729  54.47
  1975          17      0.00149  0.00149  0.50   97315     145   97243  5209359  53.53
  1975          18      0.00187  0.00187  0.50   97170     181   97080  5112117  52.61
  1975          19      0.00195  0.00195  0.50   96989     189   96894  5015037  51.71
  1975          20      0.00197  0.00197  0.50   96799     191   96704  4918143  50.81
  1975          21      0.00212  0.00212  0.50   96609     205   96506  4821439  49.91
  1975          22      0.00206  0.00206  0.50   96404     199   96305  4724933  49.01
  1975          23      0.00215  0.00215  0.50   96206     207   96102  4628628  48.11
  1975          24      0.00202  0.00202  0.50   95998     194   95901  4532526  47.21
  1975          25      0.00208  0.00208  0.50   95804     199   95705  4436624  46.31
  1975          26      0.00202  0.00202  0.50   95606     193   95509  4340919  45.40
  1975          27      0.00197  0.00197  0.50   95412     188   95319  4245410  44.50
  1975          28      0.00185  0.00185  0.50   95225     176   95137  4150092  43.58
  1975          29      0.00183  0.00183  0.50   95049     174   94962  4054955  42.66
  1975          30      0.00188  0.00188  0.50   94875     178   94785  3959993  41.74
  1975          31      0.00196  0.00196  0.50   94696     185   94603  3865208  40.82
  1975          32      0.00197  0.00197  0.50   94511     186   94418  3770604  39.90
  1975          33      0.00217  0.00217  0.50   94325     205   94223  3676186  38.97
  1975          34      0.00223  0.00223  0.50   94120     210   94015  3581964  38.06
  1975          35      0.00241  0.00241  0.50   93910     226   93797  3487949  37.14
  1975          36      0.00260  0.00259  0.50   93684     243   93563  3394151  36.23
  1975          37      0.00266  0.00266  0.50   93441     249   93317  3300589  35.32
  1975          38      0.00290  0.00290  0.50   93192     270   93057  3207272  34.42
  1975          39      0.00320  0.00320  0.50   92922     297   92774  3114214  33.51
  1975          40      0.00347  0.00347  0.50   92625     321   92465  3021440  32.62
  1975          41      0.00377  0.00377  0.50   92304     348   92130  2928976  31.73
  1975          42      0.00425  0.00424  0.50   91957     390   91762  2836845  30.85
  1975          43      0.00449  0.00448  0.50   91567     410   91362  2745084  29.98
  1975          44      0.00481  0.00480  0.50   91157     438   90938  2653722  29.11
  1975          45      0.00549  0.00548  0.50   90719     497   90471  2562784  28.25
  1975          46      0.00591  0.00589  0.50   90222     531   89957  2472313  27.40
  1975          47      0.00684  0.00682  0.50   89691     612   89385  2382357  26.56
  1975          48      0.00734  0.00731  0.50   89079     652   88754  2292972  25.74
  1975          49      0.00791  0.00788  0.50   88428     697   88079  2204218  24.93
  1975          50      0.00906  0.00902  0.50   87731     791   87335  2116139  24.12
  1975          51      0.00965  0.00960  0.50   86940     835   86522  2028804  23.34
  1975          52      0.01034  0.01029  0.50   86105     886   85662  1942281  22.56
  1975          53      0.01110  0.01103  0.50   85219     940   84749  1856619  21.79
  1975          54      0.01235  0.01228  0.50   84279    1035   83761  1771870  21.02
  1975          55      0.01337  0.01328  0.50   83244    1106   82691  1688109  20.28
  1975          56      0.01425  0.01415  0.50   82138    1162   81558  1605418  19.55
  1975          57      0.01638  0.01625  0.50   80977    1316   80319  1523860  18.82
  1975          58      0.01800  0.01784  0.50   79661    1421   78950  1443542  18.12
  1975          59      0.01905  0.01887  0.50   78240    1476   77502  1364592  17.44
  1975          60      0.02188  0.02164  0.50   76764    1661   75933  1287090  16.77
  1975          61      0.02235  0.02210  0.50   75102    1660   74272  1211157  16.13
  1975          62      0.02524  0.02493  0.50   73442    1831   72527  1136884  15.48
  1975          63      0.02676  0.02641  0.50   71612    1891   70666  1064358  14.86
  1975          64      0.02888  0.02847  0.50   69720    1985   68728   993692  14.25
  1975          65      0.03130  0.03082  0.50   67735    2087   66692   924964  13.66
  1975          66      0.03274  0.03222  0.50   65648    2115   64591   858272  13.07
  1975          67      0.03705  0.03638  0.50   63533    2311   62377   793682  12.49
  1975          68      0.04010  0.03931  0.50   61222    2407   60018   731304  11.95
  1975          69      0.04247  0.04159  0.50   58815    2446   57592   671286  11.41
  1975          70      0.04819  0.04705  0.50   56369    2652   55043   613694  10.89
  1975          71      0.05023  0.04900  0.50   53717    2632   52401   558651  10.40
  1975          72      0.05721  0.05562  0.50   51085    2841   49664   506250   9.91
  1975          73      0.05844  0.05678  0.50   48244    2739   46874   456586   9.46
  1975          74      0.06694  0.06477  0.50   45504    2947   44031   409712   9.00
  1975          75      0.07038  0.06799  0.50   42557    2893   41111   365681   8.59
  1975          76      0.07134  0.06889  0.50   39664    2732   38298   324571   8.18
  1975          77      0.08066  0.07753  0.50   36932    2863   35500   286273   7.75
  1975          78      0.08394  0.08056  0.50   34068    2745   32696   250773   7.36
  1975          79      0.09175  0.08772  0.50   31324    2748   29950   218077   6.96
  1975          80      0.10138  0.09649  0.50   28576    2757   27197   188127   6.58
  1975          81      0.10725  0.10179  0.50   25819    2628   24505   160930   6.23
  1975          82      0.12016  0.11335  0.50   23191    2629   21876   136425   5.88
  1975          83      0.13026  0.12230  0.50   20562    2515   19305   114549   5.57
  1975          84      0.13793  0.12903  0.50   18047    2329   16883    95244   5.28
  1975          85      0.14978  0.13935  0.50   15719    2190   14623    78361   4.99
  1975          86      0.16203  0.14989  0.50   13528    2028   12514    63738   4.71
  1975          87      0.17576  0.16156  0.50   11501    1858   10572    51223   4.45
  1975          88      0.18500  0.16934  0.50    9643    1633    8826    40652   4.22
  1975          89      0.20337  0.18460  0.50    8010    1479    7270    31826   3.97
  1975          90      0.22048  0.19859  0.50    6531    1297    5883    24555   3.76
  1975          91      0.23381  0.20934  0.50    5234    1096    4686    18673   3.57
  1975          92      0.24608  0.21912  0.50    4138     907    3685    13986   3.38
  1975          93      0.27041  0.23821  0.50    3232     770    2847    10301   3.19
  1975          94      0.29221  0.25496  0.50    2462     628    2148     7455   3.03
  1975          95      0.30341  0.26344  0.50    1834     483    1593     5307   2.89
  1975          96      0.32281  0.27794  0.50    1351     375    1163     3714   2.75
  1975          97      0.34284  0.29267  0.50     975     285     833     2551   2.61
  1975          98      0.36344  0.30755  0.50     690     212     584     1718   2.49
  1975          99      0.38456  0.32254  0.50     478     154     401     1134   2.37
  1975         100      0.40613  0.33758  0.50     324     109     269      733   2.27
  1975         101      0.42806  0.35259  0.50     214      76     177      464   2.17
  1975         102      0.45028  0.36753  0.50     139      51     113      288   2.07
  1975         103      0.47270  0.38233  0.50      88      34      71      175   1.99
  1975         104      0.49523  0.39694  0.50      54      22      43      104   1.91
  1975         105      0.51778  0.41130  0.50      33      13      26       60   1.84
  1975         106      0.54026  0.42536  0.50      19       8      15       34   1.77
  1975         107      0.56257  0.43907  0.50      11       5       9       19   1.71
  1975         108      0.58463  0.45239  0.50       6       3       5       10   1.66
  1975         109      0.60636  0.46529  0.50       3       2       3        6   1.62
  1975         110+     0.62768  1.00000  1.59       2       2       3        3   1.59
  1976           0      0.01695  0.01670  0.12  100000    1670   98523  6907812  69.08
  1976           1      0.00112  0.00112  0.50   98330     110   98276  6809289  69.25
  1976           2      0.00080  0.00080  0.50   98221      78   98181  6711014  68.33
  1976           3      0.00066  0.00066  0.50   98142      65   98110  6612832  67.38
  1976           4      0.00052  0.00052  0.50   98078      51   98052  6514722  66.42
  1976           5      0.00048  0.00048  0.50   98027      47   98003  6416670  65.46
  1976           6      0.00044  0.00044  0.50   97979      43   97958  6318667  64.49
  1976           7      0.00038  0.00038  0.50   97936      37   97917  6220709  63.52
  1976           8      0.00036  0.00036  0.50   97899      35   97881  6122792  62.54
  1976           9      0.00034  0.00034  0.50   97863      34   97846  6024911  61.56
  1976          10      0.00034  0.00034  0.50   97830      33   97813  5927065  60.59
  1976          11      0.00033  0.00033  0.50   97797      32   97781  5829252  59.61
  1976          12      0.00040  0.00040  0.50   97765      39   97745  5731471  58.63
  1976          13      0.00049  0.00049  0.50   97726      48   97702  5633725  57.65
  1976          14      0.00060  0.00060  0.50   97678      59   97649  5536023  56.68
  1976          15      0.00076  0.00076  0.50   97620      74   97582  5438374  55.71
  1976          16      0.00112  0.00112  0.50   97545     109   97491  5340792  54.75
  1976          17      0.00142  0.00142  0.50   97436     138   97367  5243301  53.81
  1976          18      0.00177  0.00177  0.50   97298     172   97212  5145934  52.89
  1976          19      0.00184  0.00184  0.50   97126     179   97037  5048722  51.98
  1976          20      0.00186  0.00186  0.50   96947     180   96857  4951685  51.08
  1976          21      0.00198  0.00197  0.50   96767     191   96672  4854828  50.17
  1976          22      0.00203  0.00203  0.50   96576     196   96478  4758156  49.27
  1976          23      0.00194  0.00194  0.50   96380     187   96287  4661678  48.37
  1976          24      0.00194  0.00194  0.50   96193     186   96100  4565391  47.46
  1976          25      0.00191  0.00191  0.50   96007     183   95915  4469291  46.55
  1976          26      0.00185  0.00185  0.50   95824     177   95735  4373376  45.64
  1976          27      0.00183  0.00182  0.50   95647     175   95559  4277641  44.72
  1976          28      0.00187  0.00187  0.50   95472     178   95383  4182081  43.80
  1976          29      0.00171  0.00171  0.50   95294     163   95212  4086698  42.89
  1976          30      0.00180  0.00180  0.50   95131     171   95045  3991486  41.96
  1976          31      0.00184  0.00184  0.50   94960     174   94873  3896441  41.03
  1976          32      0.00191  0.00191  0.50   94786     181   94695  3801568  40.11
  1976          33      0.00197  0.00197  0.50   94604     187   94511  3706873  39.18
  1976          34      0.00210  0.00210  0.50   94418     198   94319  3612362  38.26
  1976          35      0.00216  0.00216  0.50   94220     204   94118  3518043  37.34
  1976          36      0.00242  0.00242  0.50   94016     227   93903  3423925  36.42
  1976          37      0.00258  0.00257  0.50   93789     241   93668  3330022  35.51
  1976          38      0.00290  0.00290  0.50   93548     271   93412  3236354  34.60
  1976          39      0.00299  0.00298  0.50   93277     278   93137  3142942  33.69
  1976          40      0.00327  0.00326  0.50   92998     303   92847  3049804  32.79
  1976          41      0.00360  0.00359  0.50   92695     333   92529  2956958  31.90
  1976          42      0.00408  0.00407  0.50   92362     376   92174  2864429  31.01
  1976          43      0.00449  0.00448  0.50   91986     412   91780  2772255  30.14
  1976          44      0.00475  0.00474  0.50   91574     434   91357  2680475  29.27
  1976          45      0.00539  0.00538  0.50   91140     490   90895  2589118  28.41
  1976          46      0.00583  0.00581  0.50   90650     527   90386  2498223  27.56
  1976          47      0.00629  0.00627  0.50   90123     565   89841  2407836  26.72
  1976          48      0.00721  0.00718  0.50   89558     643   89237  2317996  25.88
  1976          49      0.00780  0.00777  0.50   88915     691   88570  2228759  25.07
  1976          50      0.00870  0.00866  0.50   88224     764   87842  2140190  24.26
  1976          51      0.00930  0.00926  0.50   87460     810   87055  2052348  23.47
  1976          52      0.01031  0.01026  0.50   86650     889   86206  1965293  22.68
  1976          53      0.01096  0.01090  0.50   85761     935   85294  1879087  21.91
  1976          54      0.01198  0.01190  0.50   84826    1010   84321  1793793  21.15
  1976          55      0.01302  0.01294  0.50   83817    1084   83274  1709472  20.40
  1976          56      0.01420  0.01410  0.50   82732    1167   82149  1626197  19.66
  1976          57      0.01553  0.01541  0.50   81565    1257   80937  1544049  18.93
  1976          58      0.01738  0.01723  0.50   80308    1384   79617  1463112  18.22
  1976          59      0.01890  0.01873  0.50   78925    1478   78186  1383495  17.53
  1976          60      0.02163  0.02140  0.50   77447    1657   76618  1305309  16.85
  1976          61      0.02230  0.02206  0.50   75789    1672   74954  1228691  16.21
  1976          62      0.02489  0.02459  0.50   74118    1822   73207  1153738  15.57
  1976          63      0.02648  0.02614  0.50   72295    1890   71351  1080531  14.95
  1976          64      0.02830  0.02791  0.50   70406    1965   69423  1009180  14.33
  1976          65      0.03127  0.03079  0.50   68441    2107   67387   939757  13.73
  1976          66      0.03238  0.03186  0.50   66334    2113   65277   872370  13.15
  1976          67      0.03532  0.03471  0.50   64220    2229   63106   807092  12.57
  1976          68      0.03893  0.03818  0.50   61991    2367   60808   743986  12.00
  1976          69      0.04260  0.04171  0.50   59624    2487   58381   683179  11.46
  1976          70      0.04868  0.04752  0.50   57137    2715   55780   624798  10.93
  1976          71      0.04845  0.04730  0.50   54422    2574   53135   569018  10.46
  1976          72      0.05568  0.05418  0.50   51848    2809   50443   515883   9.95
  1976          73      0.05933  0.05762  0.50   49039    2826   47626   465439   9.49
  1976          74      0.06247  0.06058  0.50   46213    2800   44813   417813   9.04
  1976          75      0.07230  0.06978  0.50   43414    3029   41899   373000   8.59
  1976          76      0.07231  0.06979  0.50   40384    2818   38975   331101   8.20
  1976          77      0.07629  0.07349  0.50   37566    2761   36186   292126   7.78
  1976          78      0.08339  0.08005  0.50   34805    2786   33412   255941   7.35
  1976          79      0.09048  0.08656  0.50   32019    2772   30633   222528   6.95
  1976          80      0.10201  0.09706  0.50   29247    2839   27828   191895   6.56
  1976          81      0.10576  0.10045  0.50   26409    2653   25082   164067   6.21
  1976          82      0.11658  0.11016  0.50   23756    2617   22447   138985   5.85
  1976          83      0.13022  0.12226  0.50   21139    2584   19847   116537   5.51
  1976          84      0.14040  0.13119  0.50   18555    2434   17337    96691   5.21
  1976          85      0.14854  0.13827  0.50   16120    2229   15006    79353   4.92
  1976          86      0.16439  0.15190  0.50   13891    2110   12836    64347   4.63
  1976          87      0.17747  0.16300  0.50   11781    1920   10821    51511   4.37
  1976          88      0.19036  0.17382  0.50    9861    1714    9004    40690   4.13
  1976          89      0.20678  0.18741  0.50    8147    1527    7384    31686   3.89
  1976          90      0.22503  0.20227  0.50    6620    1339    5951    24303   3.67
  1976          91      0.23671  0.21166  0.50    5281    1118    4722    18352   3.48
  1976          92      0.26169  0.23141  0.50    4163     963    3682    13630   3.27
  1976          93      0.27899  0.24484  0.50    3200     783    2808     9948   3.11
  1976          94      0.29693  0.25855  0.50    2416     625    2104     7140   2.95
  1976          95      0.31273  0.27044  0.50    1792     485    1549     5036   2.81
  1976          96      0.33327  0.28567  0.50    1307     373    1120     3487   2.67
  1976          97      0.35447  0.30110  0.50     934     281     793     2366   2.53
  1976          98      0.37625  0.31667  0.50     653     207     549     1573   2.41
  1976          99      0.39854  0.33232  0.50     446     148     372     1024   2.30
  1976         100      0.42126  0.34797  0.50     298     104     246      652   2.19
  1976         101      0.44432  0.36356  0.50     194      71     159      406   2.09
  1976         102      0.46763  0.37901  0.50     124      47     100      247   2.00
  1976         103      0.49107  0.39426  0.50      77      30      62      147   1.92
  1976         104      0.51456  0.40926  0.50      46      19      37       86   1.84
  1976         105      0.53798  0.42394  0.50      27      12      22       49   1.77
  1976         106      0.56123  0.43825  0.50      16       7      12       27   1.71
  1976         107      0.58422  0.45214  0.50       9       4       7       15   1.65
  1976         108      0.60684  0.46558  0.50       5       2       4        8   1.60
  1976         109      0.62902  0.47852  0.50       3       1       2        4   1.56
  1976         110+     0.65067  1.00000  1.54       1       1       2        2   1.54
  1977           0      0.01603  0.01580  0.12  100000    1580   98605  6941310  69.41
  1977           1      0.00112  0.00112  0.50   98420     110   98365  6842704  69.53
  1977           2      0.00081  0.00081  0.50   98310      79   98270  6744340  68.60
  1977           3      0.00061  0.00061  0.50   98230      60   98200  6646070  67.66
  1977           4      0.00047  0.00047  0.50   98170      46   98147  6547870  66.70
  1977           5      0.00048  0.00048  0.50   98125      47   98101  6449722  65.73
  1977           6      0.00044  0.00044  0.50   98077      43   98056  6351621  64.76
  1977           7      0.00036  0.00036  0.50   98034      35   98017  6253566  63.79
  1977           8      0.00037  0.00037  0.50   97999      36   97981  6155549  62.81
  1977           9      0.00035  0.00035  0.50   97963      34   97946  6057567  61.84
  1977          10      0.00031  0.00031  0.50   97929      31   97914  5959621  60.86
  1977          11      0.00036  0.00036  0.50   97898      35   97881  5861708  59.88
  1977          12      0.00040  0.00040  0.50   97863      39   97844  5763827  58.90
  1977          13      0.00047  0.00047  0.50   97824      46   97801  5665983  57.92
  1977          14      0.00061  0.00061  0.50   97778      60   97748  5568182  56.95
  1977          15      0.00079  0.00079  0.50   97718      77   97680  5470434  55.98
  1977          16      0.00114  0.00114  0.50   97641     111   97586  5372754  55.03
  1977          17      0.00144  0.00144  0.50   97531     141   97460  5275168  54.09
  1977          18      0.00184  0.00184  0.50   97390     179   97300  5177708  53.16
  1977          19      0.00195  0.00194  0.50   97211     189   97116  5080407  52.26
  1977          20      0.00192  0.00192  0.50   97022     186   96929  4983291  51.36
  1977          21      0.00200  0.00200  0.50   96836     193   96739  4886362  50.46
  1977          22      0.00208  0.00208  0.50   96642     201   96542  4789623  49.56
  1977          23      0.00195  0.00195  0.50   96442     188   96348  4693081  48.66
  1977          24      0.00194  0.00193  0.50   96254     186   96161  4596734  47.76
  1977          25      0.00190  0.00190  0.50   96068     183   95976  4500573  46.85
  1977          26      0.00190  0.00190  0.50   95885     182   95794  4404597  45.94
  1977          27      0.00188  0.00188  0.50   95703     180   95613  4308803  45.02
  1977          28      0.00188  0.00187  0.50   95523     179   95434  4213190  44.11
  1977          29      0.00181  0.00181  0.50   95344     173   95258  4117756  43.19
  1977          30      0.00170  0.00170  0.50   95172     162   95091  4022498  42.27
  1977          31      0.00185  0.00185  0.50   95010     176   94922  3927407  41.34
  1977          32      0.00198  0.00197  0.50   94834     187   94741  3832485  40.41
  1977          33      0.00200  0.00200  0.50   94647     189   94553  3737744  39.49
  1977          34      0.00206  0.00205  0.50   94458     194   94361  3643192  38.57
  1977          35      0.00220  0.00220  0.50   94264     207   94161  3548830  37.65
  1977          36      0.00239  0.00239  0.50   94057     224   93945  3454670  36.73
  1977          37      0.00260  0.00259  0.50   93832     243   93711  3360725  35.82
  1977          38      0.00279  0.00279  0.50   93589     261   93459  3267015  34.91
  1977          39      0.00295  0.00295  0.50   93328     275   93191  3173556  34.00
  1977          40      0.00301  0.00301  0.50   93053     280   92913  3080365  33.10
  1977          41      0.00360  0.00360  0.50   92773     334   92606  2987452  32.20
  1977          42      0.00397  0.00396  0.50   92439     366   92256  2894846  31.32
  1977          43      0.00438  0.00437  0.50   92073     403   91872  2802590  30.44
  1977          44      0.00461  0.00459  0.50   91670     421   91460  2710718  29.57
  1977          45      0.00503  0.00501  0.50   91249     457   91020  2619258  28.70
  1977          46      0.00558  0.00556  0.50   90792     505   90539  2528238  27.85
  1977          47      0.00606  0.00604  0.50   90287     546   90014  2437699  27.00
  1977          48      0.00698  0.00696  0.50   89741     624   89429  2347685  26.16
  1977          49      0.00771  0.00768  0.50   89116     685   88774  2258256  25.34
  1977          50      0.00862  0.00859  0.50   88432     759   88052  2169482  24.53
  1977          51      0.00900  0.00896  0.50   87672     786   87280  2081430  23.74
  1977          52      0.01015  0.01010  0.50   86887     878   86448  1994151  22.95
  1977          53      0.01080  0.01074  0.50   86009     924   85547  1907703  22.18
  1977          54      0.01158  0.01152  0.50   85085     980   84595  1822156  21.42
  1977          55      0.01304  0.01295  0.50   84105    1090   83561  1737560  20.66
  1977          56      0.01383  0.01373  0.50   83016    1140   82446  1654000  19.92
  1977          57      0.01505  0.01494  0.50   81876    1223   81264  1571554  19.19
  1977          58      0.01615  0.01602  0.50   80653    1292   80006  1490290  18.48
  1977          59      0.01832  0.01815  0.50   79360    1441   78640  1410283  17.77
  1977          60      0.02067  0.02045  0.50   77920    1594   77123  1331643  17.09
  1977          61      0.02153  0.02130  0.50   76326    1626   75513  1254521  16.44
  1977          62      0.02418  0.02389  0.50   74700    1785   73808  1179008  15.78
  1977          63      0.02590  0.02556  0.50   72915    1864   71983  1105200  15.16
  1977          64      0.02764  0.02726  0.50   71051    1937   70083  1033216  14.54
  1977          65      0.03043  0.02997  0.50   69114    2071   68078   963134  13.94
  1977          66      0.03211  0.03160  0.50   67043    2118   65983   895055  13.35
  1977          67      0.03434  0.03376  0.50   64924    2192   63828   829072  12.77
  1977          68      0.03649  0.03584  0.50   62732    2248   61608   765243  12.20
  1977          69      0.04114  0.04031  0.50   60484    2438   59265   703635  11.63
  1977          70      0.04757  0.04647  0.50   58046    2697   56698   644370  11.10
  1977          71      0.04808  0.04695  0.50   55349    2599   54050   587672  10.62
  1977          72      0.05385  0.05243  0.50   52750    2766   51367   533622  10.12
  1977          73      0.05712  0.05553  0.50   49985    2776   48597   482255   9.65
  1977          74      0.06332  0.06137  0.50   47209    2897   45760   433658   9.19
  1977          75      0.06721  0.06502  0.50   44311    2881   42871   387898   8.75
  1977          76      0.07337  0.07077  0.50   41430    2932   39964   345027   8.33
  1977          77      0.07650  0.07369  0.50   38498    2837   37079   305064   7.92
  1977          78      0.07608  0.07329  0.50   35661    2614   34354   267984   7.51
  1977          79      0.08951  0.08567  0.50   33047    2831   31632   233630   7.07
  1977          80      0.09912  0.09444  0.50   30216    2854   28789   201998   6.69
  1977          81      0.10578  0.10046  0.50   27362    2749   25988   173209   6.33
  1977          82      0.11468  0.10846  0.50   24614    2670   23279   147221   5.98
  1977          83      0.12689  0.11932  0.50   21944    2618   20635   123942   5.65
  1977          84      0.13722  0.12841  0.50   19326    2482   18085   103307   5.35
  1977          85      0.14587  0.13596  0.50   16844    2290   15699    85223   5.06
  1977          86      0.15754  0.14604  0.50   14554    2125   13491    69524   4.78
  1977          87      0.17224  0.15858  0.50   12428    1971   11443    56032   4.51
  1977          88      0.18468  0.16907  0.50   10458    1768    9574    44589   4.26
  1977          89      0.19759  0.17982  0.50    8690    1563    7908    35016   4.03
  1977          90      0.21279  0.19232  0.50    7127    1371    6442    27108   3.80
  1977          91      0.23000  0.20628  0.50    5756    1187    5163    20666   3.59
  1977          92      0.25634  0.22722  0.50    4569    1038    4050    15503   3.39
  1977          93      0.26806  0.23638  0.50    3531     835    3113    11454   3.24
  1977          94      0.27694  0.24326  0.50    2696     656    2368     8340   3.09
  1977          95      0.29894  0.26007  0.50    2040     531    1775     5972   2.93
  1977          96      0.31829  0.27459  0.50    1510     415    1302     4197   2.78
  1977          97      0.33828  0.28934  0.50    1095     317     937     2895   2.64
  1977          98      0.35886  0.30427  0.50     778     237     660     1958   2.52
  1977          99      0.37998  0.31931  0.50     541     173     455     1298   2.40
  1977         100      0.40156  0.33441  0.50     369     123     307      843   2.29
  1977         101      0.42353  0.34951  0.50     245      86     202      536   2.19
  1977         102      0.44580  0.36455  0.50     160      58     130      334   2.09
  1977         103      0.46830  0.37945  0.50     101      38      82      203   2.00
  1977         104      0.49093  0.39417  0.50      63      25      51      121   1.92
  1977         105      0.51359  0.40865  0.50      38      16      30       71   1.85
  1977         106      0.53620  0.42284  0.50      23      10      18       40   1.78
  1977         107      0.55866  0.43668  0.50      13       6      10       22   1.72
  1977         108      0.58088  0.45014  0.50       7       3       6       12   1.67
  1977         109      0.60278  0.46318  0.50       4       2       3        7   1.63
  1977         110+     0.62427  1.00000  1.60       2       2       3        3   1.60
  1978           0      0.01531  0.01511  0.12  100000    1511   98669  6961970  69.62
  1978           1      0.00111  0.00111  0.50   98489     109   98435  6863301  69.69
  1978           2      0.00082  0.00082  0.50   98380      80   98340  6764867  68.76
  1978           3      0.00062  0.00062  0.50   98300      61   98269  6666527  67.82
  1978           4      0.00051  0.00051  0.50   98239      50   98214  6568258  66.86
  1978           5      0.00044  0.00044  0.50   98189      43   98167  6470044  65.89
  1978           6      0.00043  0.00043  0.50   98145      42   98124  6371877  64.92
  1978           7      0.00037  0.00037  0.50   98103      36   98085  6273753  63.95
  1978           8      0.00035  0.00035  0.50   98067      34   98050  6175668  62.97
  1978           9      0.00032  0.00032  0.50   98033      31   98017  6077618  62.00
  1978          10      0.00032  0.00032  0.50   98002      31   97986  5979601  61.02
  1978          11      0.00035  0.00035  0.50   97971      34   97953  5881615  60.03
  1978          12      0.00038  0.00038  0.50   97936      37   97918  5783661  59.06
  1978          13      0.00050  0.00050  0.50   97899      49   97874  5685743  58.08
  1978          14      0.00057  0.00057  0.50   97850      56   97822  5587869  57.11
  1978          15      0.00074  0.00074  0.50   97794      72   97758  5490047  56.14
  1978          16      0.00112  0.00112  0.50   97721     109   97667  5392289  55.18
  1978          17      0.00148  0.00148  0.50   97612     144   97540  5294623  54.24
  1978          18      0.00183  0.00183  0.50   97468     178   97379  5197082  53.32
  1978          19      0.00193  0.00193  0.50   97290     188   97196  5099703  52.42
  1978          20      0.00193  0.00193  0.50   97102     187   97009  5002507  51.52
  1978          21      0.00205  0.00204  0.50   96915     198   96816  4905498  50.62
  1978          22      0.00202  0.00202  0.50   96717     195   96619  4808682  49.72
  1978          23      0.00203  0.00203  0.50   96522     196   96424  4712063  48.82
  1978          24      0.00189  0.00189  0.50   96326     182   96235  4615639  47.92
  1978          25      0.00190  0.00190  0.50   96144     182   96053  4519404  47.01
  1978          26      0.00184  0.00184  0.50   95962     177   95874  4423351  46.09
  1978          27      0.00185  0.00185  0.50   95785     177   95697  4327477  45.18
  1978          28      0.00187  0.00187  0.50   95608     179   95518  4231781  44.26
  1978          29      0.00180  0.00180  0.50   95429     172   95343  4136262  43.34
  1978          30      0.00177  0.00176  0.50   95257     168   95173  4040919  42.42
  1978          31      0.00179  0.00178  0.50   95089     170   95004  3945746  41.50
  1978          32      0.00190  0.00189  0.50   94920     180   94830  3850741  40.57
  1978          33      0.00199  0.00199  0.50   94740     189   94645  3755912  39.64
  1978          34      0.00205  0.00205  0.50   94551     194   94454  3661266  38.72
  1978          35      0.00214  0.00214  0.50   94358     202   94257  3566812  37.80
  1978          36      0.00233  0.00233  0.50   94156     219   94046  3472555  36.88
  1978          37      0.00257  0.00257  0.50   93936     241   93816  3378509  35.97
  1978          38      0.00280  0.00280  0.50   93695     262   93564  3284693  35.06
  1978          39      0.00293  0.00292  0.50   93433     273   93296  3191129  34.15
  1978          40      0.00302  0.00302  0.50   93160     281   93019  3097833  33.25
  1978          41      0.00349  0.00348  0.50   92879     323   92717  3004814  32.35
  1978          42      0.00387  0.00386  0.50   92555     358   92377  2912097  31.46
  1978          43      0.00419  0.00418  0.50   92198     385   92005  2819720  30.58
  1978          44      0.00452  0.00451  0.50   91813     414   91605  2727715  29.71
  1978          45      0.00508  0.00507  0.50   91398     463   91167  2636110  28.84
  1978          46      0.00538  0.00537  0.50   90935     488   90691  2544943  27.99
  1978          47      0.00609  0.00607  0.50   90447     549   90172  2454252  27.13
  1978          48      0.00670  0.00668  0.50   89898     601   89598  2364080  26.30
  1978          49      0.00720  0.00718  0.50   89297     641   88977  2274482  25.47
  1978          50      0.00842  0.00839  0.50   88656     744   88285  2185506  24.65
  1978          51      0.00892  0.00888  0.50   87913     781   87522  2097221  23.86
  1978          52      0.00975  0.00970  0.50   87132     845   86709  2009699  23.07
  1978          53      0.01061  0.01056  0.50   86287     911   85831  1922989  22.29
  1978          54      0.01170  0.01163  0.50   85376     993   84879  1837158  21.52
  1978          55      0.01242  0.01234  0.50   84382    1041   83862  1752279  20.77
  1978          56      0.01376  0.01366  0.50   83341    1139   82772  1668418  20.02
  1978          57      0.01493  0.01482  0.50   82202    1218   81593  1585646  19.29
  1978          58      0.01627  0.01614  0.50   80984    1307   80331  1504053  18.57
  1978          59      0.01702  0.01688  0.50   79677    1345   79005  1423722  17.87
  1978          60      0.02067  0.02046  0.50   78333    1603   77531  1344717  17.17
  1978          61      0.02120  0.02098  0.50   76730    1609   75925  1267186  16.51
  1978          62      0.02349  0.02322  0.50   75121    1744   74249  1191260  15.86
  1978          63      0.02556  0.02524  0.50   73377    1852   72451  1117012  15.22
  1978          64      0.02778  0.02740  0.50   71525    1960   70545  1044561  14.60
  1978          65      0.02973  0.02930  0.50   69565    2038   68546   974016  14.00
  1978          66      0.03203  0.03152  0.50   67527    2129   66463   905470  13.41
  1978          67      0.03484  0.03425  0.50   65398    2240   64278   839007  12.83
  1978          68      0.03657  0.03591  0.50   63159    2268   62024   774729  12.27
  1978          69      0.03919  0.03844  0.50   60890    2340   59720   712704  11.70
  1978          70      0.04724  0.04615  0.50   58550    2702   57199   652984  11.15
  1978          71      0.04745  0.04635  0.50   55848    2589   54553   595785  10.67
  1978          72      0.05363  0.05223  0.50   53259    2782   51868   541232  10.16
  1978          73      0.05555  0.05405  0.50   50478    2728   49114   489364   9.69
  1978          74      0.06193  0.06007  0.50   47749    2868   46315   440250   9.22
  1978          75      0.06825  0.06600  0.50   44881    2962   43400   393935   8.78
  1978          76      0.07084  0.06841  0.50   41919    2868   40485   350535   8.36
  1978          77      0.07823  0.07528  0.50   39051    2940   37581   310050   7.94
  1978          78      0.07637  0.07356  0.50   36111    2656   34783   272469   7.55
  1978          79      0.08226  0.07901  0.50   33455    2643   32133   237686   7.10
  1978          80      0.09937  0.09466  0.50   30811    2917   29353   205553   6.67
  1978          81      0.10650  0.10112  0.50   27895    2821   26484   176200   6.32
  1978          82      0.11625  0.10987  0.50   25074    2755   23697   149715   5.97
  1978          83      0.12413  0.11688  0.50   22319    2609   21015   126018   5.65
  1978          84      0.13544  0.12685  0.50   19711    2500   18461   105003   5.33
  1978          85      0.14711  0.13703  0.50   17210    2358   16031    86543   5.03
  1978          86      0.15885  0.14717  0.50   14852    2186   13759    70512   4.75
  1978          87      0.17135  0.15783  0.50   12666    1999   11667    56752   4.48
  1978          88      0.18607  0.17023  0.50   10667    1816    9759    45086   4.23
  1978          89      0.20339  0.18462  0.50    8851    1634    8034    35326   3.99
  1978          90      0.21781  0.19642  0.50    7217    1418    6508    27292   3.78
  1978          91      0.22574  0.20285  0.50    5800    1176    5211    20784   3.58
  1978          92      0.24967  0.22197  0.50    4623    1026    4110    15572   3.37
  1978          93      0.27338  0.24051  0.50    3597     865    3164    11462   3.19
  1978          94      0.28728  0.25119  0.50    2732     686    2389     8298   3.04
  1978          95      0.30317  0.26326  0.50    2046     539    1776     5909   2.89
  1978          96      0.32300  0.27809  0.50    1507     419    1298     4133   2.74
  1978          97      0.34349  0.29315  0.50    1088     319     929     2835   2.61
  1978          98      0.36458  0.30837  0.50     769     237     650     1907   2.48
  1978          99      0.38620  0.32370  0.50     532     172     446     1256   2.36
  1978         100      0.40829  0.33907  0.50     360     122     299      810   2.25
  1978         101      0.43074  0.35441  0.50     238      84     196      512   2.15
  1978         102      0.45349  0.36967  0.50     153      57     125      316   2.06
  1978         103      0.47643  0.38477  0.50      97      37      78      191   1.97
  1978         104      0.49947  0.39966  0.50      60      24      48      113   1.89
  1978         105      0.52252  0.41428  0.50      36      15      28       65   1.82
  1978         106      0.54546  0.42858  0.50      21       9      16       37   1.75
  1978         107      0.56822  0.44250  0.50      12       5       9       20   1.70
  1978         108      0.59069  0.45601  0.50       7       3       5       11   1.64
  1978         109      0.61279  0.46907  0.50       4       2       3        6   1.60
  1978         110+     0.63444  1.00000  1.58       2       2       3        3   1.58
  1979           0      0.01475  0.01456  0.12  100000    1456   98718  7000741  70.01
  1979           1      0.00101  0.00101  0.50   98544      99   98494  6902023  70.04
  1979           2      0.00073  0.00073  0.50   98444      72   98408  6803529  69.11
  1979           3      0.00062  0.00062  0.50   98372      61   98342  6705121  68.16
  1979           4      0.00048  0.00048  0.50   98312      47   98288  6606779  67.20
  1979           5      0.00045  0.00045  0.50   98265      44   98242  6508491  66.23
  1979           6      0.00040  0.00040  0.50   98220      39   98201  6410248  65.26
  1979           7      0.00034  0.00034  0.50   98181      34   98164  6312048  64.29
  1979           8      0.00033  0.00033  0.50   98147      32   98131  6213883  63.31
  1979           9      0.00033  0.00033  0.50   98115      32   98099  6115752  62.33
  1979          10      0.00030  0.00030  0.50   98083      30   98068  6017653  61.35
  1979          11      0.00032  0.00032  0.50   98053      32   98037  5919585  60.37
  1979          12      0.00036  0.00036  0.50   98021      35   98004  5821548  59.39
  1979          13      0.00044  0.00044  0.50   97986      43   97964  5723544  58.41
  1979          14      0.00055  0.00055  0.50   97943      54   97916  5625580  57.44
  1979          15      0.00077  0.00077  0.50   97889      75   97852  5527664  56.47
  1979          16      0.00111  0.00111  0.50   97814     109   97760  5429812  55.51
  1979          17      0.00146  0.00146  0.50   97705     142   97634  5332052  54.57
  1979          18      0.00187  0.00187  0.50   97563     182   97472  5234418  53.65
  1979          19      0.00194  0.00194  0.50   97381     189   97286  5136947  52.75
  1979          20      0.00197  0.00197  0.50   97192     192   97096  5039660  51.85
  1979          21      0.00197  0.00197  0.50   97000     191   96905  4942564  50.95
  1979          22      0.00205  0.00205  0.50   96809     198   96710  4845660  50.05
  1979          23      0.00203  0.00203  0.50   96611     196   96513  4748950  49.16
  1979          24      0.00195  0.00195  0.50   96415     188   96321  4652437  48.25
  1979          25      0.00197  0.00197  0.50   96227     189   96132  4556116  47.35
  1979          26      0.00192  0.00192  0.50   96037     184   95945  4459984  46.44
  1979          27      0.00194  0.00194  0.50   95853     186   95760  4364039  45.53
  1979          28      0.00196  0.00196  0.50   95667     188   95573  4268279  44.62
  1979          29      0.00187  0.00186  0.50   95479     178   95390  4172706  43.70
  1979          30      0.00187  0.00187  0.50   95301     178   95212  4077317  42.78
  1979          31      0.00191  0.00190  0.50   95123     181   95032  3982105  41.86
  1979          32      0.00183  0.00183  0.50   94942     173   94855  3887072  40.94
  1979          33      0.00202  0.00202  0.50   94769     191   94673  3792217  40.02
  1979          34      0.00196  0.00196  0.50   94577     186   94484  3697544  39.10
  1979          35      0.00218  0.00218  0.50   94392     206   94289  3603060  38.17
  1979          36      0.00227  0.00227  0.50   94186     214   94079  3508771  37.25
  1979          37      0.00238  0.00238  0.50   93972     224   93860  3414693  36.34
  1979          38      0.00270  0.00270  0.50   93748     253   93621  3320833  35.42
  1979          39      0.00280  0.00279  0.50   93495     261   93364  3227212  34.52
  1979          40      0.00299  0.00298  0.50   93234     278   93095  3133848  33.61
  1979          41      0.00331  0.00330  0.50   92956     307   92802  3040753  32.71
  1979          42      0.00364  0.00363  0.50   92649     337   92480  2947951  31.82
  1979          43      0.00406  0.00405  0.50   92312     374   92125  2855470  30.93
  1979          44      0.00447  0.00446  0.50   91938     410   91733  2763345  30.06
  1979          45      0.00488  0.00487  0.50   91528     446   91305  2671612  29.19
  1979          46      0.00545  0.00543  0.50   91082     495   90834  2580308  28.33
  1979          47      0.00581  0.00579  0.50   90587     525   90324  2489474  27.48
  1979          48      0.00645  0.00642  0.50   90062     579   89773  2399149  26.64
  1979          49      0.00708  0.00705  0.50   89483     631   89168  2309376  25.81
  1979          50      0.00795  0.00792  0.50   88852     704   88500  2220209  24.99
  1979          51      0.00866  0.00862  0.50   88149     760   87769  2131708  24.18
  1979          52      0.00956  0.00951  0.50   87388     831   86973  2043940  23.39
  1979          53      0.01035  0.01030  0.50   86557     891   86111  1956967  22.61
  1979          54      0.01126  0.01119  0.50   85666     959   85186  1870855  21.84
  1979          55      0.01220  0.01212  0.50   84707    1027   84194  1785669  21.08
  1979          56      0.01298  0.01290  0.50   83680    1079   83140  1701475  20.33
  1979          57      0.01444  0.01434  0.50   82601    1184   82009  1618335  19.59
  1979          58      0.01594  0.01581  0.50   81417    1288   80773  1536326  18.87
  1979          59      0.01686  0.01672  0.50   80129    1340   79459  1455554  18.17
  1979          60      0.01904  0.01886  0.50   78789    1486   78046  1376095  17.47
  1979          61      0.02051  0.02030  0.50   77303    1569   76518  1298049  16.79
  1979          62      0.02278  0.02253  0.50   75734    1706   74881  1221531  16.13
  1979          63      0.02429  0.02400  0.50   74027    1777   73139  1146650  15.49
  1979          64      0.02676  0.02641  0.50   72251    1908   71297  1073511  14.86
  1979          65      0.02929  0.02887  0.50   70343    2031   69327  1002214  14.25
  1979          66      0.03101  0.03054  0.50   68312    2086   67269   932887  13.66
  1979          67      0.03327  0.03272  0.50   66226    2167   65142   865618  13.07
  1979          68      0.03589  0.03525  0.50   64059    2258   62930   800475  12.50
  1979          69      0.03810  0.03739  0.50   61801    2311   60645   737546  11.93
  1979          70      0.04444  0.04347  0.50   59490    2586   58197   676900  11.38
  1979          71      0.04599  0.04496  0.50   56904    2558   55625   618704  10.87
  1979          72      0.05164  0.05034  0.50   54345    2736   52978   563079  10.36
  1979          73      0.05426  0.05282  0.50   51610    2726   50247   510101   9.88
  1979          74      0.05931  0.05760  0.50   48884    2816   47476   459855   9.41
  1979          75      0.06516  0.06311  0.50   46068    2907   44614   412379   8.95
  1979          76      0.06919  0.06688  0.50   43161    2886   41717   367765   8.52
  1979          77      0.07343  0.07083  0.50   40274    2853   38848   326048   8.10
  1979          78      0.07649  0.07367  0.50   37421    2757   36043   287200   7.67
  1979          79      0.08269  0.07940  0.50   34665    2753   33288   251157   7.25
  1979          80      0.09524  0.09091  0.50   31912    2901   30461   217868   6.83
  1979          81      0.10429  0.09912  0.50   29011    2876   27573   187407   6.46
  1979          82      0.11136  0.10548  0.50   26135    2757   24757   159834   6.12
  1979          83      0.12238  0.11532  0.50   23378    2696   22030   135077   5.78
  1979          84      0.13100  0.12295  0.50   20682    2543   19411   113047   5.47
  1979          85      0.14118  0.13187  0.50   18140    2392   16944    93636   5.16
  1979          86      0.15562  0.14439  0.50   15747    2274   14611    76692   4.87
  1979          87      0.16709  0.15420  0.50   13474    2078   12435    62082   4.61
  1979          88      0.17727  0.16283  0.50   11396    1856   10468    49647   4.36
  1979          89      0.19343  0.17637  0.50    9540    1683    8699    39179   4.11
  1979          90      0.21223  0.19187  0.50    7858    1508    7104    30480   3.88
  1979          91      0.22253  0.20025  0.50    6350    1272    5714    23376   3.68
  1979          92      0.23868  0.21324  0.50    5078    1083    4537    17661   3.48
  1979          93      0.26144  0.23122  0.50    3996     924    3534    13124   3.28
  1979          94      0.27932  0.24509  0.50    3072     753    2695     9591   3.12
  1979          95      0.29298  0.25555  0.50    2319     593    2023     6896   2.97
  1979          96      0.31223  0.27007  0.50    1726     466    1493     4873   2.82
  1979          97      0.33215  0.28485  0.50    1260     359    1081     3380   2.68
  1979          98      0.35269  0.29982  0.50     901     270     766     2299   2.55
  1979          99      0.37379  0.31493  0.50     631     199     532     1533   2.43
  1979         100      0.39538  0.33012  0.50     432     143     361     1001   2.32
  1979         101      0.41739  0.34532  0.50     290     100     240      641   2.21
  1979         102      0.43973  0.36048  0.50     190      68     155      401   2.12
  1979         103      0.46232  0.37552  0.50     121      46      98      246   2.03
  1979         104      0.48506  0.39038  0.50      76      30      61      147   1.94
  1979         105      0.50787  0.40502  0.50      46      19      37       86   1.87
  1979         106      0.53064  0.41937  0.50      27      12      22       49   1.80
  1979         107      0.55329  0.43339  0.50      16       7      12       28   1.74
  1979         108      0.57572  0.44703  0.50       9       4       7       15   1.68
  1979         109      0.59783  0.46026  0.50       5       2       4        8   1.64
  1979         110+     0.61956  1.00000  1.61       3       3       4        4   1.61
  1980           0      0.01423  0.01405  0.12  100000    1405   98765  6998410  69.98
  1980           1      0.00108  0.00108  0.50   98595     106   98541  6899646  69.98
  1980           2      0.00074  0.00074  0.50   98488      72   98452  6801105  69.06
  1980           3      0.00059  0.00059  0.50   98416      58   98387  6702653  68.11
  1980           4      0.00046  0.00046  0.50   98357      45   98335  6604266  67.15
  1980           5      0.00038  0.00038  0.50   98312      37   98294  6505931  66.18
  1980           6      0.00037  0.00037  0.50   98275      37   98257  6407638  65.20
  1980           7      0.00036  0.00036  0.50   98238      35   98221  6309381  64.23
  1980           8      0.00035  0.00035  0.50   98203      34   98186  6211160  63.25
  1980           9      0.00032  0.00032  0.50   98169      31   98154  6112973  62.27
  1980          10      0.00030  0.00030  0.50   98138      29   98124  6014820  61.29
  1980          11      0.00031  0.00031  0.50   98109      30   98094  5916696  60.31
  1980          12      0.00035  0.00035  0.50   98079      34   98062  5818602  59.33
  1980          13      0.00040  0.00040  0.50   98045      39   98025  5720540  58.35
  1980          14      0.00055  0.00055  0.50   98005      54   97978  5622515  57.37
  1980          15      0.00073  0.00073  0.50   97951      71   97916  5524537  56.40
  1980          16      0.00115  0.00115  0.50   97880     112   97824  5426621  55.44
  1980          17      0.00143  0.00142  0.50   97768     139   97698  5328797  54.50
  1980          18      0.00184  0.00184  0.50   97628     179   97539  5231099  53.58
  1980          19      0.00190  0.00190  0.50   97449     185   97356  5133561  52.68
  1980          20      0.00200  0.00200  0.50   97264     194   97167  5036205  51.78
  1980          21      0.00206  0.00205  0.50   97070     199   96970  4939038  50.88
  1980          22      0.00206  0.00206  0.50   96870     200   96770  4842068  49.99
  1980          23      0.00205  0.00205  0.50   96671     198   96572  4745298  49.09
  1980          24      0.00198  0.00198  0.50   96473     191   96378  4648726  48.19
  1980          25      0.00199  0.00199  0.50   96282     192   96187  4552348  47.28
  1980          26      0.00196  0.00195  0.50   96091     188   95997  4456161  46.37
  1980          27      0.00197  0.00197  0.50   95903     189   95808  4360165  45.46
  1980          28      0.00195  0.00195  0.50   95714     186   95621  4264356  44.55
  1980          29      0.00187  0.00187  0.50   95528     178   95439  4168735  43.64
  1980          30      0.00188  0.00188  0.50   95349     179   95260  4073297  42.72
  1980          31      0.00189  0.00189  0.50   95170     180   95080  3978037  41.80
  1980          32      0.00197  0.00197  0.50   94991     187   94897  3882956  40.88
  1980          33      0.00194  0.00193  0.50   94804     183   94712  3788059  39.96
  1980          34      0.00203  0.00203  0.50   94621     192   94525  3693347  39.03
  1980          35      0.00214  0.00214  0.50   94429     202   94328  3598823  38.11
  1980          36      0.00232  0.00231  0.50   94227     218   94118  3504495  37.19
  1980          37      0.00241  0.00240  0.50   94009     226   93896  3410377  36.28
  1980          38      0.00260  0.00260  0.50   93783     244   93661  3316481  35.36
  1980          39      0.00279  0.00279  0.50   93540     261   93409  3222820  34.45
  1980          40      0.00306  0.00306  0.50   93279     285   93136  3129411  33.55
  1980          41      0.00334  0.00333  0.50   92993     310   92839  3036275  32.65
  1980          42      0.00361  0.00360  0.50   92684     334   92517  2943436  31.76
  1980          43      0.00390  0.00390  0.50   92350     360   92170  2850919  30.87
  1980          44      0.00427  0.00426  0.50   91990     392   91794  2758749  29.99
  1980          45      0.00494  0.00493  0.50   91599     452   91373  2666954  29.12
  1980          46      0.00502  0.00501  0.50   91147     456   90919  2575582  28.26
  1980          47      0.00576  0.00574  0.50   90691     521   90430  2484663  27.40
  1980          48      0.00662  0.00660  0.50   90170     595   89872  2394232  26.55
  1980          49      0.00684  0.00682  0.50   89575     611   89269  2304360  25.73
  1980          50      0.00783  0.00780  0.50   88964     694   88617  2215091  24.90
  1980          51      0.00853  0.00849  0.50   88270     749   87895  2126474  24.09
  1980          52      0.00944  0.00940  0.50   87521     823   87109  2038578  23.29
  1980          53      0.01021  0.01015  0.50   86698     880   86258  1951469  22.51
  1980          54      0.01122  0.01116  0.50   85818     958   85339  1865211  21.73
  1980          55      0.01244  0.01236  0.50   84860    1049   84335  1779873  20.97
  1980          56      0.01343  0.01334  0.50   83811    1118   83252  1695537  20.23
  1980          57      0.01416  0.01406  0.50   82693    1163   82112  1612285  19.50
  1980          58      0.01627  0.01614  0.50   81530    1316   80872  1530174  18.77
  1980          59      0.01709  0.01694  0.50   80215    1359   79535  1449301  18.07
  1980          60      0.01900  0.01882  0.50   78855    1484   78113  1369766  17.37
  1980          61      0.01981  0.01962  0.50   77371    1518   76612  1291653  16.69
  1980          62      0.02283  0.02257  0.50   75853    1712   74997  1215041  16.02
  1980          63      0.02389  0.02361  0.50   74141    1751   73266  1140043  15.38
  1980          64      0.02614  0.02581  0.50   72391    1868   71457  1066777  14.74
  1980          65      0.02901  0.02860  0.50   70522    2017   69514   995321  14.11
  1980          66      0.03150  0.03101  0.50   68506    2124   67444   925807  13.51
  1980          67      0.03411  0.03354  0.50   66381    2226   65268   858363  12.93
  1980          68      0.03632  0.03567  0.50   64155    2289   63011   793095  12.36
  1980          69      0.03934  0.03858  0.50   61867    2387   60673   730084  11.80
  1980          70      0.04436  0.04340  0.50   59480    2582   58189   669411  11.25
  1980          71      0.04569  0.04467  0.50   56898    2542   55627   611222  10.74
  1980          72      0.05199  0.05067  0.50   54356    2754   52979   555594  10.22
  1980          73      0.05544  0.05395  0.50   51602    2784   50210   502615   9.74
  1980          74      0.05865  0.05698  0.50   48819    2782   47428   452405   9.27
  1980          75      0.06462  0.06260  0.50   46037    2882   44596   404977   8.80
  1980          76      0.07035  0.06796  0.50   43155    2933   41689   360381   8.35
  1980          77      0.07647  0.07365  0.50   40222    2963   38741   318692   7.92
  1980          78      0.07738  0.07450  0.50   37260    2776   35872   279951   7.51
  1980          79      0.08667  0.08307  0.50   34484    2865   33052   244079   7.08
  1980          80      0.09865  0.09402  0.50   31620    2973   30133   211027   6.67
  1980          81      0.10423  0.09907  0.50   28647    2838   27228   180894   6.31
  1980          82      0.11501  0.10875  0.50   25809    2807   24405   153666   5.95
  1980          83      0.12469  0.11737  0.50   23002    2700   21652   129261   5.62
  1980          84      0.13693  0.12815  0.50   20302    2602   19001   107609   5.30
  1980          85      0.14676  0.13673  0.50   17700    2420   16490    88607   5.01
  1980          86      0.16104  0.14904  0.50   15280    2277   14142    72117   4.72
  1980          87      0.17467  0.16064  0.50   13003    2089   11959    57975   4.46
  1980          88      0.18611  0.17027  0.50   10914    1858    9985    46017   4.22
  1980          89      0.19713  0.17945  0.50    9056    1625    8243    36032   3.98
  1980          90      0.21582  0.19480  0.50    7431    1448    6707    27789   3.74
  1980          91      0.23567  0.21083  0.50    5983    1261    5353    21082   3.52
  1980          92      0.25045  0.22258  0.50    4722    1051    4196    15729   3.33
  1980          93      0.27233  0.23969  0.50    3671     880    3231    11533   3.14
  1980          94      0.29631  0.25808  0.50    2791     720    2431     8302   2.97
  1980          95      0.30906  0.26769  0.50    2071     554    1794     5871   2.84
  1980          96      0.32969  0.28303  0.50    1516     429    1302     4077   2.69
  1980          97      0.35099  0.29859  0.50    1087     325     925     2776   2.55
  1980          98      0.37291  0.31431  0.50     763     240     643     1851   2.43
  1980          99      0.39537  0.33011  0.50     523     173     437     1208   2.31
  1980         100      0.41827  0.34592  0.50     350     121     290      771   2.20
  1980         101      0.44153  0.36168  0.50     229      83     188      482   2.10
  1980         102      0.46505  0.37732  0.50     146      55     119      294   2.01
  1980         103      0.48873  0.39275  0.50      91      36      73      175   1.93
  1980         104      0.51246  0.40793  0.50      55      23      44      102   1.85
  1980         105      0.53613  0.42279  0.50      33      14      26       58   1.78
  1980         106      0.55964  0.43728  0.50      19       8      15       32   1.71
  1980         107      0.58289  0.45135  0.50      11       5       8       18   1.65
  1980         108      0.60577  0.46495  0.50       6       3       4        9   1.60
  1980         109      0.62820  0.47805  0.50       3       1       2        5   1.56
  1980         110+     0.65009  1.00000  1.54       2       2       3        3   1.54
  1981           0      0.01324  0.01308  0.12  100000    1308   98852  7040629  70.41
  1981           1      0.00100  0.00099  0.50   98692      98   98643  6941777  70.34
  1981           2      0.00071  0.00071  0.50   98593      70   98558  6843134  69.41
  1981           3      0.00052  0.00052  0.50   98523      51   98498  6744576  68.46
  1981           4      0.00047  0.00047  0.50   98472      46   98449  6646078  67.49
  1981           5      0.00038  0.00038  0.50   98426      37   98407  6547629  66.52
  1981           6      0.00037  0.00037  0.50   98388      37   98370  6449222  65.55
  1981           7      0.00033  0.00033  0.50   98352      32   98335  6350852  64.57
  1981           8      0.00034  0.00034  0.50   98319      33   98303  6252516  63.59
  1981           9      0.00029  0.00029  0.50   98286      29   98272  6154213  62.62
  1981          10      0.00029  0.00029  0.50   98257      29   98243  6055942  61.63
  1981          11      0.00031  0.00031  0.50   98229      30   98213  5957699  60.65
  1981          12      0.00035  0.00035  0.50   98198      34   98181  5859485  59.67
  1981          13      0.00042  0.00042  0.50   98164      41   98144  5761304  58.69
  1981          14      0.00048  0.00048  0.50   98123      47   98100  5663160  57.71
  1981          15      0.00066  0.00066  0.50   98076      65   98044  5565060  56.74
  1981          16      0.00099  0.00098  0.50   98012      97   97963  5467016  55.78
  1981          17      0.00130  0.00130  0.50   97915     128   97851  5369053  54.83
  1981          18      0.00170  0.00170  0.50   97787     166   97704  5271202  53.90
  1981          19      0.00171  0.00171  0.50   97621     167   97538  5173497  53.00
  1981          20      0.00178  0.00178  0.50   97454     174   97367  5075960  52.09
  1981          21      0.00190  0.00190  0.50   97280     185   97188  4978592  51.18
  1981          22      0.00191  0.00191  0.50   97096     185   97003  4881404  50.27
  1981          23      0.00185  0.00185  0.50   96910     179   96821  4784401  49.37
  1981          24      0.00190  0.00190  0.50   96731     183   96640  4687581  48.46
  1981          25      0.00192  0.00192  0.50   96548     185   96455  4590941  47.55
  1981          26      0.00184  0.00183  0.50   96362     177   96274  4494486  46.64
  1981          27      0.00188  0.00187  0.50   96186     180   96095  4398212  45.73
  1981          28      0.00199  0.00199  0.50   96005     191   95910  4302117  44.81
  1981          29      0.00186  0.00186  0.50   95814     178   95725  4206207  43.90
  1981          30      0.00190  0.00190  0.50   95636     182   95545  4110482  42.98
  1981          31      0.00191  0.00191  0.50   95454     182   95363  4014936  42.06
  1981          32      0.00192  0.00192  0.50   95272     183   95181  3919573  41.14
  1981          33      0.00193  0.00193  0.50   95090     184   94998  3824392  40.22
  1981          34      0.00194  0.00194  0.50   94906     184   94814  3729394  39.30
  1981          35      0.00205  0.00205  0.50   94722     194   94625  3634580  38.37
  1981          36      0.00229  0.00229  0.50   94528     217   94419  3539956  37.45
  1981          37      0.00237  0.00237  0.50   94311     223   94199  3445536  36.53
  1981          38      0.00262  0.00262  0.50   94088     246   93964  3351337  35.62
  1981          39      0.00270  0.00270  0.50   93841     253   93715  3257372  34.71
  1981          40      0.00296  0.00295  0.50   93588     276   93450  3163658  33.80
  1981          41      0.00336  0.00335  0.50   93312     313   93156  3070207  32.90
  1981          42      0.00355  0.00354  0.50   92999     329   92835  2977052  32.01
  1981          43      0.00378  0.00378  0.50   92670     350   92495  2884217  31.12
  1981          44      0.00412  0.00411  0.50   92320     380   92130  2791722  30.24
  1981          45      0.00469  0.00468  0.50   91940     430   91725  2699592  29.36
  1981          46      0.00511  0.00510  0.50   91510     466   91277  2607867  28.50
  1981          47      0.00574  0.00573  0.50   91044     521   90783  2516590  27.64
  1981          48      0.00647  0.00645  0.50   90522     584   90230  2425807  26.80
  1981          49      0.00669  0.00667  0.50   89939     600   89639  2335577  25.97
  1981          50      0.00753  0.00750  0.50   89339     670   89004  2245938  25.14
  1981          51      0.00828  0.00825  0.50   88669     731   88304  2156934  24.33
  1981          52      0.00917  0.00913  0.50   87938     803   87537  2068630  23.52
  1981          53      0.00991  0.00986  0.50   87135     859   86705  1981094  22.74
  1981          54      0.01099  0.01093  0.50   86276     943   85804  1894388  21.96
  1981          55      0.01225  0.01217  0.50   85333    1039   84814  1808584  21.19
  1981          56      0.01311  0.01302  0.50   84294    1098   83746  1723770  20.45
  1981          57      0.01417  0.01407  0.50   83197    1171   82611  1640025  19.71
  1981          58      0.01560  0.01548  0.50   82026    1270   81391  1557413  18.99
  1981          59      0.01672  0.01658  0.50   80756    1339   80087  1476022  18.28
  1981          60      0.01791  0.01775  0.50   79417    1409   78712  1395935  17.58
  1981          61      0.01989  0.01969  0.50   78008    1536   77240  1317223  16.89
  1981          62      0.02202  0.02178  0.50   76472    1665   75639  1239983  16.21
  1981          63      0.02391  0.02363  0.50   74806    1767   73923  1164344  15.56
  1981          64      0.02515  0.02484  0.50   73039    1814   72132  1090421  14.93
  1981          65      0.02787  0.02749  0.50   71225    1958   70246  1018289  14.30
  1981          66      0.03092  0.03045  0.50   69267    2109   68212   948043  13.69
  1981          67      0.03315  0.03261  0.50   67158    2190   66063   879831  13.10
  1981          68      0.03588  0.03524  0.50   64968    2290   63823   813768  12.53
  1981          69      0.03801  0.03731  0.50   62678    2338   61509   749945  11.97
  1981          70      0.04277  0.04187  0.50   60340    2527   59077   688436  11.41
  1981          71      0.04596  0.04493  0.50   57813    2598   56514   629360  10.89
  1981          72      0.04886  0.04769  0.50   55215    2633   53899   572845  10.37
  1981          73      0.05536  0.05387  0.50   52582    2832   51166   518946   9.87
  1981          74      0.05757  0.05596  0.50   49750    2784   48358   467780   9.40
  1981          75      0.06245  0.06056  0.50   46966    2844   45544   419423   8.93
  1981          76      0.06863  0.06636  0.50   44122    2928   42658   373879   8.47
  1981          77      0.07335  0.07075  0.50   41194    2915   39737   331221   8.04
  1981          78      0.07895  0.07595  0.50   38279    2907   36826   291484   7.61
  1981          79      0.08295  0.07965  0.50   35372    2817   33963   254658   7.20
  1981          80      0.09779  0.09323  0.50   32555    3035   31037   220695   6.78
  1981          81      0.10508  0.09984  0.50   29520    2947   28046   189658   6.42
  1981          82      0.11105  0.10521  0.50   26572    2796   25175   161612   6.08
  1981          83      0.12304  0.11591  0.50   23777    2756   22399   136437   5.74
  1981          84      0.13189  0.12373  0.50   21021    2601   19720   114038   5.43
  1981          85      0.14314  0.13358  0.50   18420    2461   17190    94318   5.12
  1981          86      0.15681  0.14541  0.50   15959    2321   14799    77129   4.83
  1981          87      0.16768  0.15471  0.50   13639    2110   12584    62330   4.57
  1981          88      0.18124  0.16618  0.50   11529    1916   10571    49746   4.32
  1981          89      0.19783  0.18002  0.50    9613    1730    8748    39175   4.08
  1981          90      0.20492  0.18587  0.50    7882    1465    7150    30428   3.86
  1981          91      0.22629  0.20329  0.50    6417    1305    5765    23278   3.63
  1981          92      0.24487  0.21816  0.50    5113    1115    4555    17513   3.43
  1981          93      0.26552  0.23440  0.50    3997     937    3529    12958   3.24
  1981          94      0.28376  0.24850  0.50    3060     760    2680     9429   3.08
  1981          95      0.29740  0.25890  0.50    2300     595    2002     6749   2.93
  1981          96      0.31700  0.27363  0.50    1704     466    1471     4747   2.79
  1981          97      0.33726  0.28860  0.50    1238     357    1059     3276   2.65
  1981          98      0.35814  0.30375  0.50     881     268     747     2217   2.52
  1981          99      0.37958  0.31903  0.50     613     196     515     1470   2.40
  1981         100      0.40149  0.33437  0.50     418     140     348      954   2.29
  1981         101      0.42381  0.34970  0.50     278      97     229      607   2.18
  1981         102      0.44644  0.36497  0.50     181      66     148      377   2.09
  1981         103      0.46929  0.38010  0.50     115      44      93      229   2.00
  1981         104      0.49228  0.39504  0.50      71      28      57      136   1.92
  1981         105      0.51529  0.40973  0.50      43      18      34       79   1.84
  1981         106      0.53825  0.42411  0.50      25      11      20       45   1.78
  1981         107      0.56104  0.43813  0.50      15       6      11       25   1.71
  1981         108      0.58357  0.45176  0.50       8       4       6       14   1.66
  1981         109      0.60577  0.46494  0.50       5       2       3        7   1.62
  1981         110+     0.62753  1.00000  1.59       2       2       4        4   1.59
  1982           0      0.01291  0.01277  0.12  100000    1277   98881  7080187  70.80
  1982           1      0.00097  0.00097  0.50   98723      96   98675  6981306  70.72
  1982           2      0.00065  0.00065  0.50   98627      64   98595  6882631  69.78
  1982           3      0.00051  0.00051  0.50   98563      51   98538  6784036  68.83
  1982           4      0.00041  0.00041  0.50   98512      40   98492  6685498  67.86
  1982           5      0.00036  0.00036  0.50   98472      35   98455  6587006  66.89
  1982           6      0.00034  0.00034  0.50   98437      33   98421  6488551  65.92
  1982           7      0.00034  0.00034  0.50   98404      33   98387  6390130  64.94
  1982           8      0.00030  0.00030  0.50   98371      30   98356  6291743  63.96
  1982           9      0.00031  0.00031  0.50   98341      30   98326  6193387  62.98
  1982          10      0.00025  0.00025  0.50   98311      25   98298  6095061  62.00
  1982          11      0.00028  0.00028  0.50   98286      28   98272  5996762  61.01
  1982          12      0.00033  0.00033  0.50   98258      33   98242  5898490  60.03
  1982          13      0.00038  0.00038  0.50   98225      38   98207  5800248  59.05
  1982          14      0.00050  0.00050  0.50   98188      49   98164  5702042  58.07
  1982          15      0.00064  0.00064  0.50   98139      63   98108  5603878  57.10
  1982          16      0.00092  0.00092  0.50   98077      90   98031  5505770  56.14
  1982          17      0.00124  0.00124  0.50   97986     122   97925  5407739  55.19
  1982          18      0.00162  0.00161  0.50   97865     158   97786  5309814  54.26
  1982          19      0.00165  0.00165  0.50   97707     161   97626  5212028  53.34
  1982          20      0.00163  0.00163  0.50   97546     159   97466  5114402  52.43
  1982          21      0.00176  0.00176  0.50   97386     171   97301  5016936  51.52
  1982          22      0.00176  0.00176  0.50   97215     171   97130  4919635  50.61
  1982          23      0.00179  0.00179  0.50   97044     174   96958  4822505  49.69
  1982          24      0.00173  0.00173  0.50   96871     167   96787  4725548  48.78
  1982          25      0.00172  0.00172  0.50   96703     167   96620  4628761  47.87
  1982          26      0.00169  0.00169  0.50   96537     163   96455  4532140  46.95
  1982          27      0.00174  0.00174  0.50   96374     167   96290  4435685  46.03
  1982          28      0.00185  0.00185  0.50   96206     178   96117  4339395  45.11
  1982          29      0.00176  0.00176  0.50   96029     169   95944  4243278  44.19
  1982          30      0.00180  0.00180  0.50   95860     172   95774  4147333  43.26
  1982          31      0.00187  0.00187  0.50   95688     179   95598  4051560  42.34
  1982          32      0.00193  0.00192  0.50   95509     184   95417  3955961  41.42
  1982          33      0.00191  0.00190  0.50   95325     182   95234  3860544  40.50
  1982          34      0.00184  0.00183  0.50   95144     175   95056  3765310  39.58
  1982          35      0.00196  0.00196  0.50   94969     186   94876  3670254  38.65
  1982          36      0.00222  0.00221  0.50   94783     210   94678  3575378  37.72
  1982          37      0.00224  0.00224  0.50   94573     212   94467  3480700  36.80
  1982          38      0.00253  0.00253  0.50   94362     239   94242  3386232  35.89
  1982          39      0.00254  0.00253  0.50   94123     238   94004  3291990  34.98
  1982          40      0.00277  0.00277  0.50   93884     260   93755  3197987  34.06
  1982          41      0.00305  0.00305  0.50   93625     285   93482  3104232  33.16
  1982          42      0.00337  0.00336  0.50   93340     314   93183  3010750  32.26
  1982          43      0.00365  0.00364  0.50   93026     339   92856  2917567  31.36
  1982          44      0.00387  0.00386  0.50   92687     358   92508  2824711  30.48
  1982          45      0.00439  0.00438  0.50   92329     404   92127  2732203  29.59
  1982          46      0.00481  0.00480  0.50   91925     442   91704  2640075  28.72
  1982          47      0.00540  0.00539  0.50   91484     493   91237  2548371  27.86
  1982          48      0.00613  0.00611  0.50   90990     556   90712  2457134  27.00
  1982          49      0.00657  0.00655  0.50   90434     593   90138  2366422  26.17
  1982          50      0.00713  0.00710  0.50   89842     638   89523  2276284  25.34
  1982          51      0.00795  0.00792  0.50   89204     707   88850  2186761  24.51
  1982          52      0.00914  0.00910  0.50   88497     805   88094  2097911  23.71
  1982          53      0.00951  0.00946  0.50   87692     830   87277  2009816  22.92
  1982          54      0.01050  0.01044  0.50   86862     907   86408  1922540  22.13
  1982          55      0.01161  0.01154  0.50   85955     992   85459  1836131  21.36
  1982          56      0.01280  0.01272  0.50   84962    1080   84422  1750673  20.61
  1982          57      0.01366  0.01357  0.50   83882    1138   83313  1666250  19.86
  1982          58      0.01560  0.01548  0.50   82744    1281   82103  1582937  19.13
  1982          59      0.01606  0.01594  0.50   81463    1298   80814  1500834  18.42
  1982          60      0.01784  0.01769  0.50   80165    1418   79456  1420020  17.71
  1982          61      0.01939  0.01921  0.50   78747    1512   77991  1340564  17.02
  1982          62      0.02252  0.02227  0.50   77235    1720   76375  1262573  16.35
  1982          63      0.02259  0.02234  0.50   75515    1687   74671  1186199  15.71
  1982          64      0.02465  0.02435  0.50   73828    1798   72929  1111528  15.06
  1982          65      0.02684  0.02649  0.50   72030    1908   71076  1038599  14.42
  1982          66      0.02976  0.02933  0.50   70122    2056   69094   967523  13.80
  1982          67      0.03271  0.03219  0.50   68065    2191   66970   898429  13.20
  1982          68      0.03588  0.03525  0.50   65875    2322   64714   831459  12.62
  1982          69      0.03816  0.03744  0.50   63553    2380   62363   766746  12.06
  1982          70      0.04130  0.04046  0.50   61173    2475   59935   704383  11.51
  1982          71      0.04506  0.04406  0.50   58698    2586   57405   644447  10.98
  1982          72      0.04877  0.04761  0.50   56112    2672   54776   587043  10.46
  1982          73      0.05371  0.05230  0.50   53440    2795   52042   532267   9.96
  1982          74      0.05695  0.05537  0.50   50645    2804   49243   480224   9.48
  1982          75      0.06171  0.05986  0.50   47841    2864   46409   430982   9.01
  1982          76      0.06692  0.06476  0.50   44977    2913   43521   384573   8.55
  1982          77      0.07353  0.07092  0.50   42064    2983   40573   341052   8.11
  1982          78      0.07866  0.07568  0.50   39081    2958   37602   300480   7.69
  1982          79      0.08461  0.08118  0.50   36123    2932   34657   262877   7.28
  1982          80      0.09303  0.08889  0.50   33191    2950   31716   228220   6.88
  1982          81      0.10346  0.09837  0.50   30240    2975   28753   196505   6.50
  1982          82      0.11208  0.10613  0.50   27266    2894   25819   167752   6.15
  1982          83      0.11959  0.11285  0.50   24372    2750   22997   141933   5.82
  1982          84      0.13147  0.12336  0.50   21621    2667   20288   118936   5.50
  1982          85      0.14100  0.13171  0.50   18954    2497   17706    98649   5.20
  1982          86      0.15369  0.14272  0.50   16458    2349   15283    80943   4.92
  1982          87      0.16392  0.15151  0.50   14109    2138   13040    65660   4.65
  1982          88      0.17649  0.16218  0.50   11971    1942   11000    52620   4.40
  1982          89      0.19252  0.17561  0.50   10030    1761    9149    41619   4.15
  1982          90      0.20418  0.18527  0.50    8268    1532    7502    32470   3.93
  1982          91      0.21828  0.19680  0.50    6737    1326    6074    24968   3.71
  1982          92      0.23868  0.21323  0.50    5411    1154    4834    18894   3.49
  1982          93      0.25705  0.22777  0.50    4257     970    3772    14060   3.30
  1982          94      0.28002  0.24563  0.50    3287     807    2884    10288   3.13
  1982          95      0.29138  0.25433  0.50    2480     631    2165     7404   2.99
  1982          96      0.31065  0.26888  0.50    1849     497    1601     5240   2.83
  1982          97      0.33059  0.28370  0.50    1352     384    1160     3639   2.69
  1982          98      0.35117  0.29872  0.50     968     289     824     2479   2.56
  1982          99      0.37231  0.31388  0.50     679     213     573     1655   2.44
  1982         100      0.39395  0.32912  0.50     466     153     389     1083   2.32
  1982         101      0.41602  0.34438  0.50     313     108     259      693   2.22
  1982         102      0.43843  0.35960  0.50     205      74     168      435   2.12
  1982         103      0.46109  0.37471  0.50     131      49     107      266   2.03
  1982         104      0.48392  0.38964  0.50      82      32      66      160   1.95
  1982         105      0.50681  0.40435  0.50      50      20      40       94   1.87
  1982         106      0.52967  0.41877  0.50      30      12      24       54   1.80
  1982         107      0.55241  0.43286  0.50      17       8      14       30   1.74
  1982         108      0.57494  0.44656  0.50      10       4       8       17   1.69
  1982         109      0.59715  0.45985  0.50       5       3       4        9   1.64
  1982         110+     0.61898  1.00000  1.62       3       3       5        5   1.62
  1983           0      0.01232  0.01219  0.12  100000    1219   98933  7096591  70.97
  1983           1      0.00093  0.00093  0.50   98781      92   98735  6997658  70.84
  1983           2      0.00066  0.00066  0.50   98689      65   98656  6898924  69.91
  1983           3      0.00053  0.00053  0.50   98624      52   98598  6800267  68.95
  1983           4      0.00042  0.00042  0.50   98572      41   98551  6701670  67.99
  1983           5      0.00036  0.00036  0.50   98531      36   98513  6603118  67.02
  1983           6      0.00031  0.00031  0.50   98495      31   98480  6504605  66.04
  1983           7      0.00031  0.00031  0.50   98465      31   98449  6406125  65.06
  1983           8      0.00029  0.00029  0.50   98434      29   98419  6307676  64.08
  1983           9      0.00026  0.00026  0.50   98405      25   98392  6209257  63.10
  1983          10      0.00026  0.00026  0.50   98380      25   98367  6110865  62.12
  1983          11      0.00027  0.00027  0.50   98354      26   98341  6012498  61.13
  1983          12      0.00032  0.00032  0.50   98328      32   98312  5914157  60.15
  1983          13      0.00038  0.00038  0.50   98296      38   98277  5815845  59.17
  1983          14      0.00047  0.00047  0.50   98258      46   98235  5717568  58.19
  1983          15      0.00062  0.00062  0.50   98213      61   98182  5619333  57.22
  1983          16      0.00089  0.00089  0.50   98152      87   98108  5521151  56.25
  1983          17      0.00115  0.00115  0.50   98064     113   98008  5423043  55.30
  1983          18      0.00145  0.00145  0.50   97952     142   97881  5325035  54.36
  1983          19      0.00156  0.00155  0.50   97810     152   97734  5227154  53.44
  1983          20      0.00154  0.00154  0.50   97658     151   97583  5129420  52.52
  1983          21      0.00161  0.00160  0.50   97507     156   97429  5031837  51.60
  1983          22      0.00162  0.00162  0.50   97351     157   97272  4934408  50.69
  1983          23      0.00169  0.00169  0.50   97193     164   97111  4837136  49.77
  1983          24      0.00159  0.00159  0.50   97029     154   96952  4740025  48.85
  1983          25      0.00163  0.00163  0.50   96875     158   96796  4643073  47.93
  1983          26      0.00165  0.00165  0.50   96718     160   96638  4546276  47.01
  1983          27      0.00166  0.00166  0.50   96558     160   96478  4449638  46.08
  1983          28      0.00175  0.00175  0.50   96397     169   96313  4353161  45.16
  1983          29      0.00165  0.00164  0.50   96229     158   96149  4256848  44.24
  1983          30      0.00170  0.00170  0.50   96070     163   95989  4160698  43.31
  1983          31      0.00179  0.00179  0.50   95907     171   95821  4064710  42.38
  1983          32      0.00187  0.00186  0.50   95736     178   95646  3968888  41.46
  1983          33      0.00194  0.00193  0.50   95557     185   95465  3873242  40.53
  1983          34      0.00186  0.00186  0.50   95372     177   95284  3777777  39.61
  1983          35      0.00195  0.00195  0.50   95195     186   95102  3682494  38.68
  1983          36      0.00195  0.00195  0.50   95009     186   94916  3587391  37.76
  1983          37      0.00225  0.00225  0.50   94824     214   94717  3492475  36.83
  1983          38      0.00247  0.00247  0.50   94610     234   94493  3397758  35.91
  1983          39      0.00253  0.00252  0.50   94376     238   94257  3303265  35.00
  1983          40      0.00268  0.00268  0.50   94138     252   94012  3209008  34.09
  1983          41      0.00310  0.00309  0.50   93886     290   93741  3114995  33.18
  1983          42      0.00326  0.00325  0.50   93596     304   93444  3021254  32.28
  1983          43      0.00361  0.00361  0.50   93292     337   93123  2927810  31.38
  1983          44      0.00377  0.00376  0.50   92955     350   92780  2834687  30.50
  1983          45      0.00421  0.00420  0.50   92606     389   92411  2741907  29.61
  1983          46      0.00468  0.00467  0.50   92217     431   92002  2649495  28.73
  1983          47      0.00522  0.00521  0.50   91786     478   91547  2557494  27.86
  1983          48      0.00601  0.00600  0.50   91308     547   91034  2465946  27.01
  1983          49      0.00625  0.00623  0.50   90761     566   90478  2374912  26.17
  1983          50      0.00700  0.00697  0.50   90195     629   89881  2284434  25.33
  1983          51      0.00794  0.00790  0.50   89566     708   89212  2194554  24.50
  1983          52      0.00854  0.00850  0.50   88858     755   88480  2105341  23.69
  1983          53      0.00959  0.00955  0.50   88103     841   87682  2016861  22.89
  1983          54      0.01010  0.01005  0.50   87261     877   86823  1929179  22.11
  1983          55      0.01163  0.01156  0.50   86385     999   85885  1842356  21.33
  1983          56      0.01279  0.01271  0.50   85386    1085   84843  1756470  20.57
  1983          57      0.01363  0.01354  0.50   84301    1142   83730  1671627  19.83
  1983          58      0.01550  0.01538  0.50   83159    1279   82519  1587897  19.09
  1983          59      0.01621  0.01608  0.50   81880    1317   81221  1505378  18.39
  1983          60      0.01755  0.01740  0.50   80563    1402   79862  1424156  17.68
  1983          61      0.01906  0.01888  0.50   79161    1495   78414  1344294  16.98
  1983          62      0.02192  0.02168  0.50   77667    1684   76825  1265880  16.30
  1983          63      0.02360  0.02332  0.50   75983    1772   75097  1189055  15.65
  1983          64      0.02414  0.02386  0.50   74211    1770   73325  1113959  15.01
  1983          65      0.02688  0.02653  0.50   72440    1922   71479  1040633  14.37
  1983          66      0.02887  0.02846  0.50   70519    2007   69515   969154  13.74
  1983          67      0.03198  0.03147  0.50   68511    2156   67433   899639  13.13
  1983          68      0.03548  0.03486  0.50   66355    2313   65198   832206  12.54
  1983          69      0.03856  0.03783  0.50   64042    2423   62830   767007  11.98
  1983          70      0.04191  0.04105  0.50   61619    2529   60354   704177  11.43
  1983          71      0.04446  0.04349  0.50   59090    2570   57805   643822  10.90
  1983          72      0.04938  0.04819  0.50   56520    2724   55158   586017  10.37
  1983          73      0.05426  0.05283  0.50   53796    2842   52375   530859   9.87
  1983          74      0.05739  0.05579  0.50   50954    2843   49533   478484   9.39
  1983          75      0.06312  0.06119  0.50   48112    2944   46640   428951   8.92
  1983          76      0.06822  0.06597  0.50   45168    2980   43678   382311   8.46
  1983          77      0.07270  0.07015  0.50   42188    2959   40708   338634   8.03
  1983          78      0.07924  0.07622  0.50   39228    2990   37733   297926   7.59
  1983          79      0.08648  0.08289  0.50   36238    3004   34736   260192   7.18
  1983          80      0.09572  0.09135  0.50   33235    3036   31716   225456   6.78
  1983          81      0.10148  0.09658  0.50   30198    2917   28740   193739   6.42
  1983          82      0.11437  0.10818  0.50   27282    2951   25806   164999   6.05
  1983          83      0.12499  0.11764  0.50   24330    2862   22899   139193   5.72
  1983          84      0.13174  0.12360  0.50   21468    2653   20142   116294   5.42
  1983          85      0.14325  0.13368  0.50   18815    2515   17557    96152   5.11
  1983          86      0.15527  0.14409  0.50   16300    2349   15125    78595   4.82
  1983          87      0.17157  0.15801  0.50   13951    2204   12849    63469   4.55
  1983          88      0.17857  0.16393  0.50   11747    1926   10784    50621   4.31
  1983          89      0.19586  0.17839  0.50    9821    1752    8945    39837   4.06
  1983          90      0.21563  0.19464  0.50    8069    1571    7284    30892   3.83
  1983          91      0.22290  0.20055  0.50    6498    1303    5847    23608   3.63
  1983          92      0.24178  0.21570  0.50    5195    1121    4635    17761   3.42
  1983          93      0.26749  0.23593  0.50    4075     961    3594    13126   3.22
  1983          94      0.28410  0.24876  0.50    3113     774    2726     9532   3.06
  1983          95      0.29993  0.26082  0.50    2339     610    2034     6806   2.91
  1983          96      0.31991  0.27579  0.50    1729     477    1490     4773   2.76
  1983          97      0.34056  0.29101  0.50    1252     364    1070     3282   2.62
  1983          98      0.36185  0.30641  0.50     888     272     752     2212   2.49
  1983          99      0.38368  0.32193  0.50     616     198     517     1461   2.37
  1983         100      0.40600  0.33749  0.50     417     141     347      944   2.26
  1983         101      0.42871  0.35304  0.50     277      98     228      597   2.16
  1983         102      0.45173  0.36850  0.50     179      66     146      369   2.06
  1983         103      0.47496  0.38381  0.50     113      43      91      223   1.98
  1983         104      0.49829  0.39891  0.50      70      28      56      132   1.90
  1983         105      0.52163  0.41373  0.50      42      17      33       76   1.82
  1983         106      0.54488  0.42822  0.50      25      11      19       43   1.76
  1983         107      0.56794  0.44233  0.50      14       6      11       24   1.70
  1983         108      0.59070  0.45602  0.50       8       4       6       13   1.64
  1983         109      0.61308  0.46924  0.50       4       2       3        7   1.60
  1983         110+     0.63499  1.00000  1.57       2       2       4        4   1.57
  1984           0      0.01213  0.01201  0.13  100000    1201   98949  7111823  71.12
  1984           1      0.00089  0.00089  0.50   98799      88   98755  7012873  70.98
  1984           2      0.00061  0.00061  0.50   98712      61   98681  6914118  70.04
  1984           3      0.00043  0.00043  0.50   98651      43   98630  6815436  69.09
  1984           4      0.00036  0.00036  0.50   98608      35   98590  6716807  68.12
  1984           5      0.00034  0.00034  0.50   98573      33   98556  6618216  67.14
  1984           6      0.00031  0.00031  0.50   98539      31   98524  6519660  66.16
  1984           7      0.00029  0.00029  0.50   98508      29   98494  6421137  65.18
  1984           8      0.00030  0.00030  0.50   98480      29   98465  6322643  64.20
  1984           9      0.00024  0.00024  0.50   98451      24   98439  6224177  63.22
  1984          10      0.00028  0.00028  0.50   98427      27   98413  6125739  62.24
  1984          11      0.00029  0.00029  0.50   98400      28   98386  6027325  61.25
  1984          12      0.00032  0.00032  0.50   98372      32   98356  5928940  60.27
  1984          13      0.00037  0.00037  0.50   98340      37   98322  5830584  59.29
  1984          14      0.00046  0.00046  0.50   98303      46   98280  5732263  58.31
  1984          15      0.00064  0.00063  0.50   98258      62   98226  5633982  57.34
  1984          16      0.00090  0.00090  0.50   98195      88   98151  5535756  56.38
  1984          17      0.00114  0.00114  0.50   98107     112   98051  5437605  55.43
  1984          18      0.00144  0.00143  0.50   97996     141   97925  5339553  54.49
  1984          19      0.00149  0.00149  0.50   97855     146   97782  5241628  53.57
  1984          20      0.00157  0.00157  0.50   97709     154   97632  5143846  52.64
  1984          21      0.00167  0.00167  0.50   97555     163   97474  5046214  51.73
  1984          22      0.00166  0.00166  0.50   97393     161   97312  4948740  50.81
  1984          23      0.00168  0.00168  0.50   97231     163   97150  4851428  49.90
  1984          24      0.00162  0.00162  0.50   97068     157   96990  4754278  48.98
  1984          25      0.00164  0.00164  0.50   96912     159   96832  4657288  48.06
  1984          26      0.00164  0.00164  0.50   96753     159   96673  4560456  47.14
  1984          27      0.00166  0.00166  0.50   96594     160   96514  4463783  46.21
  1984          28      0.00174  0.00174  0.50   96434     168   96350  4367269  45.29
  1984          29      0.00160  0.00160  0.50   96266     154   96189  4270919  44.37
  1984          30      0.00176  0.00175  0.50   96112     169   96028  4174730  43.44
  1984          31      0.00183  0.00183  0.50   95944     176   95856  4078702  42.51
  1984          32      0.00186  0.00186  0.50   95768     178   95679  3982846  41.59
  1984          33      0.00194  0.00194  0.50   95590     185   95497  3887167  40.67
  1984          34      0.00193  0.00193  0.50   95404     184   95312  3791671  39.74
  1984          35      0.00199  0.00199  0.50   95220     190   95125  3696359  38.82
  1984          36      0.00216  0.00216  0.50   95030     205   94928  3601233  37.90
  1984          37      0.00217  0.00217  0.50   94825     206   94722  3506306  36.98
  1984          38      0.00253  0.00252  0.50   94619     239   94500  3411584  36.06
  1984          39      0.00251  0.00251  0.50   94380     237   94262  3317084  35.15
  1984          40      0.00284  0.00284  0.50   94144     267   94010  3222822  34.23
  1984          41      0.00301  0.00301  0.50   93876     282   93735  3128813  33.33
  1984          42      0.00330  0.00330  0.50   93594     308   93440  3035078  32.43
  1984          43      0.00351  0.00351  0.50   93285     327   93122  2941638  31.53
  1984          44      0.00386  0.00385  0.50   92958     358   92779  2848516  30.64
  1984          45      0.00411  0.00410  0.50   92600     380   92410  2755737  29.76
  1984          46      0.00465  0.00464  0.50   92220     428   92006  2663327  28.88
  1984          47      0.00515  0.00514  0.50   91793     472   91557  2571321  28.01
  1984          48      0.00576  0.00574  0.50   91321     525   91058  2479764  27.15
  1984          49      0.00624  0.00622  0.50   90796     565   90514  2388706  26.31
  1984          50      0.00691  0.00688  0.50   90231     621   89921  2298192  25.47
  1984          51      0.00782  0.00779  0.50   89610     698   89261  2208271  24.64
  1984          52      0.00869  0.00865  0.50   88912     769   88528  2119010  23.83
  1984          53      0.00915  0.00911  0.50   88143     803   87742  2030483  23.04
  1984          54      0.00983  0.00978  0.50   87340     855   86913  1942741  22.24
  1984          55      0.01111  0.01105  0.50   86485     956   86007  1855828  21.46
  1984          56      0.01238  0.01231  0.50   85529    1053   85003  1769821  20.69
  1984          57      0.01342  0.01333  0.50   84477    1126   83914  1684818  19.94
  1984          58      0.01520  0.01509  0.50   83351    1258   82722  1600904  19.21
  1984          59      0.01620  0.01607  0.50   82093    1319   81433  1518182  18.49
  1984          60      0.01762  0.01747  0.50   80774    1411   80068  1436749  17.79
  1984          61      0.01887  0.01869  0.50   79363    1484   78621  1356681  17.09
  1984          62      0.02161  0.02138  0.50   77879    1665   77046  1278060  16.41
  1984          63      0.02308  0.02282  0.50   76214    1739   75344  1201014  15.76
  1984          64      0.02451  0.02422  0.50   74475    1803   73573  1125670  15.11
  1984          65      0.02608  0.02574  0.50   72671    1871   71736  1052097  14.48
  1984          66      0.02897  0.02855  0.50   70800    2022   69790   980361  13.85
  1984          67      0.03085  0.03038  0.50   68779    2089   67734   910571  13.24
  1984          68      0.03456  0.03398  0.50   66689    2266   65557   842837  12.64
  1984          69      0.03794  0.03723  0.50   64424    2399   63224   777281  12.07
  1984          70      0.04126  0.04042  0.50   62025    2507   60771   714056  11.51
  1984          71      0.04442  0.04345  0.50   59518    2586   58225   653285  10.98
  1984          72      0.04832  0.04718  0.50   56932    2686   55589   595060  10.45
  1984          73      0.05324  0.05186  0.50   54245    2813   52839   539472   9.95
  1984          74      0.05687  0.05530  0.50   51432    2844   50010   486633   9.46
  1984          75      0.06065  0.05887  0.50   48588    2860   47158   436622   8.99
  1984          76      0.06793  0.06570  0.50   45728    3004   44226   389465   8.52
  1984          77      0.07176  0.06927  0.50   42724    2959   41244   345239   8.08
  1984          78      0.07786  0.07494  0.50   39764    2980   38274   303995   7.64
  1984          79      0.08506  0.08159  0.50   36784    3001   35283   265721   7.22
  1984          80      0.09439  0.09014  0.50   33783    3045   32260   230438   6.82
  1984          81      0.10269  0.09767  0.50   30738    3002   29237   198177   6.45
  1984          82      0.10954  0.10385  0.50   27735    2880   26295   168941   6.09
  1984          83      0.12179  0.11480  0.50   24855    2853   23428   142645   5.74
  1984          84      0.13311  0.12481  0.50   22002    2746   20629   119217   5.42
  1984          85      0.14041  0.13120  0.50   19256    2526   17993    98588   5.12
  1984          86      0.15461  0.14352  0.50   16729    2401   15529    80596   4.82
  1984          87      0.16976  0.15648  0.50   14328    2242   13207    65067   4.54
  1984          88      0.18051  0.16557  0.50   12086    2001   11086    51860   4.29
  1984          89      0.19454  0.17730  0.50   10085    1788    9191    40774   4.04
  1984          90      0.21080  0.19070  0.50    8297    1582    7506    31583   3.81
  1984          91      0.23040  0.20660  0.50    6715    1387    6021    24077   3.59
  1984          92      0.24612  0.21915  0.50    5328    1168    4744    18055   3.39
  1984          93      0.26511  0.23408  0.50    4160     974    3673    13312   3.20
  1984          94      0.28831  0.25199  0.50    3186     803    2785     9638   3.02
  1984          95      0.30336  0.26341  0.50    2383     628    2069     6854   2.88
  1984          96      0.32400  0.27883  0.50    1756     490    1511     4784   2.73
  1984          97      0.34534  0.29449  0.50    1266     373    1080     3273   2.59
  1984          98      0.36733  0.31033  0.50     893     277     755     2194   2.46
  1984          99      0.38988  0.32627  0.50     616     201     516     1439   2.34
  1984         100      0.41291  0.34225  0.50     415     142     344      924   2.23
  1984         101      0.43633  0.35819  0.50     273      98     224      579   2.12
  1984         102      0.46004  0.37401  0.50     175      66     142      355   2.03
  1984         103      0.48392  0.38965  0.50     110      43      88      213   1.94
  1984         104      0.50789  0.40503  0.50      67      27      53      125   1.86
  1984         105      0.53181  0.42011  0.50      40      17      31       71   1.79
  1984         106      0.55560  0.43481  0.50      23      10      18       40   1.72
  1984         107      0.57912  0.44909  0.50      13       6      10       22   1.66
  1984         108      0.60230  0.46290  0.50       7       3       6       12   1.61
  1984         109      0.62502  0.47620  0.50       4       2       3        6   1.57
  1984         110+     0.64721  1.00000  1.55       2       2       3        3   1.55
  1985           0      0.01222  0.01209  0.12  100000    1209   98942  7107752  71.08
  1985           1      0.00088  0.00088  0.50   98791      87   98747  7008810  70.95
  1985           2      0.00061  0.00061  0.50   98703      60   98673  6910063  70.01
  1985           3      0.00046  0.00046  0.50   98643      45   98620  6811390  69.05
  1985           4      0.00039  0.00039  0.50   98598      39   98578  6712770  68.08
  1985           5      0.00031  0.00031  0.50   98559      30   98544  6614191  67.11
  1985           6      0.00031  0.00031  0.50   98529      30   98513  6515647  66.13
  1985           7      0.00026  0.00026  0.50   98498      26   98485  6417134  65.15
  1985           8      0.00028  0.00028  0.50   98472      27   98459  6318649  64.17
  1985           9      0.00027  0.00027  0.50   98445      26   98432  6220190  63.18
  1985          10      0.00026  0.00026  0.50   98419      25   98406  6121758  62.20
  1985          11      0.00027  0.00027  0.50   98394      27   98380  6023352  61.22
  1985          12      0.00031  0.00031  0.50   98367      30   98352  5924972  60.23
  1985          13      0.00040  0.00040  0.50   98337      39   98317  5826620  59.25
  1985          14      0.00049  0.00049  0.50   98297      48   98273  5728303  58.28
  1985          15      0.00064  0.00064  0.50   98249      63   98217  5630030  57.30
  1985          16      0.00093  0.00093  0.50   98186      92   98140  5531813  56.34
  1985          17      0.00111  0.00111  0.50   98094     109   98040  5433673  55.39
  1985          18      0.00145  0.00145  0.50   97985     142   97914  5335633  54.45
  1985          19      0.00150  0.00150  0.50   97843     147   97770  5237719  53.53
  1985          20      0.00150  0.00150  0.50   97696     147   97623  5139949  52.61
  1985          21      0.00166  0.00166  0.50   97549     162   97468  5042327  51.69
  1985          22      0.00163  0.00163  0.50   97387     159   97308  4944858  50.78
  1985          23      0.00167  0.00167  0.50   97229     162   97148  4847550  49.86
  1985          24      0.00163  0.00163  0.50   97067     158   96988  4750403  48.94
  1985          25      0.00166  0.00166  0.50   96909     161   96828  4653415  48.02
  1985          26      0.00161  0.00161  0.50   96748     156   96670  4556587  47.10
  1985          27      0.00166  0.00165  0.50   96592     160   96512  4459917  46.17
  1985          28      0.00180  0.00180  0.50   96432     173   96346  4363405  45.25
  1985          29      0.00168  0.00168  0.50   96259     161   96178  4267059  44.33
  1985          30      0.00182  0.00181  0.50   96098     174   96010  4170881  43.40
  1985          31      0.00186  0.00186  0.50   95923     178   95834  4074870  42.48
  1985          32      0.00195  0.00195  0.50   95745     187   95652  3979036  41.56
  1985          33      0.00203  0.00203  0.50   95558     194   95461  3883384  40.64
  1985          34      0.00200  0.00200  0.50   95365     190   95269  3787923  39.72
  1985          35      0.00214  0.00214  0.50   95174     204   95072  3692654  38.80
  1985          36      0.00227  0.00227  0.50   94971     216   94863  3597581  37.88
  1985          37      0.00243  0.00243  0.50   94755     230   94640  3502718  36.97
  1985          38      0.00250  0.00250  0.50   94525     236   94406  3408079  36.05
  1985          39      0.00251  0.00251  0.50   94288     237   94170  3313672  35.14
  1985          40      0.00278  0.00277  0.50   94051     261   93921  3219502  34.23
  1985          41      0.00310  0.00309  0.50   93791     290   93646  3125581  33.33
  1985          42      0.00343  0.00343  0.50   93501     320   93341  3031935  32.43
  1985          43      0.00356  0.00355  0.50   93180     331   93015  2938595  31.54
  1985          44      0.00383  0.00383  0.50   92849     355   92672  2845580  30.65
  1985          45      0.00427  0.00426  0.50   92494     394   92297  2752908  29.76
  1985          46      0.00468  0.00467  0.50   92100     430   91885  2660611  28.89
  1985          47      0.00501  0.00499  0.50   91670     458   91441  2568725  28.02
  1985          48      0.00586  0.00584  0.50   91212     533   90946  2477284  27.16
  1985          49      0.00601  0.00600  0.50   90680     544   90408  2386338  26.32
  1985          50      0.00683  0.00681  0.50   90136     614   89829  2295930  25.47
  1985          51      0.00775  0.00772  0.50   89522     691   89177  2206101  24.64
  1985          52      0.00846  0.00843  0.50   88831     748   88457  2116924  23.83
  1985          53      0.00923  0.00918  0.50   88083     809   87678  2028467  23.03
  1985          54      0.00975  0.00970  0.50   87274     847   86850  1940789  22.24
  1985          55      0.01133  0.01127  0.50   86427     974   85940  1853938  21.45
  1985          56      0.01199  0.01192  0.50   85453    1018   84944  1767998  20.69
  1985          57      0.01326  0.01317  0.50   84435    1112   83879  1683054  19.93
  1985          58      0.01543  0.01531  0.50   83322    1276   82684  1599176  19.19
  1985          59      0.01590  0.01578  0.50   82047    1294   81399  1516491  18.48
  1985          60      0.01788  0.01772  0.50   80752    1431   80037  1435092  17.77
  1985          61      0.01909  0.01891  0.50   79321    1500   78571  1355055  17.08
  1985          62      0.02128  0.02105  0.50   77821    1638   77002  1276484  16.40
  1985          63      0.02257  0.02232  0.50   76183    1700   75333  1199482  15.74
  1985          64      0.02415  0.02386  0.50   74483    1777   73594  1124149  15.09
  1985          65      0.02704  0.02668  0.50   72705    1940   71735  1050555  14.45
  1985          66      0.02826  0.02787  0.50   70766    1972   69780   978820  13.83
  1985          67      0.03073  0.03026  0.50   68794    2082   67753   909040  13.21
  1985          68      0.03382  0.03326  0.50   66712    2219   65603   841287  12.61
  1985          69      0.03704  0.03636  0.50   64493    2345   63321   775685  12.03
  1985          70      0.04156  0.04071  0.50   62148    2530   60883   712364  11.46
  1985          71      0.04464  0.04367  0.50   59618    2603   58316   651481  10.93
  1985          72      0.04908  0.04790  0.50   57014    2731   55649   593164  10.40
  1985          73      0.05268  0.05132  0.50   54283    2786   52890   537516   9.90
  1985          74      0.05650  0.05495  0.50   51497    2830   50082   484625   9.41
  1985          75      0.06142  0.05959  0.50   48668    2900   47217   434543   8.93
  1985          76      0.06626  0.06414  0.50   45767    2935   44300   387326   8.46
  1985          77      0.07302  0.07044  0.50   42832    3017   41323   343026   8.01
  1985          78      0.07891  0.07592  0.50   39815    3023   38303   301703   7.58
  1985          79      0.08511  0.08164  0.50   36792    3004   35290   263399   7.16
  1985          80      0.09588  0.09150  0.50   33788    3092   32243   228109   6.75
  1985          81      0.10309  0.09804  0.50   30697    3009   29192   195867   6.38
  1985          82      0.11262  0.10662  0.50   27687    2952   26211   166675   6.02
  1985          83      0.12187  0.11487  0.50   24735    2841   23315   140463   5.68
  1985          84      0.13484  0.12632  0.50   21894    2766   20511   117148   5.35
  1985          85      0.14516  0.13533  0.50   19128    2589   17834    96637   5.05
  1985          86      0.15394  0.14294  0.50   16540    2364   15358    78803   4.76
  1985          87      0.16864  0.15552  0.50   14176    2205   13073    63445   4.48
  1985          88      0.18820  0.17201  0.50   11971    2059   10941    50372   4.21
  1985          89      0.19976  0.18162  0.50    9912    1800    9012    39431   3.98
  1985          90      0.21391  0.19324  0.50    8112    1568    7328    30419   3.75
  1985          91      0.22914  0.20558  0.50    6544    1345    5871    23091   3.53
  1985          92      0.25816  0.22864  0.50    5199    1189    4604    17220   3.31
  1985          93      0.27320  0.24036  0.50    4010     964    3528    12615   3.15
  1985          94      0.29375  0.25613  0.50    3046     780    2656     9087   2.98
  1985          95      0.30808  0.26695  0.50    2266     605    1964     6431   2.84
  1985          96      0.32900  0.28252  0.50    1661     469    1426     4468   2.69
  1985          97      0.35062  0.29832  0.50    1192     356    1014     3041   2.55
  1985          98      0.37288  0.31428  0.50     836     263     705     2027   2.42
  1985          99      0.39568  0.33033  0.50     573     189     479     1322   2.31
  1985         100      0.41895  0.34639  0.50     384     133     317      844   2.20
  1985         101      0.44259  0.36239  0.50     251      91     206      526   2.10
  1985         102      0.46649  0.37826  0.50     160      61     130      321   2.00
  1985         103      0.49054  0.39392  0.50      99      39      80      191   1.92
  1985         104      0.51464  0.40931  0.50      60      25      48      111   1.84
  1985         105      0.53867  0.42437  0.50      36      15      28       63   1.77
  1985         106      0.56252  0.43904  0.50      21       9      16       35   1.70
  1985         107      0.58608  0.45326  0.50      12       5       9       19   1.65
  1985         108      0.60926  0.46700  0.50       6       3       5       10   1.60
  1985         109      0.63196  0.48022  0.50       3       2       3        5   1.55
  1985         110+     0.65408  1.00000  1.53       2       2       3        3   1.53
  1986           0      0.01173  0.01161  0.13  100000    1161   98985  7114397  71.14
  1986           1      0.00087  0.00087  0.50   98839      86   98797  7015412  70.98
  1986           2      0.00061  0.00061  0.50   98754      60   98724  6916615  70.04
  1986           3      0.00048  0.00048  0.50   98693      47   98670  6817892  69.08
  1986           4      0.00038  0.00038  0.50   98646      38   98627  6719222  68.11
  1986           5      0.00031  0.00031  0.50   98608      30   98593  6620595  67.14
  1986           6      0.00030  0.00030  0.50   98578      30   98563  6522002  66.16
  1986           7      0.00026  0.00026  0.50   98548      26   98535  6423439  65.18
  1986           8      0.00026  0.00026  0.50   98522      26   98509  6324904  64.20
  1986           9      0.00025  0.00025  0.50   98496      25   98484  6226394  63.21
  1986          10      0.00025  0.00025  0.50   98471      25   98459  6127911  62.23
  1986          11      0.00028  0.00028  0.50   98446      27   98433  6029452  61.25
  1986          12      0.00035  0.00035  0.50   98419      35   98402  5931019  60.26
  1986          13      0.00037  0.00037  0.50   98384      36   98366  5832618  59.28
  1986          14      0.00055  0.00055  0.50   98348      54   98321  5734251  58.31
  1986          15      0.00071  0.00071  0.50   98294      70   98260  5635930  57.34
  1986          16      0.00104  0.00104  0.50   98225     102   98174  5537671  56.38
  1986          17      0.00125  0.00125  0.50   98123     123   98061  5439497  55.44
  1986          18      0.00158  0.00158  0.50   98000     154   97923  5341435  54.50
  1986          19      0.00157  0.00157  0.50   97845     154   97768  5243513  53.59
  1986          20      0.00171  0.00171  0.50   97691     167   97608  5145745  52.67
  1986          21      0.00176  0.00176  0.50   97525     172   97439  5048137  51.76
  1986          22      0.00171  0.00171  0.50   97353     167   97270  4950698  50.85
  1986          23      0.00171  0.00171  0.50   97186     166   97103  4853428  49.94
  1986          24      0.00172  0.00172  0.50   97020     167   96937  4756325  49.02
  1986          25      0.00171  0.00170  0.50   96853     165   96771  4659388  48.11
  1986          26      0.00171  0.00171  0.50   96688     166   96605  4562618  47.19
  1986          27      0.00177  0.00177  0.50   96523     171   96437  4466013  46.27
  1986          28      0.00190  0.00189  0.50   96352     183   96261  4369575  45.35
  1986          29      0.00187  0.00187  0.50   96169     179   96080  4273315  44.44
  1986          30      0.00203  0.00202  0.50   95990     194   95893  4177235  43.52
  1986          31      0.00204  0.00204  0.50   95796     195   95698  4081342  42.60
  1986          32      0.00209  0.00209  0.50   95600     200   95500  3985644  41.69
  1986          33      0.00227  0.00226  0.50   95400     216   95292  3890144  40.78
  1986          34      0.00222  0.00222  0.50   95184     211   95079  3794852  39.87
  1986          35      0.00237  0.00237  0.50   94973     225   94861  3699773  38.96
  1986          36      0.00244  0.00244  0.50   94748     231   94632  3604912  38.05
  1986          37      0.00248  0.00248  0.50   94517     234   94400  3510280  37.14
  1986          38      0.00277  0.00276  0.50   94283     260   94152  3415880  36.23
  1986          39      0.00256  0.00256  0.50   94022     241   93902  3321728  35.33
  1986          40      0.00285  0.00284  0.50   93782     267   93648  3227826  34.42
  1986          41      0.00308  0.00308  0.50   93515     288   93371  3134178  33.52
  1986          42      0.00349  0.00348  0.50   93227     325   93065  3040806  32.62
  1986          43      0.00361  0.00360  0.50   92903     335   92735  2947741  31.73
  1986          44      0.00383  0.00382  0.50   92568     354   92391  2855006  30.84
  1986          45      0.00427  0.00427  0.50   92214     393   92018  2762615  29.96
  1986          46      0.00469  0.00468  0.50   91821     430   91606  2670598  29.08
  1986          47      0.00492  0.00491  0.50   91391     449   91166  2578992  28.22
  1986          48      0.00560  0.00558  0.50   90942     508   90688  2487825  27.36
  1986          49      0.00586  0.00584  0.50   90434     528   90170  2397137  26.51
  1986          50      0.00681  0.00679  0.50   89906     610   89601  2306967  25.66
  1986          51      0.00744  0.00741  0.50   89296     662   88965  2217366  24.83
  1986          52      0.00834  0.00830  0.50   88634     736   88266  2128402  24.01
  1986          53      0.00889  0.00885  0.50   87898     778   87509  2040136  23.21
  1986          54      0.00969  0.00964  0.50   87120     840   86700  1952627  22.41
  1986          55      0.01082  0.01076  0.50   86280     929   85816  1865926  21.63
  1986          56      0.01184  0.01177  0.50   85351    1005   84849  1780111  20.86
  1986          57      0.01263  0.01255  0.50   84347    1058   83817  1695262  20.10
  1986          58      0.01482  0.01471  0.50   83288    1225   82676  1611444  19.35
  1986          59      0.01544  0.01532  0.50   82063    1257   81434  1528769  18.63
  1986          60      0.01718  0.01704  0.50   80806    1377   80117  1447334  17.91
  1986          61      0.01875  0.01858  0.50   79429    1476   78691  1367217  17.21
  1986          62      0.02120  0.02098  0.50   77953    1636   77136  1288526  16.53
  1986          63      0.02199  0.02175  0.50   76318    1660   75488  1211390  15.87
  1986          64      0.02371  0.02343  0.50   74658    1749   73783  1135903  15.21
  1986          65      0.02649  0.02615  0.50   72908    1906   71955  1062120  14.57
  1986          66      0.02820  0.02781  0.50   71002    1974   70015   990164  13.95
  1986          67      0.02977  0.02933  0.50   69028    2025   68015   920150  13.33
  1986          68      0.03375  0.03319  0.50   67003    2224   65891   852134  12.72
  1986          69      0.03583  0.03520  0.50   64779    2280   63639   786243  12.14
  1986          70      0.04029  0.03950  0.50   62499    2469   61265   722604  11.56
  1986          71      0.04424  0.04328  0.50   60031    2598   58732   661339  11.02
  1986          72      0.04918  0.04800  0.50   57433    2757   56054   602607  10.49
  1986          73      0.05226  0.05093  0.50   54676    2785   53284   546552  10.00
  1986          74      0.05466  0.05321  0.50   51892    2761   50511   493269   9.51
  1986          75      0.06010  0.05834  0.50   49131    2866   47697   442758   9.01
  1986          76      0.06656  0.06441  0.50   46264    2980   44774   395060   8.54
  1986          77      0.07065  0.06824  0.50   43284    2954   41807   350286   8.09
  1986          78      0.07801  0.07508  0.50   40330    3028   38816   308479   7.65
  1986          79      0.08368  0.08032  0.50   37302    2996   35804   269662   7.23
  1986          80      0.09471  0.09043  0.50   34306    3102   32755   233858   6.82
  1986          81      0.10251  0.09751  0.50   31204    3043   29683   201103   6.44
  1986          82      0.11083  0.10501  0.50   28161    2957   26683   171420   6.09
  1986          83      0.12096  0.11406  0.50   25204    2875   23767   144738   5.74
  1986          84      0.12891  0.12111  0.50   22329    2704   20977   120971   5.42
  1986          85      0.14318  0.13361  0.50   19625    2622   18314    99994   5.10
  1986          86      0.15540  0.14419  0.50   17003    2452   15777    81680   4.80
  1986          87      0.16571  0.15303  0.50   14551    2227   13438    65903   4.53
  1986          88      0.18219  0.16698  0.50   12324    2058   11295    52466   4.26
  1986          89      0.19633  0.17878  0.50   10266    1835    9349    41170   4.01
  1986          90      0.21569  0.19470  0.50    8431    1641    7610    31821   3.77
  1986          91      0.23002  0.20629  0.50    6790    1401    6089    24211   3.57
  1986          92      0.24979  0.22206  0.50    5389    1197    4791    18122   3.36
  1986          93      0.27451  0.24138  0.50    4192    1012    3686    13331   3.18
  1986          94      0.28375  0.24849  0.50    3180     790    2785     9645   3.03
  1986          95      0.30397  0.26387  0.50    2390     631    2075     6860   2.87
  1986          96      0.32468  0.27933  0.50    1759     491    1514     4785   2.72
  1986          97      0.34610  0.29504  0.50    1268     374    1081     3271   2.58
  1986          98      0.36816  0.31093  0.50     894     278     755     2191   2.45
  1986          99      0.39079  0.32691  0.50     616     201     515     1436   2.33
  1986         100      0.41390  0.34293  0.50     415     142     343      920   2.22
  1986         101      0.43739  0.35890  0.50     272      98     224      577   2.12
  1986         102      0.46116  0.37475  0.50     175      65     142      353   2.02
  1986         103      0.48512  0.39042  0.50     109      43      88      212   1.94
  1986         104      0.50914  0.40583  0.50      67      27      53      124   1.86
  1986         105      0.53312  0.42092  0.50      40      17      31       71   1.78
  1986         106      0.55695  0.43564  0.50      23      10      18       39   1.72
  1986         107      0.58052  0.44993  0.50      13       6      10       21   1.66
  1986         108      0.60373  0.46374  0.50       7       3       5       11   1.61
  1986         109      0.62648  0.47705  0.50       4       2       3        6   1.57
  1986         110+     0.64869  1.00000  1.54       2       2       3        3   1.54
  1987           0      0.01148  0.01136  0.13  100000    1136   99007  7131250  71.31
  1987           1      0.00084  0.00084  0.50   98864      83   98822  7032243  71.13
  1987           2      0.00060  0.00060  0.50   98781      60   98751  6933421  70.19
  1987           3      0.00049  0.00049  0.50   98721      49   98697  6834670  69.23
  1987           4      0.00038  0.00038  0.50   98672      38   98654  6735973  68.27
  1987           5      0.00033  0.00033  0.50   98635      33   98619  6637319  67.29
  1987           6      0.00032  0.00032  0.50   98602      31   98586  6538701  66.31
  1987           7      0.00028  0.00028  0.50   98571      27   98557  6440115  65.33
  1987           8      0.00028  0.00028  0.50   98543      28   98529  6341557  64.35
  1987           9      0.00027  0.00027  0.50   98515      26   98502  6243028  63.37
  1987          10      0.00024  0.00024  0.50   98489      24   98477  6144526  62.39
  1987          11      0.00030  0.00030  0.50   98465      29   98451  6046048  61.40
  1987          12      0.00033  0.00033  0.50   98436      33   98420  5947598  60.42
  1987          13      0.00039  0.00039  0.50   98403      38   98384  5849178  59.44
  1987          14      0.00049  0.00049  0.50   98365      48   98341  5750794  58.46
  1987          15      0.00065  0.00065  0.50   98317      64   98285  5652453  57.49
  1987          16      0.00099  0.00098  0.50   98253      97   98205  5554168  56.53
  1987          17      0.00120  0.00120  0.50   98157     117   98098  5455963  55.58
  1987          18      0.00150  0.00150  0.50   98039     147   97966  5357865  54.65
  1987          19      0.00154  0.00153  0.50   97892     150   97817  5259899  53.73
  1987          20      0.00159  0.00159  0.50   97742     155   97664  5162082  52.81
  1987          21      0.00167  0.00167  0.50   97587     163   97505  5064418  51.90
  1987          22      0.00168  0.00168  0.50   97423     164   97341  4966913  50.98
  1987          23      0.00168  0.00168  0.50   97259     164   97178  4869572  50.07
  1987          24      0.00167  0.00167  0.50   97096     162   97015  4772394  49.15
  1987          25      0.00166  0.00166  0.50   96934     161   96853  4675379  48.23
  1987          26      0.00175  0.00175  0.50   96773     169   96689  4578526  47.31
  1987          27      0.00179  0.00179  0.50   96604     173   96518  4481837  46.39
  1987          28      0.00186  0.00186  0.50   96431     179   96342  4385319  45.48
  1987          29      0.00181  0.00181  0.50   96252     174   96165  4288978  44.56
  1987          30      0.00196  0.00196  0.50   96078     188   95984  4192812  43.64
  1987          31      0.00208  0.00208  0.50   95890     199   95790  4096828  42.72
  1987          32      0.00214  0.00214  0.50   95691     205   95588  4001038  41.81
  1987          33      0.00229  0.00229  0.50   95486     219   95377  3905450  40.90
  1987          34      0.00225  0.00225  0.50   95267     214   95160  3810073  39.99
  1987          35      0.00245  0.00245  0.50   95053     233   94937  3714913  39.08
  1987          36      0.00251  0.00251  0.50   94820     238   94702  3619976  38.18
  1987          37      0.00260  0.00260  0.50   94583     246   94460  3525275  37.27
  1987          38      0.00281  0.00280  0.50   94337     265   94204  3430815  36.37
  1987          39      0.00271  0.00271  0.50   94072     255   93945  3336611  35.47
  1987          40      0.00282  0.00281  0.50   93818     264   93686  3242666  34.56
  1987          41      0.00313  0.00313  0.50   93554     292   93407  3148980  33.66
  1987          42      0.00338  0.00337  0.50   93261     314   93104  3055573  32.76
  1987          43      0.00359  0.00359  0.50   92947     333   92780  2962468  31.87
  1987          44      0.00378  0.00377  0.50   92614     349   92439  2869688  30.99
  1987          45      0.00424  0.00423  0.50   92264     390   92069  2777249  30.10
  1987          46      0.00462  0.00461  0.50   91874     424   91662  2685180  29.23
  1987          47      0.00508  0.00507  0.50   91450     463   91218  2593518  28.36
  1987          48      0.00555  0.00553  0.50   90987     503   90735  2502300  27.50
  1987          49      0.00566  0.00564  0.50   90484     511   90228  2411565  26.65
  1987          50      0.00661  0.00659  0.50   89973     593   89677  2321336  25.80
  1987          51      0.00747  0.00744  0.50   89380     665   89048  2231660  24.97
  1987          52      0.00812  0.00809  0.50   88715     717   88356  2142612  24.15
  1987          53      0.00900  0.00896  0.50   87998     788   87604  2054256  23.34
  1987          54      0.00962  0.00957  0.50   87209     835   86792  1966652  22.55
  1987          55      0.01075  0.01069  0.50   86374     924   85913  1879860  21.76
  1987          56      0.01139  0.01132  0.50   85451     968   84967  1793948  20.99
  1987          57      0.01261  0.01253  0.50   84483    1059   83954  1708981  20.23
  1987          58      0.01433  0.01422  0.50   83424    1187   82831  1625027  19.48
  1987          59      0.01524  0.01512  0.50   82238    1244   81616  1542196  18.75
  1987          60      0.01707  0.01693  0.50   80994    1371   80309  1460580  18.03
  1987          61      0.01867  0.01849  0.50   79623    1473   78887  1380271  17.34
  1987          62      0.02077  0.02056  0.50   78151    1607   77347  1301384  16.65
  1987          63      0.02196  0.02172  0.50   76544    1662   75713  1224037  15.99
  1987          64      0.02298  0.02272  0.50   74882    1701   74031  1148324  15.34
  1987          65      0.02585  0.02552  0.50   73180    1867   72246  1074293  14.68
  1987          66      0.02787  0.02749  0.50   71313    1960   70332  1002047  14.05
  1987          67      0.03007  0.02963  0.50   69352    2055   68325   931715  13.43
  1987          68      0.03284  0.03231  0.50   67298    2174   66210   863390  12.83
  1987          69      0.03515  0.03454  0.50   65123    2249   63998   797179  12.24
  1987          70      0.03825  0.03754  0.50   62874    2360   61694   733181  11.66
  1987          71      0.04267  0.04178  0.50   60514    2528   59250   671487  11.10
  1987          72      0.04854  0.04739  0.50   57986    2748   56612   612237  10.56
  1987          73      0.05224  0.05091  0.50   55238    2812   53832   555626  10.06
  1987          74      0.05506  0.05359  0.50   52425    2809   51021   501794   9.57
  1987          75      0.05791  0.05628  0.50   49616    2792   48220   450773   9.09
  1987          76      0.06508  0.06303  0.50   46824    2951   45348   402554   8.60
  1987          77      0.06981  0.06745  0.50   43873    2959   42393   357205   8.14
  1987          78      0.07712  0.07426  0.50   40913    3038   39394   314813   7.69
  1987          79      0.08382  0.08045  0.50   37875    3047   36351   275419   7.27
  1987          80      0.09293  0.08880  0.50   34828    3093   33281   239067   6.86
  1987          81      0.10176  0.09684  0.50   31735    3073   30198   205786   6.48
  1987          82      0.10954  0.10386  0.50   28662    2977   27174   175587   6.13
  1987          83      0.11853  0.11190  0.50   25685    2874   24248   148414   5.78
  1987          84      0.12870  0.12092  0.50   22811    2758   21432   124166   5.44
  1987          85      0.13980  0.13066  0.50   20053    2620   18743   102734   5.12
  1987          86      0.15566  0.14442  0.50   17433    2518   16174    83991   4.82
  1987          87      0.17020  0.15685  0.50   14915    2339   13745    67817   4.55
  1987          88      0.17987  0.16502  0.50   12575    2075   11538    54072   4.30
  1987          89      0.19210  0.17527  0.50   10500    1840    9580    42534   4.05
  1987          90      0.21251  0.19210  0.50    8660    1664    7828    32954   3.81
  1987          91      0.22635  0.20334  0.50    6996    1423    6285    25126   3.59
  1987          92      0.24585  0.21894  0.50    5574    1220    4964    18841   3.38
  1987          93      0.26438  0.23351  0.50    4353    1017    3845    13877   3.19
  1987          94      0.28944  0.25285  0.50    3337     844    2915    10032   3.01
  1987          95      0.30532  0.26488  0.50    2493     660    2163     7117   2.85
  1987          96      0.32644  0.28064  0.50    1833     514    1576     4954   2.70
  1987          97      0.34830  0.29664  0.50    1318     391    1123     3379   2.56
  1987          98      0.37081  0.31281  0.50     927     290     782     2256   2.43
  1987          99      0.39389  0.32908  0.50     637     210     532     1474   2.31
  1987         100      0.41746  0.34537  0.50     428     148     354      941   2.20
  1987         101      0.44142  0.36161  0.50     280     101     229      588   2.10
  1987         102      0.46565  0.37771  0.50     179      67     145      358   2.01
  1987         103      0.49004  0.39360  0.50     111      44      89      213   1.92
  1987         104      0.51448  0.40921  0.50      67      28      54      124   1.84
  1987         105      0.53885  0.42449  0.50      40      17      31       70   1.77
  1987         106      0.56304  0.43935  0.50      23      10      18       39   1.70
  1987         107      0.58693  0.45377  0.50      13       6      10       21   1.64
  1987         108      0.61042  0.46768  0.50       7       3       5       11   1.59
  1987         109      0.63341  0.48105  0.50       4       2       3        6   1.55
  1987         110+     0.65580  1.00000  1.52       2       2       3        3   1.52
  1988           0      0.01142  0.01130  0.13  100000    1130   99013  7131858  71.32
  1988           1      0.00085  0.00085  0.50   98870      84   98827  7032845  71.13
  1988           2      0.00060  0.00060  0.50   98785      59   98756  6934018  70.19
  1988           3      0.00046  0.00046  0.50   98726      46   98703  6835262  69.23
  1988           4      0.00037  0.00037  0.50   98681      36   98663  6736559  68.27
  1988           5      0.00033  0.00033  0.50   98644      32   98628  6637896  67.29
  1988           6      0.00029  0.00029  0.50   98612      29   98598  6539268  66.31
  1988           7      0.00026  0.00026  0.50   98583      26   98571  6440670  65.33
  1988           8      0.00027  0.00027  0.50   98558      27   98544  6342100  64.35
  1988           9      0.00027  0.00027  0.50   98531      26   98518  6243555  63.37
  1988          10      0.00027  0.00027  0.50   98505      26   98492  6145037  62.38
  1988          11      0.00028  0.00028  0.50   98478      27   98465  6046546  61.40
  1988          12      0.00030  0.00030  0.50   98451      29   98436  5948081  60.42
  1988          13      0.00039  0.00039  0.50   98422      39   98402  5849645  59.43
  1988          14      0.00049  0.00049  0.50   98383      48   98359  5751242  58.46
  1988          15      0.00069  0.00069  0.50   98335      68   98301  5652883  57.49
  1988          16      0.00102  0.00102  0.50   98267     101   98217  5554582  56.53
  1988          17      0.00125  0.00125  0.50   98167     122   98106  5456365  55.58
  1988          18      0.00155  0.00155  0.50   98044     152   97968  5358260  54.65
  1988          19      0.00158  0.00158  0.50   97892     155   97815  5260291  53.74
  1988          20      0.00165  0.00165  0.50   97737     161   97657  5162477  52.82
  1988          21      0.00166  0.00166  0.50   97577     162   97496  5064820  51.91
  1988          22      0.00170  0.00170  0.50   97415     165   97332  4967324  50.99
  1988          23      0.00172  0.00172  0.50   97249     167   97165  4869992  50.08
  1988          24      0.00171  0.00171  0.50   97082     166   96999  4772827  49.16
  1988          25      0.00171  0.00170  0.50   96916     165   96833  4675828  48.25
  1988          26      0.00181  0.00181  0.50   96750     175   96663  4578995  47.33
  1988          27      0.00176  0.00176  0.50   96575     170   96491  4482332  46.41
  1988          28      0.00194  0.00194  0.50   96406     187   96312  4385841  45.49
  1988          29      0.00181  0.00180  0.50   96219     174   96132  4289529  44.58
  1988          30      0.00209  0.00208  0.50   96045     200   95945  4193397  43.66
  1988          31      0.00211  0.00211  0.50   95845     202   95744  4097452  42.75
  1988          32      0.00221  0.00221  0.50   95643     211   95537  4001708  41.84
  1988          33      0.00231  0.00231  0.50   95431     221   95321  3906171  40.93
  1988          34      0.00226  0.00226  0.50   95211     215   95103  3810850  40.03
  1988          35      0.00251  0.00251  0.50   94995     238   94876  3715747  39.12
  1988          36      0.00256  0.00256  0.50   94757     243   94636  3620871  38.21
  1988          37      0.00268  0.00268  0.50   94514     253   94388  3526235  37.31
  1988          38      0.00301  0.00301  0.50   94261     284   94120  3431847  36.41
  1988          39      0.00281  0.00281  0.50   93978     264   93846  3337728  35.52
  1988          40      0.00302  0.00301  0.50   93714     283   93573  3243882  34.61
  1988          41      0.00311  0.00310  0.50   93432     290   93287  3150309  33.72
  1988          42      0.00344  0.00344  0.50   93142     320   92982  3057022  32.82
  1988          43      0.00366  0.00365  0.50   92822     339   92652  2964040  31.93
  1988          44      0.00389  0.00388  0.50   92483     359   92303  2871388  31.05
  1988          45      0.00424  0.00423  0.50   92124     390   91929  2779085  30.17
  1988          46      0.00465  0.00464  0.50   91734     426   91521  2687156  29.29
  1988          47      0.00501  0.00499  0.50   91308     456   91080  2595636  28.43
  1988          48      0.00568  0.00567  0.50   90852     515   90594  2504556  27.57
  1988          49      0.00561  0.00560  0.50   90337     506   90084  2413961  26.72
  1988          50      0.00640  0.00638  0.50   89831     573   89544  2323877  25.87
  1988          51      0.00718  0.00715  0.50   89258     638   88939  2234333  25.03
  1988          52      0.00802  0.00799  0.50   88620     708   88266  2145394  24.21
  1988          53      0.00889  0.00885  0.50   87912     778   87523  2057129  23.40
  1988          54      0.00939  0.00935  0.50   87133     815   86726  1969606  22.60
  1988          55      0.01067  0.01062  0.50   86319     916   85861  1882880  21.81
  1988          56      0.01167  0.01160  0.50   85402     991   84907  1797019  21.04
  1988          57      0.01207  0.01199  0.50   84412    1013   83905  1712112  20.28
  1988          58      0.01448  0.01437  0.50   83399    1199   82800  1628207  19.52
  1988          59      0.01467  0.01456  0.50   82200    1197   81602  1545407  18.80
  1988          60      0.01699  0.01685  0.50   81004    1365   80321  1463805  18.07
  1988          61      0.01837  0.01820  0.50   79639    1450   78914  1383484  17.37
  1988          62      0.02034  0.02013  0.50   78189    1574   77402  1304570  16.68
  1988          63      0.02186  0.02163  0.50   76615    1657   75787  1227168  16.02
  1988          64      0.02296  0.02270  0.50   74958    1702   74107  1151381  15.36
  1988          65      0.02550  0.02518  0.50   73257    1845   72334  1077274  14.71
  1988          66      0.02769  0.02731  0.50   71412    1950   70437  1004939  14.07
  1988          67      0.02938  0.02895  0.50   69462    2011   68456   934502  13.45
  1988          68      0.03360  0.03304  0.50   67451    2229   66336   866046  12.84
  1988          69      0.03457  0.03398  0.50   65222    2216   64114   799710  12.26
  1988          70      0.03813  0.03742  0.50   63006    2357   61827   735596  11.68
  1988          71      0.04108  0.04026  0.50   60648    2441   59428   673769  11.11
  1988          72      0.04716  0.04607  0.50   58207    2682   56866   614342  10.55
  1988          73      0.05141  0.05013  0.50   55525    2783   54134   557476  10.04
  1988          74      0.05533  0.05384  0.50   52742    2840   51322   503342   9.54
  1988          75      0.05895  0.05726  0.50   49902    2857   48474   452020   9.06
  1988          76      0.06345  0.06150  0.50   47045    2893   45598   403547   8.58
  1988          77      0.06940  0.06707  0.50   44152    2961   42671   357949   8.11
  1988          78      0.07648  0.07366  0.50   41190    3034   39673   315278   7.65
  1988          79      0.08270  0.07942  0.50   38156    3030   36641   275604   7.22
  1988          80      0.09319  0.08904  0.50   35126    3128   33562   238963   6.80
  1988          81      0.10081  0.09597  0.50   31998    3071   30463   205401   6.42
  1988          82      0.11135  0.10548  0.50   28927    3051   27402   174939   6.05
  1988          83      0.11965  0.11290  0.50   25876    2921   24415   147537   5.70
  1988          84      0.13152  0.12340  0.50   22955    2833   21538   123122   5.36
  1988          85      0.14294  0.13341  0.50   20122    2684   18780   101583   5.05
  1988          86      0.15386  0.14287  0.50   17438    2491   16192    82803   4.75
  1988          87      0.17043  0.15705  0.50   14946    2347   13773    66611   4.46
  1988          88      0.18429  0.16874  0.50   12599    2126   11536    52839   4.19
  1988          89      0.19901  0.18100  0.50   10473    1896    9525    41303   3.94
  1988          90      0.21775  0.19637  0.50    8577    1684    7735    31777   3.70
  1988          91      0.23382  0.20934  0.50    6893    1443    6172    24042   3.49
  1988          92      0.25633  0.22721  0.50    5450    1238    4831    17871   3.28
  1988          93      0.27673  0.24309  0.50    4212    1024    3700    13040   3.10
  1988          94      0.29561  0.25754  0.50    3188     821    2777     9340   2.93
  1988          95      0.31526  0.27233  0.50    2367     645    2045     6562   2.77
  1988          96      0.33742  0.28871  0.50    1722     497    1474     4518   2.62
  1988          97      0.36033  0.30532  0.50    1225     374    1038     3044   2.48
  1988          98      0.38388  0.32207  0.50     851     274     714     2006   2.36
  1988          99      0.40800  0.33887  0.50     577     196     479     1292   2.24
  1988         100      0.43257  0.35565  0.50     381     136     314      813   2.13
  1988         101      0.45747  0.37231  0.50     246      92     200      499   2.03
  1988         102      0.48259  0.38878  0.50     154      60     124      299   1.94
  1988         103      0.50779  0.40497  0.50      94      38      75      175   1.86
  1988         104      0.53296  0.42082  0.50      56      24      44      100   1.78
  1988         105      0.55796  0.43625  0.50      32      14      25       56   1.71
  1988         106      0.58267  0.45121  0.50      18       8      14       30   1.65
  1988         107      0.60697  0.46565  0.50      10       5       8       16   1.59
  1988         108      0.63075  0.47952  0.50       5       3       4        8   1.54
  1988         109      0.65391  0.49279  0.50       3       1       2        4   1.50
  1988         110+     0.67637  1.00000  1.48       1       1       2        2   1.48
  1989           0      0.01142  0.01130  0.13  100000    1130   99013  7160079  71.60
  1989           1      0.00084  0.00084  0.50   98870      83   98828  7061067  71.42
  1989           2      0.00055  0.00055  0.50   98787      54   98760  6962238  70.48
  1989           3      0.00044  0.00044  0.50   98733      43   98711  6863478  69.52
  1989           4      0.00037  0.00036  0.50   98689      36   98671  6764767  68.55
  1989           5      0.00028  0.00028  0.50   98653      28   98639  6666096  67.57
  1989           6      0.00027  0.00027  0.50   98625      27   98612  6567456  66.59
  1989           7      0.00027  0.00027  0.50   98599      26   98586  6468844  65.61
  1989           8      0.00028  0.00028  0.50   98572      28   98559  6370259  64.63
  1989           9      0.00027  0.00027  0.50   98545      27   98531  6271700  63.64
  1989          10      0.00024  0.00024  0.50   98518      23   98506  6173169  62.66
  1989          11      0.00028  0.00028  0.50   98494      27   98481  6074663  61.68
  1989          12      0.00033  0.00033  0.50   98467      32   98451  5976182  60.69
  1989          13      0.00039  0.00039  0.50   98435      38   98416  5877731  59.71
  1989          14      0.00048  0.00048  0.50   98397      47   98374  5779315  58.73
  1989          15      0.00066  0.00066  0.50   98350      65   98318  5680942  57.76
  1989          16      0.00099  0.00099  0.50   98285      98   98236  5582624  56.80
  1989          17      0.00124  0.00124  0.50   98187     122   98127  5484388  55.86
  1989          18      0.00153  0.00153  0.50   98066     150   97991  5386261  54.93
  1989          19      0.00153  0.00153  0.50   97916     149   97841  5288270  54.01
  1989          20      0.00149  0.00149  0.50   97766     145   97694  5190429  53.09
  1989          21      0.00159  0.00159  0.50   97621     155   97543  5092735  52.17
  1989          22      0.00162  0.00162  0.50   97466     158   97387  4995192  51.25
  1989          23      0.00168  0.00167  0.50   97308     163   97226  4897805  50.33
  1989          24      0.00173  0.00173  0.50   97145     168   97061  4800579  49.42
  1989          25      0.00173  0.00173  0.50   96977     168   96893  4703518  48.50
  1989          26      0.00177  0.00177  0.50   96809     171   96724  4606625  47.58
  1989          27      0.00188  0.00188  0.50   96638     182   96547  4509901  46.67
  1989          28      0.00197  0.00197  0.50   96456     190   96361  4413354  45.75
  1989          29      0.00186  0.00186  0.50   96266     179   96177  4316992  44.84
  1989          30      0.00198  0.00198  0.50   96087     190   95992  4220815  43.93
  1989          31      0.00212  0.00212  0.50   95897     203   95796  4124823  43.01
  1989          32      0.00233  0.00233  0.50   95694     223   95583  4029028  42.10
  1989          33      0.00240  0.00239  0.50   95471     228   95357  3933445  41.20
  1989          34      0.00242  0.00241  0.50   95243     230   95128  3838088  40.30
  1989          35      0.00257  0.00257  0.50   95013     244   94891  3742960  39.39
  1989          36      0.00269  0.00268  0.50   94769     254   94642  3648070  38.49
  1989          37      0.00277  0.00277  0.50   94514     262   94384  3553428  37.60
  1989          38      0.00308  0.00308  0.50   94253     290   94108  3459044  36.70
  1989          39      0.00282  0.00282  0.50   93963     265   93830  3364937  35.81
  1989          40      0.00305  0.00305  0.50   93698     286   93555  3271107  34.91
  1989          41      0.00324  0.00324  0.50   93412     302   93261  3177552  34.02
  1989          42      0.00338  0.00338  0.50   93110     314   92952  3084291  33.13
  1989          43      0.00376  0.00375  0.50   92795     348   92621  2991338  32.24
  1989          44      0.00382  0.00381  0.50   92447     353   92271  2898717  31.36
  1989          45      0.00426  0.00425  0.50   92094     391   91899  2806446  30.47
  1989          46      0.00458  0.00457  0.50   91703     419   91493  2714548  29.60
  1989          47      0.00503  0.00502  0.50   91284     458   91055  2623055  28.74
  1989          48      0.00569  0.00568  0.50   90826     516   90568  2532000  27.88
  1989          49      0.00557  0.00555  0.50   90310     501   90059  2441432  27.03
  1989          50      0.00637  0.00635  0.50   89809     570   89524  2351373  26.18
  1989          51      0.00698  0.00696  0.50   89239     621   88928  2261849  25.35
  1989          52      0.00777  0.00774  0.50   88618     686   88275  2172921  24.52
  1989          53      0.00851  0.00848  0.50   87932     745   87559  2084647  23.71
  1989          54      0.00925  0.00921  0.50   87186     803   86785  1997088  22.91
  1989          55      0.01031  0.01026  0.50   86383     886   85940  1910303  22.11
  1989          56      0.01135  0.01129  0.50   85497     965   85015  1824363  21.34
  1989          57      0.01203  0.01196  0.50   84532    1011   84026  1739348  20.58
  1989          58      0.01400  0.01390  0.50   83521    1161   82940  1655322  19.82
  1989          59      0.01470  0.01459  0.50   82360    1201   81759  1572382  19.09
  1989          60      0.01595  0.01582  0.50   81158    1284   80516  1490623  18.37
  1989          61      0.01782  0.01766  0.50   79874    1411   79169  1410107  17.65
  1989          62      0.01977  0.01957  0.50   78464    1536   77696  1330938  16.96
  1989          63      0.02133  0.02110  0.50   76928    1623   76116  1253242  16.29
  1989          64      0.02245  0.02221  0.50   75304    1672   74468  1177126  15.63
  1989          65      0.02488  0.02458  0.50   73632    1810   72727  1102658  14.98
  1989          66      0.02649  0.02614  0.50   71823    1878   70884  1029930  14.34
  1989          67      0.02853  0.02813  0.50   69945    1968   68961   959047  13.71
  1989          68      0.03231  0.03179  0.50   67977    2161   66897   890086  13.09
  1989          69      0.03418  0.03361  0.50   65816    2212   64710   823189  12.51
  1989          70      0.03680  0.03614  0.50   63604    2299   62455   758479  11.93
  1989          71      0.04009  0.03930  0.50   61305    2409   60101   696025  11.35
  1989          72      0.04500  0.04401  0.50   58896    2592   57600   635924  10.80
  1989          73      0.04838  0.04723  0.50   56304    2659   54974   578324  10.27
  1989          74      0.05358  0.05218  0.50   53645    2799   52245   523350   9.76
  1989          75      0.05695  0.05537  0.50   50845    2815   49438   471105   9.27
  1989          76      0.06235  0.06046  0.50   48030    2904   46578   421667   8.78
  1989          77      0.06668  0.06453  0.50   45126    2912   43670   375089   8.31
  1989          78      0.07276  0.07020  0.50   42214    2964   40732   331419   7.85
  1989          79      0.07996  0.07688  0.50   39250    3018   37742   290687   7.41
  1989          80      0.08933  0.08551  0.50   36233    3098   34684   252945   6.98
  1989          81      0.09851  0.09389  0.50   33135    3111   31579   218261   6.59
  1989          82      0.10657  0.10118  0.50   30024    3038   28505   186682   6.22
  1989          83      0.11682  0.11037  0.50   26986    2978   25497   158178   5.86
  1989          84      0.12699  0.11941  0.50   24007    2867   22574   132681   5.53
  1989          85      0.13687  0.12810  0.50   21141    2708   19787   110107   5.21
  1989          86      0.14792  0.13773  0.50   18432    2539   17163    90321   4.90
  1989          87      0.16208  0.14993  0.50   15894    2383   14702    73157   4.60
  1989          88      0.17755  0.16307  0.50   13511    2203   12409    58455   4.33
  1989          89      0.19391  0.17677  0.50   11308    1999   10308    46046   4.07
  1989          90      0.20695  0.18755  0.50    9309    1746    8436    35738   3.84
  1989          91      0.22412  0.20154  0.50    7563    1524    6801    27302   3.61
  1989          92      0.24470  0.21803  0.50    6039    1317    5380    20501   3.39
  1989          93      0.26465  0.23373  0.50    4722    1104    4170    15121   3.20
  1989          94      0.28354  0.24833  0.50    3618     899    3169    10950   3.03
  1989          95      0.30368  0.26365  0.50    2720     717    2361     7781   2.86
  1989          96      0.32520  0.27971  0.50    2003     560    1723     5420   2.71
  1989          97      0.34747  0.29604  0.50    1443     427    1229     3697   2.56
  1989          98      0.37043  0.31255  0.50    1016     317     857     2468   2.43
  1989          99      0.39400  0.32916  0.50     698     230     583     1612   2.31
  1989         100      0.41807  0.34579  0.50     468     162     387     1028   2.20
  1989         101      0.44253  0.36236  0.50     306     111     251      641   2.09
  1989         102      0.46728  0.37878  0.50     195      74     158      390   2.00
  1989         103      0.49219  0.39499  0.50     121      48      97      232   1.91
  1989         104      0.51714  0.41089  0.50      73      30      58      134   1.83
  1989         105      0.54200  0.42644  0.50      43      18      34       76   1.76
  1989         106      0.56666  0.44155  0.50      25      11      19       42   1.69
  1989         107      0.59099  0.45619  0.50      14       6      11       23   1.63
  1989         108      0.61488  0.47029  0.50       8       4       6       12   1.58
  1989         109      0.63823  0.48383  0.50       4       2       3        6   1.54
  1989         110+     0.66095  1.00000  1.51       2       2       3        3   1.51
  1990           0      0.01086  0.01075  0.13  100000    1075   99062  7185326  71.85
  1990           1      0.00080  0.00079  0.50   98925      79   98885  7086264  71.63
  1990           2      0.00054  0.00054  0.50   98846      53   98819  6987379  70.69
  1990           3      0.00041  0.00041  0.50   98793      40   98772  6888560  69.73
  1990           4      0.00034  0.00034  0.50   98752      33   98736  6789787  68.76
  1990           5      0.00029  0.00029  0.50   98719      29   98705  6691051  67.78
  1990           6      0.00027  0.00027  0.50   98690      27   98677  6592346  66.80
  1990           7      0.00025  0.00025  0.50   98664      24   98652  6493669  65.82
  1990           8      0.00025  0.00025  0.50   98639      25   98627  6395018  64.83
  1990           9      0.00022  0.00022  0.50   98615      22   98604  6296391  63.85
  1990          10      0.00022  0.00022  0.50   98593      22   98582  6197787  62.86
  1990          11      0.00022  0.00022  0.50   98571      22   98560  6099205  61.88
  1990          12      0.00028  0.00028  0.50   98549      27   98535  6000645  60.89
  1990          13      0.00034  0.00034  0.50   98522      34   98505  5902110  59.91
  1990          14      0.00052  0.00051  0.50   98488      51   98462  5803605  58.93
  1990          15      0.00069  0.00069  0.50   98437      68   98403  5705142  57.96
  1990          16      0.00104  0.00104  0.50   98369     102   98318  5606739  57.00
  1990          17      0.00133  0.00133  0.50   98267     131   98202  5508421  56.06
  1990          18      0.00166  0.00166  0.50   98137     163   98055  5410219  55.13
  1990          19      0.00160  0.00160  0.50   97974     156   97896  5312164  54.22
  1990          20      0.00159  0.00159  0.50   97818     155   97740  5214268  53.31
  1990          21      0.00165  0.00165  0.50   97663     161   97582  5116528  52.39
  1990          22      0.00172  0.00172  0.50   97502     167   97418  5018946  51.48
  1990          23      0.00171  0.00171  0.50   97334     166   97251  4921528  50.56
  1990          24      0.00165  0.00165  0.50   97168     160   97088  4824277  49.65
  1990          25      0.00176  0.00176  0.50   97008     171   96922  4727189  48.73
  1990          26      0.00176  0.00176  0.50   96837     170   96752  4630267  47.82
  1990          27      0.00185  0.00185  0.50   96666     179   96577  4533515  46.90
  1990          28      0.00196  0.00195  0.50   96488     189   96394  4436938  45.98
  1990          29      0.00193  0.00192  0.50   96299     185   96207  4340544  45.07
  1990          30      0.00204  0.00204  0.50   96114     196   96016  4244338  44.16
  1990          31      0.00211  0.00211  0.50   95918     203   95817  4148321  43.25
  1990          32      0.00226  0.00226  0.50   95716     216   95608  4052504  42.34
  1990          33      0.00234  0.00234  0.50   95500     224   95388  3956897  41.43
  1990          34      0.00235  0.00235  0.50   95276     224   95164  3861509  40.53
  1990          35      0.00259  0.00258  0.50   95052     246   94930  3766345  39.62
  1990          36      0.00266  0.00265  0.50   94807     251   94681  3671415  38.73
  1990          37      0.00281  0.00281  0.50   94555     266   94423  3576734  37.83
  1990          38      0.00304  0.00303  0.50   94290     286   94147  3482311  36.93
  1990          39      0.00287  0.00287  0.50   94004     269   93869  3388165  36.04
  1990          40      0.00308  0.00307  0.50   93734     288   93590  3294295  35.14
  1990          41      0.00321  0.00320  0.50   93446     299   93297  3200705  34.25
  1990          42      0.00347  0.00346  0.50   93147     322   92986  3107409  33.36
  1990          43      0.00356  0.00355  0.50   92825     330   92660  3014423  32.47
  1990          44      0.00379  0.00378  0.50   92495     350   92320  2921763  31.59
  1990          45      0.00413  0.00412  0.50   92145     379   91956  2829443  30.71
  1990          46      0.00455  0.00454  0.50   91766     416   91558  2737488  29.83
  1990          47      0.00484  0.00483  0.50   91350     441   91129  2645930  28.96
  1990          48      0.00556  0.00555  0.50   90908     504   90656  2554801  28.10
  1990          49      0.00552  0.00550  0.50   90404     498   90155  2464145  27.26
  1990          50      0.00619  0.00617  0.50   89907     555   89629  2373990  26.41
  1990          51      0.00689  0.00687  0.50   89352     614   89045  2284361  25.57
  1990          52      0.00766  0.00763  0.50   88738     677   88400  2195316  24.74
  1990          53      0.00805  0.00802  0.50   88061     706   87708  2106916  23.93
  1990          54      0.00894  0.00890  0.50   87355     778   86966  2019208  23.11
  1990          55      0.01011  0.01006  0.50   86577     871   86142  1932242  22.32
  1990          56      0.01078  0.01073  0.50   85706     919   85247  1846100  21.54
  1990          57      0.01180  0.01173  0.50   84787     995   84290  1760853  20.77
  1990          58      0.01390  0.01381  0.50   83792    1157   83214  1676563  20.01
  1990          59      0.01384  0.01374  0.50   82636    1135   82068  1593349  19.28
  1990          60      0.01577  0.01565  0.50   81500    1276   80862  1511282  18.54
  1990          61      0.01701  0.01687  0.50   80225    1353   79548  1430419  17.83
  1990          62      0.01949  0.01931  0.50   78871    1523   78110  1350871  17.13
  1990          63      0.02077  0.02056  0.50   77348    1590   76553  1272762  16.45
  1990          64      0.02201  0.02177  0.50   75758    1649   74933  1196208  15.79
  1990          65      0.02479  0.02449  0.50   74109    1815   73201  1121275  15.13
  1990          66      0.02638  0.02603  0.50   72294    1882   71353  1048073  14.50
  1990          67      0.02785  0.02747  0.50   70412    1934   69445   976720  13.87
  1990          68      0.03130  0.03082  0.50   68478    2110   67423   907275  13.25
  1990          69      0.03311  0.03257  0.50   66368    2162   65287   839853  12.65
  1990          70      0.03663  0.03597  0.50   64206    2309   63051   774566  12.06
  1990          71      0.03858  0.03785  0.50   61896    2343   60725   711515  11.50
  1990          72      0.04330  0.04238  0.50   59553    2524   58291   650790  10.93
  1990          73      0.04771  0.04659  0.50   57030    2657   55701   592498  10.39
  1990          74      0.05136  0.05007  0.50   54372    2722   53011   536797   9.87
  1990          75      0.05528  0.05379  0.50   51650    2778   50261   483786   9.37
  1990          76      0.06155  0.05971  0.50   48871    2918   47412   433526   8.87
  1990          77      0.06705  0.06487  0.50   45953    2981   44463   386113   8.40
  1990          78      0.07006  0.06769  0.50   42972    2909   41518   341651   7.95
  1990          79      0.07777  0.07486  0.50   40063    2999   38564   300133   7.49
  1990          80      0.08907  0.08528  0.50   37064    3161   35484   261569   7.06
  1990          81      0.09669  0.09223  0.50   33904    3127   32340   226085   6.67
  1990          82      0.10457  0.09937  0.50   30777    3058   29247   193745   6.30
  1990          83      0.11448  0.10828  0.50   27718    3001   26218   164498   5.93
  1990          84      0.12383  0.11661  0.50   24717    2882   23276   138280   5.59
  1990          85      0.13388  0.12548  0.50   21835    2740   20465   115004   5.27
  1990          86      0.14820  0.13798  0.50   19095    2635   17778    94540   4.95
  1990          87      0.15849  0.14685  0.50   16460    2417   15252    76762   4.66
  1990          88      0.17238  0.15870  0.50   14043    2229   12929    61510   4.38
  1990          89      0.18929  0.17293  0.50   11814    2043   10793    48582   4.11
  1990          90      0.20677  0.18739  0.50    9771    1831    8856    37789   3.87
  1990          91      0.22113  0.19912  0.50    7940    1581    7150    28933   3.64
  1990          92      0.24054  0.21472  0.50    6359    1365    5676    21783   3.43
  1990          93      0.26600  0.23478  0.50    4994    1172    4408    16107   3.23
  1990          94      0.28342  0.24824  0.50    3821     949    3347    11699   3.06
  1990          95      0.29798  0.25934  0.50    2873     745    2500     8352   2.91
  1990          96      0.31911  0.27520  0.50    2128     586    1835     5852   2.75
  1990          97      0.34100  0.29133  0.50    1542     449    1318     4017   2.60
  1990          98      0.36360  0.30767  0.50    1093     336     925     2700   2.47
  1990          99      0.38681  0.32413  0.50     757     245     634     1775   2.35
  1990         100      0.41056  0.34063  0.50     511     174     424     1141   2.23
  1990         101      0.43472  0.35710  0.50     337     120     277      717   2.13
  1990         102      0.45920  0.37345  0.50     217      81     176      440   2.03
  1990         103      0.48388  0.38961  0.50     136      53     109      263   1.94
  1990         104      0.50863  0.40551  0.50      83      34      66      154   1.86
  1990         105      0.53335  0.42106  0.50      49      21      39       88   1.78
  1990         106      0.55790  0.43622  0.50      29      12      22       49   1.71
  1990         107      0.58217  0.45092  0.50      16       7      12       27   1.65
  1990         108      0.60605  0.46511  0.50       9       4       7       14   1.60
  1990         109      0.62944  0.47876  0.50       5       2       4        7   1.56
  1990         110+     0.65223  1.00000  1.53       2       2       4        4   1.53
  1991           0      0.01037  0.01027  0.13  100000    1027   99105  7203214  72.03
  1991           1      0.00078  0.00078  0.50   98973      78   98934  7104109  71.78
  1991           2      0.00053  0.00053  0.50   98895      52   98869  7005175  70.83
  1991           3      0.00043  0.00043  0.50   98843      42   98822  6906306  69.87
  1991           4      0.00033  0.00033  0.50   98801      33   98785  6807484  68.90
  1991           5      0.00030  0.00030  0.50   98768      30   98753  6708699  67.92
  1991           6      0.00025  0.00025  0.50   98738      24   98726  6609946  66.94
  1991           7      0.00023  0.00023  0.50   98714      22   98703  6511220  65.96
  1991           8      0.00023  0.00023  0.50   98691      23   98680  6412518  64.98
  1991           9      0.00022  0.00022  0.50   98669      22   98658  6313838  63.99
  1991          10      0.00024  0.00024  0.50   98647      23   98635  6215180  63.00
  1991          11      0.00026  0.00026  0.50   98624      26   98611  6116544  62.02
  1991          12      0.00026  0.00026  0.50   98598      26   98585  6017934  61.04
  1991          13      0.00038  0.00038  0.50   98572      38   98553  5919349  60.05
  1991          14      0.00052  0.00051  0.50   98534      51   98509  5820796  59.07
  1991          15      0.00070  0.00070  0.50   98484      69   98449  5722287  58.10
  1991          16      0.00107  0.00107  0.50   98415     105   98362  5623837  57.14
  1991          17      0.00129  0.00129  0.50   98310     127   98246  5525475  56.20
  1991          18      0.00166  0.00166  0.50   98183     163   98102  5427229  55.28
  1991          19      0.00161  0.00161  0.50   98020     158   97941  5329127  54.37
  1991          20      0.00162  0.00162  0.50   97862     159   97783  5231185  53.45
  1991          21      0.00169  0.00169  0.50   97704     165   97621  5133402  52.54
  1991          22      0.00170  0.00170  0.50   97538     166   97455  5035781  51.63
  1991          23      0.00167  0.00166  0.50   97372     162   97291  4938326  50.72
  1991          24      0.00158  0.00158  0.50   97210     154   97133  4841035  49.80
  1991          25      0.00168  0.00168  0.50   97056     163   96975  4743901  48.88
  1991          26      0.00173  0.00173  0.50   96893     168   96809  4646927  47.96
  1991          27      0.00185  0.00184  0.50   96725     178   96636  4550117  47.04
  1991          28      0.00192  0.00192  0.50   96547     186   96454  4453481  46.13
  1991          29      0.00185  0.00185  0.50   96362     178   96272  4357026  45.22
  1991          30      0.00201  0.00201  0.50   96183     194   96086  4260754  44.30
  1991          31      0.00216  0.00216  0.50   95990     207   95886  4164668  43.39
  1991          32      0.00221  0.00221  0.50   95782     211   95676  4068782  42.48
  1991          33      0.00235  0.00235  0.50   95571     224   95459  3973106  41.57
  1991          34      0.00239  0.00239  0.50   95346     228   95233  3877647  40.67
  1991          35      0.00251  0.00251  0.50   95119     239   95000  3782414  39.77
  1991          36      0.00272  0.00272  0.50   94880     258   94751  3687415  38.86
  1991          37      0.00283  0.00282  0.50   94622     267   94489  3592664  37.97
  1991          38      0.00305  0.00304  0.50   94355     287   94211  3498175  37.07
  1991          39      0.00292  0.00291  0.50   94068     274   93931  3403964  36.19
  1991          40      0.00318  0.00317  0.50   93794     298   93645  3310033  35.29
  1991          41      0.00337  0.00336  0.50   93496     314   93339  3216388  34.40
  1991          42      0.00352  0.00352  0.50   93182     328   93018  3123049  33.52
  1991          43      0.00360  0.00359  0.50   92854     333   92687  3030031  32.63
  1991          44      0.00371  0.00370  0.50   92521     343   92349  2937344  31.75
  1991          45      0.00417  0.00416  0.50   92178     384   91986  2844994  30.86
  1991          46      0.00460  0.00459  0.50   91794     421   91584  2753008  29.99
  1991          47      0.00488  0.00487  0.50   91373     445   91151  2661424  29.13
  1991          48      0.00553  0.00551  0.50   90928     501   90677  2570274  28.27
  1991          49      0.00553  0.00552  0.50   90427     499   90178  2479596  27.42
  1991          50      0.00616  0.00614  0.50   89928     552   89652  2389419  26.57
  1991          51      0.00669  0.00667  0.50   89376     596   89078  2299767  25.73
  1991          52      0.00744  0.00741  0.50   88780     658   88451  2210689  24.90
  1991          53      0.00793  0.00790  0.50   88122     696   87774  2122238  24.08
  1991          54      0.00860  0.00856  0.50   87426     749   87051  2034464  23.27
  1991          55      0.00975  0.00970  0.50   86677     841   86257  1947412  22.47
  1991          56      0.01083  0.01077  0.50   85836     924   85374  1861156  21.68
  1991          57      0.01155  0.01149  0.50   84912     975   84424  1775781  20.91
  1991          58      0.01329  0.01320  0.50   83937    1108   83383  1691357  20.15
  1991          59      0.01394  0.01384  0.50   82829    1146   82256  1607975  19.41
  1991          60      0.01550  0.01538  0.50   81682    1256   81054  1525719  18.68
  1991          61      0.01714  0.01699  0.50   80426    1367   79743  1444665  17.96
  1991          62      0.01845  0.01828  0.50   79060    1446   78337  1364922  17.26
  1991          63      0.02011  0.01991  0.50   77614    1545   76842  1286585  16.58
  1991          64      0.02199  0.02175  0.50   76069    1655   75242  1209743  15.90
  1991          65      0.02392  0.02364  0.50   74414    1759   73535  1134502  15.25
  1991          66      0.02595  0.02562  0.50   72655    1861   71725  1060967  14.60
  1991          67      0.02804  0.02765  0.50   70794    1957   69815   989242  13.97
  1991          68      0.03025  0.02980  0.50   68837    2052   67811   919427  13.36
  1991          69      0.03295  0.03241  0.50   66785    2165   65703   851616  12.75
  1991          70      0.03556  0.03494  0.50   64620    2258   63491   785914  12.16
  1991          71      0.03948  0.03872  0.50   62363    2415   61155   722422  11.58
  1991          72      0.04130  0.04046  0.50   59948    2426   58735   661267  11.03
  1991          73      0.04732  0.04622  0.50   57522    2659   56193   602532  10.47
  1991          74      0.05017  0.04894  0.50   54863    2685   53521   546339   9.96
  1991          75      0.05449  0.05304  0.50   52178    2768   50794   492818   9.44
  1991          76      0.05935  0.05763  0.50   49410    2848   47987   442024   8.95
  1991          77      0.06571  0.06362  0.50   46563    2962   45082   394037   8.46
  1991          78      0.06948  0.06714  0.50   43601    2927   42137   348956   8.00
  1991          79      0.07449  0.07181  0.50   40673    2921   39213   306819   7.54
  1991          80      0.08765  0.08397  0.50   37752    3170   36167   267606   7.09
  1991          81      0.09496  0.09066  0.50   34582    3135   33015   231439   6.69
  1991          82      0.10335  0.09827  0.50   31447    3090   29902   198424   6.31
  1991          83      0.11499  0.10874  0.50   28357    3084   26815   168522   5.94
  1991          84      0.12433  0.11705  0.50   25273    2958   23794   141708   5.61
  1991          85      0.13580  0.12716  0.50   22315    2838   20896   117914   5.28
  1991          86      0.14575  0.13585  0.50   19477    2646   18154    97018   4.98
  1991          87      0.15875  0.14707  0.50   16831    2475   15594    78863   4.69
  1991          88      0.17090  0.15745  0.50   14356    2260   13226    63270   4.41
  1991          89      0.18658  0.17066  0.50   12096    2064   11063    50044   4.14
  1991          90      0.20433  0.18539  0.50   10031    1860    9101    38981   3.89
  1991          91      0.22382  0.20129  0.50    8172    1645    7349    29879   3.66
  1991          92      0.23676  0.21170  0.50    6527    1382    5836    22530   3.45
  1991          93      0.25785  0.22840  0.50    5145    1175    4557    16694   3.24
  1991          94      0.28155  0.24681  0.50    3970     980    3480    12137   3.06
  1991          95      0.29908  0.26017  0.50    2990     778    2601     8657   2.90
  1991          96      0.32050  0.27624  0.50    2212     611    1907     6056   2.74
  1991          97      0.34271  0.29258  0.50    1601     468    1367     4149   2.59
  1991          98      0.36563  0.30912  0.50    1133     350     958     2782   2.46
  1991          99      0.38918  0.32578  0.50     783     255     655     1825   2.33
  1991         100      0.41325  0.34248  0.50     528     181     437     1170   2.22
  1991         101      0.43774  0.35914  0.50     347     125     285      732   2.11
  1991         102      0.46255  0.37566  0.50     222      84     181      448   2.01
  1991         103      0.48753  0.39198  0.50     139      54     112      267   1.92
  1991         104      0.51258  0.40801  0.50      84      34      67      156   1.84
  1991         105      0.53757  0.42369  0.50      50      21      39       88   1.77
  1991         106      0.56237  0.43895  0.50      29      13      22       49   1.70
  1991         107      0.58687  0.45373  0.50      16       7      12       27   1.64
  1991         108      0.61094  0.46798  0.50       9       4       7       14   1.59
  1991         109      0.63448  0.48167  0.50       5       2       4        7   1.55
  1991         110+     0.65739  1.00000  1.52       2       2       4        4   1.52
  1992           0      0.00967  0.00959  0.13  100000     959   99165  7232470  72.32
  1992           1      0.00071  0.00071  0.50   99041      70   99006  7133304  72.02
  1992           2      0.00051  0.00051  0.50   98970      50   98945  7034299  71.07
  1992           3      0.00039  0.00039  0.50   98920      38   98901  6935354  70.11
  1992           4      0.00031  0.00031  0.50   98882      30   98866  6836453  69.14
  1992           5      0.00027  0.00027  0.50   98851      27   98838  6737587  68.16
  1992           6      0.00023  0.00023  0.50   98824      23   98813  6638749  67.18
  1992           7      0.00022  0.00022  0.50   98802      22   98791  6539936  66.19
  1992           8      0.00024  0.00024  0.50   98780      24   98768  6441145  65.21
  1992           9      0.00022  0.00022  0.50   98756      21   98745  6342378  64.22
  1992          10      0.00021  0.00021  0.50   98734      21   98724  6243633  63.24
  1992          11      0.00023  0.00023  0.50   98714      22   98702  6144909  62.25
  1992          12      0.00028  0.00028  0.50   98691      27   98677  6046206  61.26
  1992          13      0.00035  0.00035  0.50   98664      35   98646  5947529  60.28
  1992          14      0.00048  0.00048  0.50   98629      47   98606  5848882  59.30
  1992          15      0.00071  0.00071  0.50   98582      70   98547  5750277  58.33
  1992          16      0.00104  0.00104  0.50   98512     103   98460  5651730  57.37
  1992          17      0.00124  0.00124  0.50   98409     122   98348  5553270  56.43
  1992          18      0.00150  0.00150  0.50   98287     147   98214  5454922  55.50
  1992          19      0.00155  0.00155  0.50   98140     152   98064  5356709  54.58
  1992          20      0.00154  0.00154  0.50   97988     150   97913  5258645  53.67
  1992          21      0.00166  0.00166  0.50   97837     163   97756  5160732  52.75
  1992          22      0.00162  0.00162  0.50   97675     158   97596  5062976  51.84
  1992          23      0.00157  0.00157  0.50   97517     153   97440  4965381  50.92
  1992          24      0.00153  0.00153  0.50   97363     149   97289  4867941  50.00
  1992          25      0.00158  0.00158  0.50   97214     153   97138  4770652  49.07
  1992          26      0.00166  0.00166  0.50   97061     161   96981  4673514  48.15
  1992          27      0.00176  0.00176  0.50   96900     170   96815  4576533  47.23
  1992          28      0.00190  0.00190  0.50   96730     183   96638  4479718  46.31
  1992          29      0.00184  0.00184  0.50   96547     177   96458  4383080  45.40
  1992          30      0.00200  0.00200  0.50   96369     193   96273  4286622  44.48
  1992          31      0.00212  0.00211  0.50   96177     203   96075  4190349  43.57
  1992          32      0.00220  0.00220  0.50   95973     211   95868  4094274  42.66
  1992          33      0.00237  0.00237  0.50   95762     227   95649  3998406  41.75
  1992          34      0.00239  0.00238  0.50   95536     228   95422  3902757  40.85
  1992          35      0.00260  0.00260  0.50   95308     247   95184  3807335  39.95
  1992          36      0.00266  0.00266  0.50   95061     252   94934  3712150  39.05
  1992          37      0.00273  0.00273  0.50   94808     259   94679  3617216  38.15
  1992          38      0.00316  0.00316  0.50   94550     298   94400  3522537  37.26
  1992          39      0.00299  0.00299  0.50   94251     282   94110  3428137  36.37
  1992          40      0.00325  0.00325  0.50   93969     305   93817  3334026  35.48
  1992          41      0.00348  0.00348  0.50   93664     326   93501  3240209  34.59
  1992          42      0.00362  0.00361  0.50   93339     337   93170  3146708  33.71
  1992          43      0.00381  0.00380  0.50   93001     353   92824  3053538  32.83
  1992          44      0.00384  0.00383  0.50   92648     355   92470  2960714  31.96
  1992          45      0.00404  0.00404  0.50   92293     372   92106  2868243  31.08
  1992          46      0.00470  0.00469  0.50   91920     431   91705  2776137  30.20
  1992          47      0.00491  0.00489  0.50   91489     448   91265  2684432  29.34
  1992          48      0.00544  0.00542  0.50   91041     494   90794  2593167  28.48
  1992          49      0.00549  0.00548  0.50   90547     496   90300  2502373  27.64
  1992          50      0.00604  0.00602  0.50   90052     542   89780  2412074  26.79
  1992          51      0.00669  0.00667  0.50   89509     597   89211  2322293  25.94
  1992          52      0.00731  0.00728  0.50   88912     647   88588  2233083  25.12
  1992          53      0.00786  0.00783  0.50   88265     691   87919  2144494  24.30
  1992          54      0.00839  0.00836  0.50   87574     732   87208  2056575  23.48
  1992          55      0.00952  0.00948  0.50   86842     823   86430  1969368  22.68
  1992          56      0.01036  0.01031  0.50   86019     887   85575  1882937  21.89
  1992          57      0.01124  0.01118  0.50   85132     952   84656  1797362  21.11
  1992          58      0.01309  0.01301  0.50   84180    1095   83633  1712705  20.35
  1992          59      0.01346  0.01337  0.50   83085    1111   82530  1629072  19.61
  1992          60      0.01536  0.01524  0.50   81975    1249   81350  1546542  18.87
  1992          61      0.01641  0.01628  0.50   80726    1314   80069  1465192  18.15
  1992          62      0.01821  0.01804  0.50   79411    1433   78695  1385124  17.44
  1992          63      0.01943  0.01924  0.50   77979    1500   77229  1306428  16.75
  1992          64      0.02108  0.02086  0.50   76478    1595   75681  1229200  16.07
  1992          65      0.02349  0.02322  0.50   74883    1739   74014  1153519  15.40
  1992          66      0.02512  0.02481  0.50   73144    1814   72237  1079505  14.76
  1992          67      0.02751  0.02714  0.50   71330    1936   70362  1007268  14.12
  1992          68      0.03078  0.03032  0.50   69394    2104   68342   936906  13.50
  1992          69      0.03187  0.03137  0.50   67290    2111   66235   868564  12.91
  1992          70      0.03472  0.03412  0.50   65180    2224   64068   802329  12.31
  1992          71      0.03815  0.03744  0.50   62955    2357   61777   738261  11.73
  1992          72      0.04100  0.04018  0.50   60599    2435   59381   676484  11.16
  1992          73      0.04467  0.04369  0.50   58164    2541   56893   617103  10.61
  1992          74      0.04967  0.04846  0.50   55622    2696   54275   560210  10.07
  1992          75      0.05270  0.05134  0.50   52927    2718   51568   505935   9.56
  1992          76      0.05724  0.05565  0.50   50209    2794   48812   454367   9.05
  1992          77      0.06335  0.06140  0.50   47415    2911   45960   405555   8.55
  1992          78      0.06852  0.06625  0.50   44504    2948   43030   359595   8.08
  1992          79      0.07439  0.07172  0.50   41555    2980   40065   316566   7.62
  1992          80      0.08409  0.08070  0.50   38575    3113   37019   276501   7.17
  1992          81      0.09339  0.08922  0.50   35462    3164   33880   239482   6.75
  1992          82      0.10336  0.09828  0.50   32298    3174   30711   205602   6.37
  1992          83      0.11026  0.10450  0.50   29124    3043   27602   174891   6.01
  1992          84      0.12153  0.11457  0.50   26080    2988   24586   147289   5.65
  1992          85      0.13305  0.12475  0.50   23092    2881   21652   122703   5.31
  1992          86      0.14354  0.13393  0.50   20212    2707   18858   101051   5.00
  1992          87      0.15574  0.14449  0.50   17505    2529   16240    82193   4.70
  1992          88      0.17201  0.15839  0.50   14976    2372   13790    65952   4.40
  1992          89      0.18590  0.17009  0.50   12604    2144   11532    52163   4.14
  1992          90      0.20199  0.18346  0.50   10460    1919    9500    40631   3.88
  1992          91      0.21660  0.19544  0.50    8541    1669    7706    31131   3.64
  1992          92      0.24157  0.21554  0.50    6872    1481    6131    23424   3.41
  1992          93      0.26581  0.23463  0.50    5391    1265    4758    17293   3.21
  1992          94      0.28372  0.24847  0.50    4126    1025    3613    12535   3.04
  1992          95      0.30036  0.26114  0.50    3101     810    2696     8922   2.88
  1992          96      0.32239  0.27764  0.50    2291     636    1973     6226   2.72
  1992          97      0.34524  0.29442  0.50    1655     487    1411     4253   2.57
  1992          98      0.36883  0.31140  0.50    1168     364     986     2842   2.43
  1992          99      0.39306  0.32850  0.50     804     264     672     1856   2.31
  1992         100      0.41783  0.34562  0.50     540     187     447     1184   2.19
  1992         101      0.44302  0.36268  0.50     353     128     289      737   2.09
  1992         102      0.46851  0.37959  0.50     225      85     182      448   1.99
  1992         103      0.49416  0.39626  0.50     140      55     112      265   1.90
  1992         104      0.51985  0.41260  0.50      84      35      67      153   1.82
  1992         105      0.54543  0.42855  0.50      50      21      39       86   1.74
  1992         106      0.57077  0.44404  0.50      28      13      22       47   1.68
  1992         107      0.59574  0.45902  0.50      16       7      12       25   1.62
  1992         108      0.62023  0.47342  0.50       9       4       6       13   1.57
  1992         109      0.64413  0.48721  0.50       4       2       3        7   1.52
  1992         110+     0.66732  1.00000  1.50       2       2       3        3   1.50
  1993           0      0.00950  0.00942  0.13  100000     942   99181  7217076  72.17
  1993           1      0.00072  0.00072  0.50   99058      71   99022  7117895  71.86
  1993           2      0.00052  0.00052  0.50   98986      51   98961  7018873  70.91
  1993           3      0.00042  0.00042  0.50   98935      41   98914  6919912  69.94
  1993           4      0.00032  0.00032  0.50   98894      32   98878  6820998  68.97
  1993           5      0.00024  0.00024  0.50   98862      24   98850  6722120  68.00
  1993           6      0.00026  0.00026  0.50   98838      26   98825  6623270  67.01
  1993           7      0.00023  0.00023  0.50   98813      23   98801  6524445  66.03
  1993           8      0.00023  0.00023  0.50   98790      22   98778  6425644  65.04
  1993           9      0.00019  0.00019  0.50   98767      19   98757  6326865  64.06
  1993          10      0.00021  0.00021  0.50   98748      20   98738  6228108  63.07
  1993          11      0.00022  0.00022  0.50   98728      22   98716  6129370  62.08
  1993          12      0.00027  0.00027  0.50   98705      27   98692  6030654  61.10
  1993          13      0.00036  0.00036  0.50   98679      36   98661  5931962  60.11
  1993          14      0.00052  0.00052  0.50   98643      51   98617  5833301  59.14
  1993          15      0.00071  0.00071  0.50   98592      70   98557  5734684  58.17
  1993          16      0.00107  0.00107  0.50   98522     105   98469  5636127  57.21
  1993          17      0.00126  0.00126  0.50   98416     124   98355  5537658  56.27
  1993          18      0.00157  0.00156  0.50   98293     154   98216  5439303  55.34
  1993          19      0.00162  0.00162  0.50   98139     159   98060  5341087  54.42
  1993          20      0.00160  0.00160  0.50   97980     156   97902  5243028  53.51
  1993          21      0.00169  0.00168  0.50   97824     165   97741  5145126  52.60
  1993          22      0.00164  0.00164  0.50   97659     160   97579  5047384  51.68
  1993          23      0.00166  0.00166  0.50   97498     162   97418  4949806  50.77
  1993          24      0.00156  0.00156  0.50   97337     152   97261  4852388  49.85
  1993          25      0.00158  0.00158  0.50   97185     153   97108  4755127  48.93
  1993          26      0.00163  0.00163  0.50   97032     158   96953  4658019  48.01
  1993          27      0.00172  0.00171  0.50   96874     166   96791  4561066  47.08
  1993          28      0.00193  0.00193  0.50   96708     187   96614  4464275  46.16
  1993          29      0.00191  0.00191  0.50   96521     184   96429  4367661  45.25
  1993          30      0.00207  0.00207  0.50   96337     200   96237  4271232  44.34
  1993          31      0.00218  0.00218  0.50   96137     210   96033  4174995  43.43
  1993          32      0.00232  0.00232  0.50   95928     222   95817  4078962  42.52
  1993          33      0.00245  0.00245  0.50   95705     234   95588  3983146  41.62
  1993          34      0.00246  0.00246  0.50   95471     234   95354  3887557  40.72
  1993          35      0.00254  0.00253  0.50   95237     241   95116  3792204  39.82
  1993          36      0.00282  0.00282  0.50   94996     268   94862  3697087  38.92
  1993          37      0.00290  0.00290  0.50   94728     275   94591  3602226  38.03
  1993          38      0.00315  0.00315  0.50   94453     298   94305  3507635  37.14
  1993          39      0.00309  0.00309  0.50   94156     291   94011  3413330  36.25
  1993          40      0.00332  0.00331  0.50   93865     311   93710  3319320  35.36
  1993          41      0.00362  0.00361  0.50   93554     338   93386  3225610  34.48
  1993          42      0.00374  0.00374  0.50   93217     348   93043  3132224  33.60
  1993          43      0.00402  0.00401  0.50   92868     373   92682  3039182  32.73
  1993          44      0.00393  0.00392  0.50   92496     363   92314  2946500  31.86
  1993          45      0.00418  0.00417  0.50   92133     384   91941  2854185  30.98
  1993          46      0.00448  0.00447  0.50   91749     410   91544  2762245  30.11
  1993          47      0.00502  0.00501  0.50   91339     457   91110  2670701  29.24
  1993          48      0.00537  0.00536  0.50   90881     487   90638  2579591  28.38
  1993          49      0.00548  0.00546  0.50   90394     494   90147  2488953  27.53
  1993          50      0.00614  0.00612  0.50   89900     551   89625  2398806  26.68
  1993          51      0.00677  0.00675  0.50   89350     603   89048  2309181  25.84
  1993          52      0.00737  0.00734  0.50   88747     651   88421  2220132  25.02
  1993          53      0.00798  0.00794  0.50   88096     700   87746  2131711  24.20
  1993          54      0.00846  0.00843  0.50   87396     737   87027  2043966  23.39
  1993          55      0.00943  0.00939  0.50   86659     814   86252  1956938  22.58
  1993          56      0.01037  0.01032  0.50   85845     886   85403  1870686  21.79
  1993          57      0.01122  0.01116  0.50   84960     948   84486  1785283  21.01
  1993          58      0.01313  0.01305  0.50   84012    1096   83464  1700797  20.24
  1993          59      0.01348  0.01339  0.50   82916    1110   82361  1617334  19.51
  1993          60      0.01513  0.01502  0.50   81806    1229   81191  1534973  18.76
  1993          61      0.01681  0.01667  0.50   80577    1344   79905  1453782  18.04
  1993          62      0.01823  0.01807  0.50   79234    1432   78518  1373876  17.34
  1993          63      0.01946  0.01927  0.50   77802    1500   77052  1295358  16.65
  1993          64      0.02082  0.02061  0.50   76302    1572   75516  1218306  15.97
  1993          65      0.02338  0.02311  0.50   74730    1727   73866  1142790  15.29
  1993          66      0.02512  0.02481  0.50   73003    1811   72097  1068924  14.64
  1993          67      0.02744  0.02707  0.50   71191    1927   70228   996826  14.00
  1993          68      0.03101  0.03053  0.50   69264    2115   68207   926599  13.38
  1993          69      0.03272  0.03220  0.50   67149    2162   66068   858392  12.78
  1993          70      0.03502  0.03441  0.50   64987    2236   63869   792323  12.19
  1993          71      0.03836  0.03764  0.50   62751    2362   61570   728454  11.61
  1993          72      0.04088  0.04006  0.50   60389    2419   59179   666884  11.04
  1993          73      0.04591  0.04488  0.50   57970    2602   56669   607705  10.48
  1993          74      0.04848  0.04733  0.50   55368    2621   54058   551036   9.95
  1993          75      0.05357  0.05217  0.50   52747    2752   51371   496978   9.42
  1993          76      0.05848  0.05681  0.50   49996    2840   48575   445607   8.91
  1993          77      0.06332  0.06138  0.50   47155    2894   45708   397031   8.42
  1993          78      0.06947  0.06714  0.50   44261    2972   42775   351323   7.94
  1993          79      0.07539  0.07265  0.50   41289    3000   39789   308548   7.47
  1993          80      0.08763  0.08395  0.50   38290    3214   36682   268759   7.02
  1993          81      0.09514  0.09082  0.50   35075    3185   33483   232076   6.62
  1993          82      0.10486  0.09963  0.50   31890    3177   30301   198594   6.23
  1993          83      0.11451  0.10831  0.50   28713    3110   27158   168293   5.86
  1993          84      0.12396  0.11673  0.50   25603    2989   24108   141135   5.51
  1993          85      0.13719  0.12838  0.50   22614    2903   21162   117027   5.17
  1993          86      0.14896  0.13864  0.50   19711    2733   18344    95864   4.86
  1993          87      0.16301  0.15072  0.50   16978    2559   15699    77520   4.57
  1993          88      0.17661  0.16228  0.50   14419    2340   13249    61821   4.29
  1993          89      0.19597  0.17848  0.50   12079    2156   11001    48572   4.02
  1993          90      0.20798  0.18839  0.50    9923    1869    8989    37571   3.79
  1993          91      0.22240  0.20015  0.50    8054    1612    7248    28582   3.55
  1993          92      0.24855  0.22108  0.50    6442    1424    5730    21334   3.31
  1993          93      0.27545  0.24210  0.50    5018    1215    4410    15604   3.11
  1993          94      0.29519  0.25723  0.50    3803     978    3314    11194   2.94
  1993          95      0.31147  0.26950  0.50    2825     761    2444     7880   2.79
  1993          96      0.33429  0.28641  0.50    2063     591    1768     5436   2.63
  1993          97      0.35790  0.30358  0.50    1472     447    1249     3668   2.49
  1993          98      0.38223  0.32090  0.50    1025     329     861     2419   2.36
  1993          99      0.40716  0.33829  0.50     696     236     579     1559   2.24
  1993         100      0.43258  0.35565  0.50     461     164     379      980   2.13
  1993         101      0.45836  0.37290  0.50     297     111     242      601   2.02
  1993         102      0.48436  0.38993  0.50     186      73     150      360   1.93
  1993         103      0.51045  0.40666  0.50     114      46      90      210   1.85
  1993         104      0.53648  0.42301  0.50      67      29      53      119   1.77
  1993         105      0.56231  0.43891  0.50      39      17      30       66   1.70
  1993         106      0.58781  0.45429  0.50      22      10      17       36   1.63
  1993         107      0.61285  0.46911  0.50      12       6       9       19   1.58
  1993         108      0.63731  0.48330  0.50       6       3       5       10   1.53
  1993         109      0.66107  0.49685  0.50       3       2       2        5   1.49
  1993         110+     0.68405  1.00000  1.46       2       2       2        2   1.46
  1994           0      0.00907  0.00900  0.13  100000     900   99218  7238906  72.39
  1994           1      0.00070  0.00070  0.50   99100      69   99066  7139688  72.05
  1994           2      0.00050  0.00050  0.50   99031      50   99006  7040622  71.09
  1994           3      0.00039  0.00039  0.50   98982      39   98962  6941616  70.13
  1994           4      0.00031  0.00031  0.50   98943      31   98927  6842653  69.16
  1994           5      0.00026  0.00026  0.50   98912      26   98899  6743726  68.18
  1994           6      0.00024  0.00024  0.50   98887      24   98875  6644827  67.20
  1994           7      0.00020  0.00020  0.50   98863      20   98853  6545952  66.21
  1994           8      0.00022  0.00022  0.50   98842      21   98832  6447100  65.23
  1994           9      0.00020  0.00020  0.50   98821      20   98811  6348268  64.24
  1994          10      0.00022  0.00022  0.50   98801      21   98790  6249457  63.25
  1994          11      0.00022  0.00022  0.50   98780      22   98768  6150667  62.27
  1994          12      0.00027  0.00027  0.50   98757      26   98744  6051898  61.28
  1994          13      0.00035  0.00035  0.50   98731      34   98714  5953154  60.30
  1994          14      0.00049  0.00049  0.50   98697      49   98673  5854440  59.32
  1994          15      0.00072  0.00072  0.50   98648      71   98613  5755767  58.35
  1994          16      0.00104  0.00104  0.50   98578     102   98527  5657154  57.39
  1994          17      0.00130  0.00129  0.50   98475     127   98412  5558628  56.45
  1994          18      0.00156  0.00156  0.50   98348     153   98271  5460216  55.52
  1994          19      0.00164  0.00163  0.50   98195     161   98114  5361945  54.61
  1994          20      0.00160  0.00160  0.50   98034     157   97956  5263830  53.69
  1994          21      0.00170  0.00169  0.50   97877     166   97794  5165875  52.78
  1994          22      0.00162  0.00162  0.50   97711     158   97632  5068081  51.87
  1994          23      0.00159  0.00159  0.50   97553     155   97475  4970449  50.95
  1994          24      0.00157  0.00157  0.50   97398     153   97322  4872973  50.03
  1994          25      0.00153  0.00153  0.50   97245     149   97171  4775652  49.11
  1994          26      0.00163  0.00162  0.50   97096     158   97017  4678481  48.18
  1994          27      0.00165  0.00165  0.50   96939     160   96859  4581463  47.26
  1994          28      0.00190  0.00190  0.50   96779     183   96687  4484605  46.34
  1994          29      0.00188  0.00188  0.50   96596     182   96505  4387917  45.43
  1994          30      0.00204  0.00204  0.50   96414     197   96315  4291413  44.51
  1994          31      0.00220  0.00220  0.50   96217     212   96111  4195097  43.60
  1994          32      0.00233  0.00233  0.50   96005     224   95893  4098986  42.70
  1994          33      0.00246  0.00246  0.50   95781     236   95664  4003093  41.79
  1994          34      0.00249  0.00249  0.50   95546     238   95427  3907429  40.90
  1994          35      0.00261  0.00260  0.50   95308     248   95184  3812003  40.00
  1994          36      0.00269  0.00269  0.50   95060     255   94932  3716819  39.10
  1994          37      0.00296  0.00295  0.50   94804     280   94665  3621886  38.20
  1994          38      0.00316  0.00316  0.50   94525     298   94376  3527222  37.32
  1994          39      0.00317  0.00317  0.50   94226     298   94077  3432846  36.43
  1994          40      0.00339  0.00338  0.50   93928     318   93769  3338769  35.55
  1994          41      0.00365  0.00364  0.50   93611     341   93440  3245000  34.66
  1994          42      0.00387  0.00386  0.50   93269     360   93089  3151560  33.79
  1994          43      0.00396  0.00395  0.50   92909     367   92726  3058470  32.92
  1994          44      0.00410  0.00409  0.50   92542     378   92353  2965744  32.05
  1994          45      0.00434  0.00433  0.50   92164     399   91965  2873391  31.18
  1994          46      0.00460  0.00459  0.50   91765     421   91554  2781427  30.31
  1994          47      0.00481  0.00480  0.50   91344     439   91124  2689872  29.45
  1994          48      0.00542  0.00541  0.50   90905     492   90659  2598748  28.59
  1994          49      0.00543  0.00542  0.50   90413     490   90169  2508089  27.74
  1994          50      0.00608  0.00606  0.50   89924     545   89651  2417920  26.89
  1994          51      0.00669  0.00667  0.50   89379     596   89081  2328269  26.05
  1994          52      0.00735  0.00733  0.50   88783     650   88458  2239188  25.22
  1994          53      0.00806  0.00802  0.50   88133     707   87779  2150730  24.40
  1994          54      0.00854  0.00851  0.50   87426     744   87054  2062951  23.60
  1994          55      0.00931  0.00927  0.50   86682     804   86280  1975897  22.79
  1994          56      0.00997  0.00992  0.50   85878     852   85452  1889617  22.00
  1994          57      0.01100  0.01094  0.50   85026     930   84561  1804165  21.22
  1994          58      0.01243  0.01236  0.50   84096    1039   83577  1719603  20.45
  1994          59      0.01312  0.01304  0.50   83057    1083   82516  1636026  19.70
  1994          60      0.01494  0.01483  0.50   81974    1216   81366  1553511  18.95
  1994          61      0.01623  0.01610  0.50   80758    1300   80108  1472145  18.23
  1994          62      0.01815  0.01798  0.50   79458    1429   78744  1392036  17.52
  1994          63      0.01896  0.01879  0.50   78029    1466   77296  1313292  16.83
  1994          64      0.02084  0.02063  0.50   76563    1579   75774  1235996  16.14
  1994          65      0.02215  0.02191  0.50   74984    1643   74163  1160222  15.47
  1994          66      0.02468  0.02438  0.50   73341    1788   72447  1086060  14.81
  1994          67      0.02681  0.02645  0.50   71553    1893   70607  1013613  14.17
  1994          68      0.02952  0.02909  0.50   69661    2026   68647   943006  13.54
  1994          69      0.03239  0.03188  0.50   67634    2156   66556   874358  12.93
  1994          70      0.03480  0.03421  0.50   65478    2240   64358   807802  12.34
  1994          71      0.03753  0.03684  0.50   63239    2330   62074   743443  11.76
  1994          72      0.04040  0.03960  0.50   60909    2412   59703   681369  11.19
  1994          73      0.04394  0.04299  0.50   58497    2515   57240   621666  10.63
  1994          74      0.04788  0.04676  0.50   55982    2618   54673   564426  10.08
  1994          75      0.05094  0.04968  0.50   53364    2651   52039   509753   9.55
  1994          76      0.05740  0.05580  0.50   50713    2830   49299   457714   9.03
  1994          77      0.06120  0.05938  0.50   47884    2843   46462   408415   8.53
  1994          78      0.06680  0.06464  0.50   45040    2911   43585   361953   8.04
  1994          79      0.07316  0.07058  0.50   42129    2973   40642   318369   7.56
  1994          80      0.08558  0.08207  0.50   39155    3214   37549   277727   7.09
  1994          81      0.09303  0.08889  0.50   35942    3195   34344   240178   6.68
  1994          82      0.10131  0.09642  0.50   32747    3158   31168   205834   6.29
  1994          83      0.11295  0.10691  0.50   29589    3163   28008   174665   5.90
  1994          84      0.12341  0.11624  0.50   26426    3072   24890   146658   5.55
  1994          85      0.13543  0.12684  0.50   23354    2962   21873   121768   5.21
  1994          86      0.14835  0.13811  0.50   20392    2816   18984    99895   4.90
  1994          87      0.15950  0.14772  0.50   17576    2596   16278    80911   4.60
  1994          88      0.17516  0.16105  0.50   14979    2412   13773    64633   4.31
  1994          89      0.18985  0.17339  0.50   12567    2179   11477    50860   4.05
  1994          90      0.20984  0.18992  0.50   10388    1973    9402    39383   3.79
  1994          91      0.22545  0.20261  0.50    8415    1705    7563    29981   3.56
  1994          92      0.24701  0.21986  0.50    6710    1475    5972    22419   3.34
  1994          93      0.26540  0.23431  0.50    5235    1227    4622    16446   3.14
  1994          94      0.29434  0.25658  0.50    4008    1028    3494    11825   2.95
  1994          95      0.31018  0.26854  0.50    2980     800    2580     8331   2.80
  1994          96      0.33322  0.28563  0.50    2180     623    1868     5751   2.64
  1994          97      0.35708  0.30299  0.50    1557     472    1321     3882   2.49
  1994          98      0.38167  0.32051  0.50    1085     348     911     2561   2.36
  1994          99      0.40689  0.33810  0.50     737     249     613     1650   2.24
  1994         100      0.43260  0.35567  0.50     488     174     401     1037   2.12
  1994         101      0.45868  0.37311  0.50     315     117     256      636   2.02
  1994         102      0.48499  0.39034  0.50     197      77     159      380   1.93
  1994         103      0.51139  0.40725  0.50     120      49      96      221   1.84
  1994         104      0.53772  0.42378  0.50      71      30      56      126   1.76
  1994         105      0.56384  0.43984  0.50      41      18      32       69   1.69
  1994         106      0.58961  0.45537  0.50      23      10      18       37   1.63
  1994         107      0.61490  0.47030  0.50      13       6      10       20   1.57
  1994         108      0.63958  0.48461  0.50       7       3       5       10   1.52
  1994         109      0.66355  0.49824  0.50       3       2       3        5   1.48
  1994         110+     0.68670  1.00000  1.46       2       2       2        2   1.46
  1995           0      0.00858  0.00851  0.13  100000     851   99261  7258737  72.59
  1995           1      0.00069  0.00069  0.50   99149      68   99115  7159475  72.21
  1995           2      0.00047  0.00047  0.50   99080      47   99057  7060361  71.26
  1995           3      0.00035  0.00035  0.50   99033      35   99016  6961304  70.29
  1995           4      0.00029  0.00029  0.50   98999      28   98985  6862288  69.32
  1995           5      0.00024  0.00024  0.50   98971      24   98958  6763303  68.34
  1995           6      0.00022  0.00022  0.50   98946      21   98936  6664345  67.35
  1995           7      0.00021  0.00021  0.50   98925      21   98915  6565409  66.37
  1995           8      0.00023  0.00023  0.50   98904      23   98893  6466495  65.38
  1995           9      0.00021  0.00021  0.50   98881      21   98871  6367602  64.40
  1995          10      0.00020  0.00020  0.50   98861      19   98851  6268731  63.41
  1995          11      0.00023  0.00023  0.50   98841      22   98830  6169880  62.42
  1995          12      0.00027  0.00027  0.50   98819      26   98806  6071050  61.44
  1995          13      0.00034  0.00034  0.50   98793      34   98776  5972244  60.45
  1995          14      0.00050  0.00050  0.50   98759      49   98734  5873469  59.47
  1995          15      0.00065  0.00065  0.50   98710      65   98678  5774734  58.50
  1995          16      0.00100  0.00100  0.50   98645      99   98596  5676057  57.54
  1995          17      0.00122  0.00122  0.50   98547     120   98487  5577461  56.60
  1995          18      0.00148  0.00148  0.50   98427     145   98354  5478974  55.67
  1995          19      0.00155  0.00155  0.50   98281     153   98205  5380620  54.75
  1995          20      0.00155  0.00154  0.50   98129     152   98053  5282415  53.83
  1995          21      0.00165  0.00164  0.50   97977     161   97897  5184362  52.91
  1995          22      0.00161  0.00160  0.50   97816     157   97738  5086466  52.00
  1995          23      0.00158  0.00158  0.50   97659     155   97582  4988728  51.08
  1995          24      0.00152  0.00152  0.50   97505     148   97431  4891146  50.16
  1995          25      0.00149  0.00149  0.50   97356     145   97284  4793716  49.24
  1995          26      0.00158  0.00158  0.50   97211     153   97135  4696432  48.31
  1995          27      0.00163  0.00163  0.50   97058     158   96979  4599297  47.39
  1995          28      0.00180  0.00180  0.50   96900     174   96813  4502318  46.46
  1995          29      0.00186  0.00185  0.50   96726     179   96636  4405505  45.55
  1995          30      0.00199  0.00199  0.50   96547     192   96451  4308869  44.63
  1995          31      0.00221  0.00221  0.50   96355     213   96248  4212418  43.72
  1995          32      0.00225  0.00225  0.50   96142     216   96034  4116170  42.81
  1995          33      0.00234  0.00233  0.50   95926     224   95814  4020136  41.91
  1995          34      0.00247  0.00246  0.50   95702     236   95584  3924322  41.01
  1995          35      0.00254  0.00253  0.50   95466     242   95345  3828738  40.11
  1995          36      0.00275  0.00274  0.50   95224     261   95094  3733393  39.21
  1995          37      0.00289  0.00289  0.50   94963     274   94826  3638300  38.31
  1995          38      0.00314  0.00313  0.50   94689     297   94541  3543474  37.42
  1995          39      0.00318  0.00317  0.50   94392     299   94243  3448933  36.54
  1995          40      0.00330  0.00329  0.50   94093     310   93938  3354690  35.65
  1995          41      0.00367  0.00366  0.50   93783     343   93611  3260752  34.77
  1995          42      0.00387  0.00387  0.50   93440     361   93259  3167141  33.89
  1995          43      0.00406  0.00405  0.50   93079     377   92890  3073882  33.02
  1995          44      0.00410  0.00409  0.50   92702     380   92512  2980991  32.16
  1995          45      0.00438  0.00437  0.50   92322     403   92120  2888480  31.29
  1995          46      0.00467  0.00466  0.50   91919     428   91705  2796359  30.42
  1995          47      0.00496  0.00494  0.50   91490     452   91264  2704655  29.56
  1995          48      0.00525  0.00523  0.50   91038     476   90800  2613390  28.71
  1995          49      0.00548  0.00546  0.50   90562     495   90314  2522591  27.85
  1995          50      0.00597  0.00595  0.50   90067     536   89799  2432276  27.01
  1995          51      0.00670  0.00668  0.50   89531     598   89232  2342477  26.16
  1995          52      0.00710  0.00707  0.50   88933     629   88618  2253245  25.34
  1995          53      0.00802  0.00799  0.50   88304     705   87951  2164627  24.51
  1995          54      0.00832  0.00829  0.50   87599     726   87236  2076676  23.71
  1995          55      0.00911  0.00906  0.50   86872     787   86479  1989440  22.90
  1995          56      0.01006  0.01001  0.50   86085     861   85654  1902962  22.11
  1995          57      0.01086  0.01080  0.50   85223     920   84763  1817308  21.32
  1995          58      0.01198  0.01191  0.50   84303    1004   83801  1732544  20.55
  1995          59      0.01294  0.01286  0.50   83299    1071   82764  1648743  19.79
  1995          60      0.01458  0.01447  0.50   82229    1190   81634  1565979  19.04
  1995          61      0.01624  0.01611  0.50   81039    1306   80386  1484345  18.32
  1995          62      0.01752  0.01736  0.50   79733    1385   79041  1403959  17.61
  1995          63      0.01884  0.01866  0.50   78348    1462   77617  1324919  16.91
  1995          64      0.02016  0.01996  0.50   76886    1535   76119  1247301  16.22
  1995          65      0.02195  0.02171  0.50   75352    1636   74534  1171182  15.54
  1995          66      0.02367  0.02339  0.50   73716    1724   72854  1096648  14.88
  1995          67      0.02611  0.02577  0.50   71992    1855   71064  1023795  14.22
  1995          68      0.02893  0.02851  0.50   70136    2000   69136   952731  13.58
  1995          69      0.03170  0.03120  0.50   68136    2126   67073   883595  12.97
  1995          70      0.03455  0.03396  0.50   66010    2242   64889   816521  12.37
  1995          71      0.03759  0.03690  0.50   63769    2353   62592   751632  11.79
  1995          72      0.03980  0.03903  0.50   61416    2397   60217   689040  11.22
  1995          73      0.04349  0.04257  0.50   59019    2512   57763   628823  10.65
  1995          74      0.04705  0.04597  0.50   56507    2598   55208   571060  10.11
  1995          75      0.05182  0.05051  0.50   53909    2723   52548   515852   9.57
  1995          76      0.05509  0.05361  0.50   51186    2744   49814   463304   9.05
  1995          77      0.06213  0.06026  0.50   48442    2919   46982   413490   8.54
  1995          78      0.06658  0.06443  0.50   45523    2933   44056   366508   8.05
  1995          79      0.07170  0.06922  0.50   42590    2948   41116   322452   7.57
  1995          80      0.08477  0.08132  0.50   39642    3224   38030   281336   7.10
  1995          81      0.09191  0.08787  0.50   36418    3200   34818   243307   6.68
  1995          82      0.10207  0.09711  0.50   33218    3226   31605   208489   6.28
  1995          83      0.11109  0.10524  0.50   29992    3156   28414   176884   5.90
  1995          84      0.12260  0.11552  0.50   26835    3100   25285   148470   5.53
  1995          85      0.13460  0.12611  0.50   23735    2993   22239   123185   5.19
  1995          86      0.14902  0.13869  0.50   20742    2877   19304   100946   4.87
  1995          87      0.16144  0.14938  0.50   17865    2669   16531    81643   4.57
  1995          88      0.17558  0.16141  0.50   15197    2453   13970    65112   4.28
  1995          89      0.19242  0.17554  0.50   12744    2237   11625    51141   4.01
  1995          90      0.20871  0.18898  0.50   10507    1986    9514    39516   3.76
  1995          91      0.22775  0.20447  0.50    8521    1742    7650    30002   3.52
  1995          92      0.25014  0.22233  0.50    6779    1507    6025    22352   3.30
  1995          93      0.27761  0.24377  0.50    5272    1285    4629    16327   3.10
  1995          94      0.29016  0.25340  0.50    3987    1010    3482    11698   2.93
  1995          95      0.31432  0.27163  0.50    2976     808    2572     8216   2.76
  1995          96      0.33797  0.28912  0.50    2168     627    1855     5644   2.60
  1995          97      0.36246  0.30685  0.50    1541     473    1305     3789   2.46
  1995          98      0.38768  0.32473  0.50    1068     347     895     2485   2.33
  1995          99      0.41352  0.34267  0.50     721     247     598     1590   2.20
  1995         100      0.43984  0.36055  0.50     474     171     389      992   2.09
  1995         101      0.46651  0.37828  0.50     303     115     246      604   1.99
  1995         102      0.49337  0.39575  0.50     189      75     151      358   1.90
  1995         103      0.52027  0.41287  0.50     114      47      90      206   1.81
  1995         104      0.54705  0.42955  0.50      67      29      53      116   1.74
  1995         105      0.57356  0.44573  0.50      38      17      30       64   1.67
  1995         106      0.59965  0.46133  0.50      21      10      16       34   1.60
  1995         107      0.62520  0.47630  0.50      11       5       9       18   1.55
  1995         108      0.65006  0.49060  0.50       6       3       5        9   1.50
  1995         109      0.67413  0.50419  0.50       3       2       2        4   1.46
  1995         110+     0.69732  1.00000  1.43       2       2       2        2   1.43
  1996           0      0.00832  0.00826  0.13  100000     826   99284  7307183  73.07
  1996           1      0.00061  0.00061  0.50   99174      61   99144  7207900  72.68
  1996           2      0.00044  0.00044  0.50   99113      44   99091  7108756  71.72
  1996           3      0.00036  0.00036  0.50   99069      35   99052  7009665  70.76
  1996           4      0.00027  0.00027  0.50   99034      27   99020  6910613  69.78
  1996           5      0.00026  0.00026  0.50   99007      26   98994  6811593  68.80
  1996           6      0.00023  0.00023  0.50   98981      23   98970  6712599  67.82
  1996           7      0.00021  0.00021  0.50   98959      20   98948  6613629  66.83
  1996           8      0.00020  0.00020  0.50   98938      20   98928  6514681  65.85
  1996           9      0.00019  0.00019  0.50   98919      19   98909  6415752  64.86
  1996          10      0.00020  0.00020  0.50   98900      19   98890  6316843  63.87
  1996          11      0.00021  0.00021  0.50   98881      21   98870  6217953  62.88
  1996          12      0.00025  0.00025  0.50   98860      24   98848  6119082  61.90
  1996          13      0.00032  0.00032  0.50   98835      32   98820  6020235  60.91
  1996          14      0.00044  0.00044  0.50   98804      43   98782  5921415  59.93
  1996          15      0.00059  0.00059  0.50   98761      58   98732  5822633  58.96
  1996          16      0.00094  0.00094  0.50   98702      93   98656  5723901  57.99
  1996          17      0.00109  0.00109  0.50   98610     108   98556  5625245  57.05
  1996          18      0.00142  0.00142  0.50   98502     140   98432  5526690  56.11
  1996          19      0.00148  0.00148  0.50   98362     146   98289  5428258  55.19
  1996          20      0.00152  0.00152  0.50   98216     149   98142  5329969  54.27
  1996          21      0.00156  0.00156  0.50   98067     153   97991  5231827  53.35
  1996          22      0.00153  0.00153  0.50   97914     150   97840  5133836  52.43
  1996          23      0.00145  0.00145  0.50   97765     141   97694  5035996  51.51
  1996          24      0.00141  0.00141  0.50   97623     137   97555  4938302  50.59
  1996          25      0.00142  0.00142  0.50   97486     138   97417  4840748  49.66
  1996          26      0.00143  0.00143  0.50   97348     140   97278  4743331  48.73
  1996          27      0.00143  0.00143  0.50   97208     139   97139  4646053  47.79
  1996          28      0.00153  0.00153  0.50   97069     148   96995  4548914  46.86
  1996          29      0.00160  0.00160  0.50   96920     155   96843  4451920  45.93
  1996          30      0.00161  0.00161  0.50   96765     156   96687  4355077  45.01
  1996          31      0.00187  0.00187  0.50   96609     180   96519  4258389  44.08
  1996          32      0.00198  0.00198  0.50   96429     191   96334  4161870  43.16
  1996          33      0.00204  0.00204  0.50   96238     196   96140  4065536  42.24
  1996          34      0.00213  0.00213  0.50   96042     205   95940  3969396  41.33
  1996          35      0.00218  0.00218  0.50   95837     209   95733  3873457  40.42
  1996          36      0.00246  0.00245  0.50   95628     235   95511  3777724  39.50
  1996          37      0.00255  0.00255  0.50   95394     243   95272  3682213  38.60
  1996          38      0.00273  0.00273  0.50   95151     259   95021  3586940  37.70
  1996          39      0.00281  0.00280  0.50   94892     266   94759  3491919  36.80
  1996          40      0.00301  0.00301  0.50   94626     285   94484  3397160  35.90
  1996          41      0.00336  0.00335  0.50   94341     316   94183  3302677  35.01
  1996          42      0.00340  0.00340  0.50   94025     319   93865  3208494  34.12
  1996          43      0.00371  0.00370  0.50   93706     347   93532  3114628  33.24
  1996          44      0.00391  0.00390  0.50   93359     364   93177  3021096  32.36
  1996          45      0.00417  0.00416  0.50   92994     387   92801  2927920  31.48
  1996          46      0.00449  0.00448  0.50   92607     415   92400  2835119  30.61
  1996          47      0.00479  0.00478  0.50   92192     441   91972  2742719  29.75
  1996          48      0.00512  0.00511  0.50   91752     469   91517  2650747  28.89
  1996          49      0.00510  0.00509  0.50   91283     464   91051  2559230  28.04
  1996          50      0.00562  0.00560  0.50   90818     509   90564  2468179  27.18
  1996          51      0.00638  0.00636  0.50   90309     574   90022  2377615  26.33
  1996          52      0.00688  0.00685  0.50   89735     615   89428  2287593  25.49
  1996          53      0.00746  0.00743  0.50   89120     662   88789  2198165  24.67
  1996          54      0.00818  0.00814  0.50   88458     720   88098  2109376  23.85
  1996          55      0.00883  0.00879  0.50   87738     771   87352  2021277  23.04
  1996          56      0.00976  0.00971  0.50   86967     844   86544  1933925  22.24
  1996          57      0.01051  0.01045  0.50   86122     900   85672  1847381  21.45
  1996          58      0.01189  0.01182  0.50   85222    1008   84718  1761709  20.67
  1996          59      0.01265  0.01257  0.50   84214    1059   83685  1676990  19.91
  1996          60      0.01393  0.01383  0.50   83156    1150   82581  1593305  19.16
  1996          61      0.01570  0.01558  0.50   82006    1277   81367  1510725  18.42
  1996          62      0.01766  0.01751  0.50   80728    1413   80022  1429358  17.71
  1996          63      0.01872  0.01855  0.50   79315    1471   78579  1349336  17.01
  1996          64      0.02009  0.01989  0.50   77844    1549   77069  1270757  16.32
  1996          65      0.02149  0.02126  0.50   76295    1622   75484  1193687  15.65
  1996          66      0.02334  0.02307  0.50   74673    1723   73812  1118203  14.97
  1996          67      0.02484  0.02454  0.50   72950    1790   72055  1044392  14.32
  1996          68      0.02838  0.02798  0.50   71160    1991   70165   972336  13.66
  1996          69      0.03107  0.03059  0.50   69169    2116   68111   902171  13.04
  1996          70      0.03404  0.03347  0.50   67053    2244   65931   834060  12.44
  1996          71      0.03727  0.03659  0.50   64809    2371   63623   768129  11.85
  1996          72      0.03973  0.03895  0.50   62438    2432   61222   704506  11.28
  1996          73      0.04215  0.04128  0.50   60006    2477   58767   643284  10.72
  1996          74      0.04610  0.04506  0.50   57529    2592   56233   584517  10.16
  1996          75      0.04995  0.04873  0.50   54937    2677   53598   528284   9.62
  1996          76      0.05602  0.05450  0.50   52260    2848   50836   474686   9.08
  1996          77      0.05930  0.05759  0.50   49412    2846   47989   423850   8.58
  1996          78      0.06703  0.06486  0.50   46566    3020   45056   375862   8.07
  1996          79      0.07185  0.06936  0.50   43546    3020   42036   330806   7.60
  1996          80      0.08352  0.08017  0.50   40525    3249   38901   288770   7.13
  1996          81      0.09148  0.08748  0.50   37276    3261   35646   249869   6.70
  1996          82      0.10021  0.09543  0.50   34015    3246   32392   214223   6.30
  1996          83      0.11115  0.10530  0.50   30769    3240   29149   181831   5.91
  1996          84      0.12251  0.11544  0.50   27529    3178   25940   152682   5.55
  1996          85      0.13487  0.12635  0.50   24351    3077   22813   126741   5.20
  1996          86      0.14778  0.13761  0.50   21275    2928   19811   103928   4.89
  1996          87      0.15908  0.14736  0.50   18347    2704   16995    84117   4.58
  1996          88      0.17574  0.16154  0.50   15643    2527   14380    67122   4.29
  1996          89      0.18898  0.17266  0.50   13116    2265   11984    52742   4.02
  1996          90      0.20955  0.18968  0.50   10852    2058    9822    40759   3.76
  1996          91      0.22908  0.20554  0.50    8793    1807    7890    30936   3.52
  1996          92      0.25185  0.22368  0.50    6986    1563    6205    23047   3.30
  1996          93      0.26943  0.23744  0.50    5423    1288    4779    16842   3.11
  1996          94      0.29610  0.25791  0.50    4136    1067    3602    12063   2.92
  1996          95      0.31453  0.27179  0.50    3069     834    2652     8460   2.76
  1996          96      0.33837  0.28940  0.50    2235     647    1911     5808   2.60
  1996          97      0.36305  0.30727  0.50    1588     488    1344     3897   2.45
  1996          98      0.38848  0.32530  0.50    1100     358     921     2553   2.32
  1996          99      0.41454  0.34337  0.50     742     255     615     1632   2.20
  1996         100      0.44108  0.36138  0.50     487     176     399     1017   2.09
  1996         101      0.46796  0.37923  0.50     311     118     252      618   1.98
  1996         102      0.49502  0.39681  0.50     193      77     155      365   1.89
  1996         103      0.52212  0.41403  0.50     117      48      92      210   1.81
  1996         104      0.54909  0.43081  0.50      68      29      54      118   1.73
  1996         105      0.57577  0.44707  0.50      39      17      30       64   1.66
  1996         106      0.60202  0.46273  0.50      21      10      17       34   1.60
  1996         107      0.62769  0.47775  0.50      12       6       9       18   1.54
  1996         108      0.65267  0.49208  0.50       6       3       5        9   1.49
  1996         109      0.67683  0.50569  0.50       3       2       2        4   1.45
  1996         110+     0.70008  1.00000  1.43       2       2       2        2   1.43
  1997           0      0.00821  0.00816  0.13  100000     816   99293  7354405  73.54
  1997           1      0.00061  0.00061  0.50   99184      60   99154  7255112  73.15
  1997           2      0.00040  0.00040  0.50   99124      40   99104  7155958  72.19
  1997           3      0.00033  0.00033  0.50   99084      32   99068  7056854  71.22
  1997           4      0.00025  0.00025  0.50   99052      25   99039  6957786  70.24
  1997           5      0.00023  0.00023  0.50   99027      23   99016  6858747  69.26
  1997           6      0.00021  0.00021  0.50   99005      20   98994  6759731  68.28
  1997           7      0.00019  0.00019  0.50   98984      18   98975  6660736  67.29
  1997           8      0.00019  0.00019  0.50   98966      19   98956  6561761  66.30
  1997           9      0.00018  0.00018  0.50   98947      18   98938  6462805  65.32
  1997          10      0.00018  0.00018  0.50   98929      18   98920  6363867  64.33
  1997          11      0.00020  0.00020  0.50   98911      19   98901  6264947  63.34
  1997          12      0.00025  0.00025  0.50   98892      25   98879  6166046  62.35
  1997          13      0.00033  0.00033  0.50   98867      32   98851  6067166  61.37
  1997          14      0.00040  0.00040  0.50   98835      39   98815  5968315  60.39
  1997          15      0.00055  0.00055  0.50   98795      54   98768  5869500  59.41
  1997          16      0.00083  0.00083  0.50   98741      82   98700  5770732  58.44
  1997          17      0.00108  0.00108  0.50   98660     106   98606  5672031  57.49
  1997          18      0.00131  0.00131  0.50   98553     129   98489  5573425  56.55
  1997          19      0.00142  0.00142  0.50   98424     139   98355  5474936  55.63
  1997          20      0.00138  0.00138  0.50   98285     136   98217  5376581  54.70
  1997          21      0.00157  0.00157  0.50   98149     154   98072  5278364  53.78
  1997          22      0.00139  0.00138  0.50   97995     136   97927  5180293  52.86
  1997          23      0.00145  0.00145  0.50   97859     142   97788  5082366  51.94
  1997          24      0.00134  0.00134  0.50   97717     131   97652  4984577  51.01
  1997          25      0.00138  0.00138  0.50   97587     135   97519  4886925  50.08
  1997          26      0.00137  0.00137  0.50   97452     133   97385  4789406  49.15
  1997          27      0.00138  0.00137  0.50   97318     134   97251  4692021  48.21
  1997          28      0.00136  0.00136  0.50   97184     132   97119  4594770  47.28
  1997          29      0.00139  0.00139  0.50   97053     135   96985  4497651  46.34
  1997          30      0.00147  0.00146  0.50   96918     142   96847  4400666  45.41
  1997          31      0.00156  0.00156  0.50   96776     151   96700  4303819  44.47
  1997          32      0.00165  0.00165  0.50   96625     160   96545  4207119  43.54
  1997          33      0.00176  0.00176  0.50   96465     170   96380  4110573  42.61
  1997          34      0.00187  0.00187  0.50   96295     180   96205  4014193  41.69
  1997          35      0.00196  0.00196  0.50   96115     188   96021  3917987  40.76
  1997          36      0.00204  0.00204  0.50   95927     196   95829  3821966  39.84
  1997          37      0.00221  0.00221  0.50   95731     211   95626  3726137  38.92
  1997          38      0.00238  0.00237  0.50   95520     227   95406  3630512  38.01
  1997          39      0.00242  0.00242  0.50   95293     230   95178  3535105  37.10
  1997          40      0.00268  0.00268  0.50   95063     255   94936  3439927  36.19
  1997          41      0.00300  0.00300  0.50   94808     284   94666  3344992  35.28
  1997          42      0.00311  0.00310  0.50   94524     293   94378  3250325  34.39
  1997          43      0.00341  0.00341  0.50   94231     321   94070  3155948  33.49
  1997          44      0.00355  0.00355  0.50   93910     333   93743  3061877  32.60
  1997          45      0.00389  0.00389  0.50   93577     364   93395  2968134  31.72
  1997          46      0.00419  0.00418  0.50   93213     390   93018  2874739  30.84
  1997          47      0.00448  0.00447  0.50   92823     415   92616  2781721  29.97
  1997          48      0.00495  0.00494  0.50   92408     456   92180  2689105  29.10
  1997          49      0.00511  0.00509  0.50   91952     468   91718  2596926  28.24
  1997          50      0.00523  0.00521  0.50   91483     477   91245  2505208  27.38
  1997          51      0.00612  0.00610  0.50   91006     555   90729  2413963  26.53
  1997          52      0.00663  0.00661  0.50   90451     598   90152  2323234  25.69
  1997          53      0.00730  0.00727  0.50   89853     653   89526  2233082  24.85
  1997          54      0.00779  0.00776  0.50   89200     692   88854  2143556  24.03
  1997          55      0.00852  0.00848  0.50   88507     751   88132  2054703  23.22
  1997          56      0.00953  0.00949  0.50   87756     833   87340  1966571  22.41
  1997          57      0.01033  0.01028  0.50   86924     894   86477  1879231  21.62
  1997          58      0.01136  0.01129  0.50   86030     971   85545  1792754  20.84
  1997          59      0.01216  0.01209  0.50   85059    1028   84545  1707209  20.07
  1997          60      0.01355  0.01346  0.50   84031    1131   83465  1622664  19.31
  1997          61      0.01510  0.01499  0.50   82900    1242   82279  1539199  18.57
  1997          62      0.01654  0.01641  0.50   81657    1340   80988  1456920  17.84
  1997          63      0.01787  0.01771  0.50   80318    1422   79607  1375933  17.13
  1997          64      0.01962  0.01943  0.50   78895    1533   78129  1296326  16.43
  1997          65      0.02118  0.02096  0.50   77363    1622   76552  1218197  15.75
  1997          66      0.02287  0.02262  0.50   75741    1713   74884  1141645  15.07
  1997          67      0.02492  0.02461  0.50   74028    1822   73117  1066761  14.41
  1997          68      0.02755  0.02717  0.50   72206    1962   71225   993644  13.76
  1997          69      0.03007  0.02962  0.50   70244    2081   69204   922419  13.13
  1997          70      0.03347  0.03292  0.50   68163    2244   67041   853215  12.52
  1997          71      0.03613  0.03549  0.50   65919    2339   64749   786174  11.93
  1997          72      0.03953  0.03877  0.50   63580    2465   62347   721425  11.35
  1997          73      0.04195  0.04108  0.50   61115    2511   59859   659078  10.78
  1997          74      0.04473  0.04376  0.50   58604    2564   57322   599218  10.22
  1997          75      0.04952  0.04833  0.50   56040    2708   54686   541896   9.67
  1997          76      0.05389  0.05248  0.50   53332    2799   51932   487211   9.14
  1997          77      0.06023  0.05847  0.50   50533    2955   49056   435278   8.61
  1997          78      0.06384  0.06187  0.50   47578    2944   46106   386223   8.12
  1997          79      0.07202  0.06951  0.50   44635    3103   43083   340116   7.62
  1997          80      0.08122  0.07805  0.50   41532    3241   39911   297033   7.15
  1997          81      0.09104  0.08708  0.50   38290    3334   36623   257122   6.72
  1997          82      0.09930  0.09460  0.50   34956    3307   33303   220499   6.31
  1997          83      0.11019  0.10444  0.50   31649    3305   29997   187196   5.91
  1997          84      0.12055  0.11369  0.50   28344    3223   26733   157200   5.55
  1997          85      0.13302  0.12473  0.50   25121    3133   23555   130467   5.19
  1997          86      0.14740  0.13728  0.50   21988    3019   20479   106912   4.86
  1997          87      0.16094  0.14895  0.50   18969    2825   17557    86433   4.56
  1997          88      0.17518  0.16108  0.50   16144    2600   14844    68877   4.27
  1997          89      0.19180  0.17501  0.50   13544    2370   12358    54033   3.99
  1997          90      0.21342  0.19284  0.50   11173    2155   10096    41674   3.73
  1997          91      0.22954  0.20591  0.50    9019    1857    8090    31579   3.50
  1997          92      0.24836  0.22092  0.50    7162    1582    6371    23488   3.28
  1997          93      0.27403  0.24101  0.50    5579    1345    4907    17118   3.07
  1997          94      0.29955  0.26053  0.50    4235    1103    3683    12211   2.88
  1997          95      0.31842  0.27469  0.50    3131     860    2701     8528   2.72
  1997          96      0.34296  0.29276  0.50    2271     665    1939     5826   2.57
  1997          97      0.36836  0.31107  0.50    1606     500    1357     3887   2.42
  1997          98      0.39452  0.32952  0.50    1107     365     924     2531   2.29
  1997          99      0.42130  0.34800  0.50     742     258     613     1607   2.17
  1997         100      0.44855  0.36638  0.50     484     177     395      994   2.05
  1997         101      0.47611  0.38456  0.50     307     118     248      599   1.95
  1997         102      0.50382  0.40244  0.50     189      76     151      351   1.86
  1997         103      0.53150  0.41991  0.50     113      47      89      200   1.78
  1997         104      0.55899  0.43688  0.50      65      29      51      111   1.70
  1997         105      0.58612  0.45328  0.50      37      17      28       60   1.63
  1997         106      0.61275  0.46904  0.50      20       9      15       32   1.57
  1997         107      0.63871  0.48411  0.50      11       5       8       16   1.52
  1997         108      0.66389  0.49844  0.50       6       3       4        8   1.47
  1997         109      0.68817  0.51200  0.50       3       1       2        4   1.43
  1997         110+     0.71146  1.00000  1.41       1       1       2        2   1.41
  1998           0      0.00818  0.00812  0.13  100000     812   99296  7381213  73.81
  1998           1      0.00058  0.00058  0.50   99188      57   99159  7281917  73.42
  1998           2      0.00040  0.00040  0.50   99130      39   99111  7182758  72.46
  1998           3      0.00029  0.00029  0.50   99091      29   99077  7083648  71.49
  1998           4      0.00023  0.00023  0.50   99063      23   99051  6984571  70.51
  1998           5      0.00023  0.00023  0.50   99040      23   99028  6885519  69.52
  1998           6      0.00020  0.00020  0.50   99017      20   99007  6786491  68.54
  1998           7      0.00020  0.00020  0.50   98997      20   98987  6687484  67.55
  1998           8      0.00017  0.00017  0.50   98977      17   98969  6588497  66.57
  1998           9      0.00018  0.00018  0.50   98961      17   98952  6489528  65.58
  1998          10      0.00019  0.00019  0.50   98943      19   98934  6390576  64.59
  1998          11      0.00019  0.00019  0.50   98924      19   98915  6291643  63.60
  1998          12      0.00026  0.00026  0.50   98905      26   98893  6192728  62.61
  1998          13      0.00030  0.00030  0.50   98880      30   98865  6093835  61.63
  1998          14      0.00036  0.00036  0.50   98850      36   98832  5994970  60.65
  1998          15      0.00051  0.00051  0.50   98814      51   98789  5896138  59.67
  1998          16      0.00078  0.00078  0.50   98763      77   98725  5797350  58.70
  1998          17      0.00097  0.00097  0.50   98687      95   98639  5698624  57.74
  1998          18      0.00130  0.00129  0.50   98592     128   98528  5599985  56.80
  1998          19      0.00133  0.00133  0.50   98464     131   98399  5501458  55.87
  1998          20      0.00135  0.00135  0.50   98333     133   98267  5403059  54.95
  1998          21      0.00146  0.00145  0.50   98200     143   98129  5304792  54.02
  1998          22      0.00140  0.00139  0.50   98058     137   97989  5206663  53.10
  1998          23      0.00135  0.00135  0.50   97921     132   97855  5108674  52.17
  1998          24      0.00135  0.00135  0.50   97789     132   97723  5010819  51.24
  1998          25      0.00129  0.00129  0.50   97657     126   97594  4913097  50.31
  1998          26      0.00127  0.00127  0.50   97531     124   97469  4815503  49.37
  1998          27      0.00132  0.00132  0.50   97407     129   97343  4718034  48.44
  1998          28      0.00128  0.00128  0.50   97279     125   97216  4620691  47.50
  1998          29      0.00130  0.00130  0.50   97154     126   97091  4523474  46.56
  1998          30      0.00134  0.00134  0.50   97028     130   96963  4426383  45.62
  1998          31      0.00146  0.00146  0.50   96898     141   96828  4329420  44.68
  1998          32      0.00153  0.00153  0.50   96757     148   96683  4232593  43.74
  1998          33      0.00168  0.00168  0.50   96609     162   96528  4135910  42.81
  1998          34      0.00173  0.00173  0.50   96447     166   96364  4039381  41.88
  1998          35      0.00183  0.00182  0.50   96281     176   96193  3943018  40.95
  1998          36      0.00196  0.00196  0.50   96105     188   96011  3846825  40.03
  1998          37      0.00208  0.00208  0.50   95917     199   95817  3750814  39.10
  1998          38      0.00227  0.00227  0.50   95717     217   95609  3654997  38.19
  1998          39      0.00239  0.00239  0.50   95500     228   95386  3559388  37.27
  1998          40      0.00253  0.00253  0.50   95272     241   95152  3464002  36.36
  1998          41      0.00285  0.00284  0.50   95031     270   94896  3368850  35.45
  1998          42      0.00305  0.00304  0.50   94761     288   94617  3273954  34.55
  1998          43      0.00336  0.00335  0.50   94473     317   94314  3179337  33.65
  1998          44      0.00365  0.00364  0.50   94156     343   93985  3085022  32.76
  1998          45      0.00379  0.00378  0.50   93814     355   93636  2991037  31.88
  1998          46      0.00419  0.00418  0.50   93459     391   93263  2897401  31.00
  1998          47      0.00443  0.00442  0.50   93068     411   92863  2804138  30.13
  1998          48      0.00485  0.00483  0.50   92657     448   92433  2711275  29.26
  1998          49      0.00504  0.00503  0.50   92209     463   91977  2618842  28.40
  1998          50      0.00534  0.00532  0.50   91746     488   91502  2526865  27.54
  1998          51      0.00592  0.00590  0.50   91257     539   90988  2435363  26.69
  1998          52      0.00643  0.00641  0.50   90719     582   90428  2344375  25.84
  1998          53      0.00709  0.00707  0.50   90137     637   89819  2253947  25.01
  1998          54      0.00741  0.00738  0.50   89500     661   89170  2164129  24.18
  1998          55      0.00841  0.00837  0.50   88840     744   88468  2074959  23.36
  1998          56      0.00930  0.00925  0.50   88096     815   87688  1986491  22.55
  1998          57      0.01006  0.01001  0.50   87281     873   86844  1898803  21.76
  1998          58      0.01121  0.01114  0.50   86407     963   85926  1811959  20.97
  1998          59      0.01187  0.01180  0.50   85444    1008   84940  1726033  20.20
  1998          60      0.01292  0.01283  0.50   84436    1084   83894  1641092  19.44
  1998          61      0.01488  0.01477  0.50   83352    1231   82737  1557198  18.68
  1998          62      0.01626  0.01613  0.50   82121    1324   81459  1474461  17.95
  1998          63      0.01755  0.01739  0.50   80797    1405   80094  1393002  17.24
  1998          64      0.01903  0.01885  0.50   79391    1496   78643  1312908  16.54
  1998          65      0.02095  0.02073  0.50   77895    1615   77088  1234265  15.85
  1998          66      0.02290  0.02264  0.50   76280    1727   75416  1157177  15.17
  1998          67      0.02406  0.02378  0.50   74553    1773   73667  1081761  14.51
  1998          68      0.02690  0.02655  0.50   72780    1932   71814  1008094  13.85
  1998          69      0.02900  0.02859  0.50   70848    2026   69835   936280  13.22
  1998          70      0.03203  0.03152  0.50   68822    2169   67738   866445  12.59
  1998          71      0.03598  0.03534  0.50   66653    2356   65475   798707  11.98
  1998          72      0.03896  0.03822  0.50   64298    2457   63069   733232  11.40
  1998          73      0.04149  0.04065  0.50   61840    2514   60583   670163  10.84
  1998          74      0.04521  0.04421  0.50   59326    2623   58015   609580  10.28
  1998          75      0.04855  0.04739  0.50   56703    2687   55360   551565   9.73
  1998          76      0.05379  0.05238  0.50   54016    2829   52601   496205   9.19
  1998          77      0.05784  0.05622  0.50   51186    2877   49748   443604   8.67
  1998          78      0.06512  0.06307  0.50   48309    3047   46786   393857   8.15
  1998          79      0.06955  0.06721  0.50   45262    3042   43741   347071   7.67
  1998          80      0.08140  0.07821  0.50   42220    3302   40569   303330   7.18
  1998          81      0.08863  0.08487  0.50   38918    3303   37266   262761   6.75
  1998          82      0.09916  0.09448  0.50   35615    3365   33932   225494   6.33
  1998          83      0.11115  0.10530  0.50   32250    3396   30552   191562   5.94
  1998          84      0.11961  0.11286  0.50   28854    3256   27226   161010   5.58
  1998          85      0.13042  0.12244  0.50   25598    3134   24031   133784   5.23
  1998          86      0.14466  0.13490  0.50   22464    3030   20949   109753   4.89
  1998          87      0.15879  0.14711  0.50   19433    2859   18004    88804   4.57
  1998          88      0.17439  0.16041  0.50   16575    2659   15245    70800   4.27
  1998          89      0.19448  0.17725  0.50   13916    2467   12683    55555   3.99
  1998          90      0.20981  0.18989  0.50   11449    2174   10362    42873   3.74
  1998          91      0.22820  0.20483  0.50    9275    1900    8325    32510   3.51
  1998          92      0.25064  0.22273  0.50    7375    1643    6554    24185   3.28
  1998          93      0.27155  0.23909  0.50    5733    1371    5047    17631   3.08
  1998          94      0.30032  0.26111  0.50    4362    1139    3793    12584   2.88
  1998          95      0.31764  0.27411  0.50    3223     883    2781     8791   2.73
  1998          96      0.34224  0.29223  0.50    2340     684    1998     6010   2.57
  1998          97      0.36772  0.31061  0.50    1656     514    1399     4012   2.42
  1998          98      0.39397  0.32913  0.50    1142     376     954     2613   2.29
  1998          99      0.42084  0.34768  0.50     766     266     633     1659   2.17
  1998         100      0.44818  0.36613  0.50     500     183     408     1027   2.05
  1998         101      0.47585  0.38439  0.50     317     122     256      618   1.95
  1998         102      0.50366  0.40234  0.50     195      78     156      363   1.86
  1998         103      0.53145  0.41988  0.50     117      49      92      207   1.78
  1998         104      0.55904  0.43692  0.50      68      30      53      115   1.70
  1998         105      0.58628  0.45338  0.50      38      17      29       62   1.63
  1998         106      0.61300  0.46919  0.50      21      10      16       33   1.57
  1998         107      0.63905  0.48431  0.50      11       5       8       17   1.51
  1998         108      0.66432  0.49868  0.50       6       3       4        8   1.47
  1998         109      0.68867  0.51228  0.50       3       1       2        4   1.43
  1998         110+     0.71203  1.00000  1.40       1       1       2        2   1.40
  1999           0      0.00804  0.00798  0.13  100000     798   99308  7391971  73.92
  1999           1      0.00057  0.00057  0.50   99202      57   99174  7292663  73.51
  1999           2      0.00041  0.00041  0.50   99145      41   99125  7193489  72.56
  1999           3      0.00031  0.00031  0.50   99105      30   99089  7094364  71.58
  1999           4      0.00023  0.00023  0.50   99074      23   99063  6995275  70.61
  1999           5      0.00022  0.00022  0.50   99051      22   99040  6896213  69.62
  1999           6      0.00018  0.00018  0.50   99029      18   99020  6797172  68.64
  1999           7      0.00018  0.00018  0.50   99011      18   99002  6698152  67.65
  1999           8      0.00018  0.00018  0.50   98993      18   98984  6599150  66.66
  1999           9      0.00017  0.00017  0.50   98975      17   98967  6500166  65.67
  1999          10      0.00018  0.00018  0.50   98958      18   98949  6401200  64.69
  1999          11      0.00020  0.00020  0.50   98940      20   98930  6302250  63.70
  1999          12      0.00020  0.00020  0.50   98920      20   98910  6203320  62.71
  1999          13      0.00027  0.00027  0.50   98900      27   98887  6104410  61.72
  1999          14      0.00037  0.00037  0.50   98874      36   98856  6005523  60.74
  1999          15      0.00049  0.00049  0.50   98837      48   98813  5906667  59.76
  1999          16      0.00076  0.00076  0.50   98789      75   98752  5807854  58.79
  1999          17      0.00097  0.00097  0.50   98714      96   98666  5709102  57.83
  1999          18      0.00121  0.00121  0.50   98619     120   98559  5610436  56.89
  1999          19      0.00130  0.00130  0.50   98499     128   98435  5511877  55.96
  1999          20      0.00130  0.00130  0.50   98371     128   98307  5413442  55.03
  1999          21      0.00139  0.00139  0.50   98243     136   98175  5315135  54.10
  1999          22      0.00134  0.00134  0.50   98107     132   98041  5216960  53.18
  1999          23      0.00135  0.00135  0.50   97975     132   97909  5118919  52.25
  1999          24      0.00127  0.00127  0.50   97843     124   97781  5021011  51.32
  1999          25      0.00121  0.00121  0.50   97719     118   97660  4923230  50.38
  1999          26      0.00126  0.00126  0.50   97601     123   97539  4825570  49.44
  1999          27      0.00127  0.00127  0.50   97478     124   97416  4728031  48.50
  1999          28      0.00127  0.00127  0.50   97354     124   97292  4630615  47.56
  1999          29      0.00133  0.00133  0.50   97230     129   97166  4533323  46.62
  1999          30      0.00128  0.00128  0.50   97101     124   97039  4436157  45.69
  1999          31      0.00143  0.00142  0.50   96977     138   96908  4339118  44.74
  1999          32      0.00153  0.00152  0.50   96839     148   96765  4242210  43.81
  1999          33      0.00162  0.00162  0.50   96691     157   96613  4145446  42.87
  1999          34      0.00172  0.00172  0.50   96534     166   96451  4048833  41.94
  1999          35      0.00181  0.00181  0.50   96368     175   96281  3952382  41.01
  1999          36      0.00189  0.00189  0.50   96194     181   96103  3856101  40.09
  1999          37      0.00207  0.00207  0.50   96012     199   95913  3759997  39.16
  1999          38      0.00226  0.00225  0.50   95813     216   95706  3664085  38.24
  1999          39      0.00237  0.00237  0.50   95598     226   95484  3568379  37.33
  1999          40      0.00248  0.00247  0.50   95371     236   95253  3472895  36.41
  1999          41      0.00283  0.00283  0.50   95135     269   95001  3377642  35.50
  1999          42      0.00299  0.00299  0.50   94866     284   94725  3282641  34.60
  1999          43      0.00337  0.00337  0.50   94583     318   94424  3187916  33.71
  1999          44      0.00361  0.00360  0.50   94264     339   94095  3093493  32.82
  1999          45      0.00375  0.00374  0.50   93925     351   93749  2999398  31.93
  1999          46      0.00425  0.00425  0.50   93574     397   93375  2905648  31.05
  1999          47      0.00451  0.00450  0.50   93176     419   92967  2812273  30.18
  1999          48      0.00485  0.00484  0.50   92757     449   92533  2719306  29.32
  1999          49      0.00517  0.00516  0.50   92308     476   92070  2626774  28.46
  1999          50      0.00529  0.00528  0.50   91832     484   91590  2534704  27.60
  1999          51      0.00590  0.00588  0.50   91348     537   91079  2443114  26.75
  1999          52      0.00627  0.00625  0.50   90810     567   90526  2352035  25.90
  1999          53      0.00702  0.00699  0.50   90243     631   89927  2261509  25.06
  1999          54      0.00758  0.00755  0.50   89612     677   89273  2171581  24.23
  1999          55      0.00844  0.00841  0.50   88935     748   88561  2082308  23.41
  1999          56      0.00924  0.00920  0.50   88187     811   87782  1993747  22.61
  1999          57      0.01006  0.01001  0.50   87376     875   86939  1905965  21.81
  1999          58      0.01103  0.01097  0.50   86502     949   86027  1819026  21.03
  1999          59      0.01204  0.01197  0.50   85553    1024   85041  1732999  20.26
  1999          60      0.01272  0.01264  0.50   84528    1069   83994  1647959  19.50
  1999          61      0.01436  0.01425  0.50   83460    1190   82865  1563965  18.74
  1999          62      0.01559  0.01547  0.50   82270    1272   81634  1481100  18.00
  1999          63      0.01703  0.01688  0.50   80998    1367   80314  1399466  17.28
  1999          64      0.01900  0.01882  0.50   79630    1499   78881  1319151  16.57
  1999          65      0.02057  0.02036  0.50   78132    1591   77336  1240270  15.87
  1999          66      0.02236  0.02211  0.50   76541    1692   75695  1162934  15.19
  1999          67      0.02377  0.02349  0.50   74849    1758   73970  1087239  14.53
  1999          68      0.02632  0.02597  0.50   73091    1898   72141  1013270  13.86
  1999          69      0.02918  0.02876  0.50   71192    2047   70168   941128  13.22
  1999          70      0.03071  0.03025  0.50   69145    2091   68099   870960  12.60
  1999          71      0.03497  0.03437  0.50   67053    2305   65901   802861  11.97
  1999          72      0.03884  0.03810  0.50   64749    2467   63515   736960  11.38
  1999          73      0.04136  0.04052  0.50   62282    2524   61020   673444  10.81
  1999          74      0.04472  0.04374  0.50   59758    2614   58451   612424  10.25
  1999          75      0.04885  0.04769  0.50   57144    2725   55782   553973   9.69
  1999          76      0.05253  0.05119  0.50   54419    2786   53026   498191   9.15
  1999          77      0.05831  0.05665  0.50   51634    2925   50171   445165   8.62
  1999          78      0.06405  0.06207  0.50   48708    3023   47197   394994   8.11
  1999          79      0.07113  0.06869  0.50   45685    3138   44116   347797   7.61
  1999          80      0.08003  0.07695  0.50   42547    3274   40910   303681   7.14
  1999          81      0.08960  0.08576  0.50   39273    3368   37589   262771   6.69
  1999          82      0.09910  0.09443  0.50   35905    3390   34210   225182   6.27
  1999          83      0.11008  0.10434  0.50   32515    3392   30818   190972   5.87
  1999          84      0.12096  0.11406  0.50   29122    3322   27461   160154   5.50
  1999          85      0.13546  0.12687  0.50   25801    3273   24164   132693   5.14
  1999          86      0.14620  0.13624  0.50   22527    3069   20993   108529   4.82
  1999          87      0.16219  0.15002  0.50   19458    2919   17998    87536   4.50
  1999          88      0.17817  0.16359  0.50   16539    2706   15186    69538   4.20
  1999          89      0.19617  0.17864  0.50   13833    2471   12598    54352   3.93
  1999          90      0.21253  0.19212  0.50   11362    2183   10271    41754   3.67
  1999          91      0.23463  0.20999  0.50    9179    1928    8215    31483   3.43
  1999          92      0.25685  0.22762  0.50    7252    1651    6426    23268   3.21
  1999          93      0.28125  0.24657  0.50    5601    1381    4911    16842   3.01
  1999          94      0.30188  0.26229  0.50    4220    1107    3667    11931   2.83
  1999          95      0.32731  0.28128  0.50    3113     876    2675     8265   2.65
  1999          96      0.35301  0.30005  0.50    2237     671    1902     5589   2.50
  1999          97      0.37959  0.31904  0.50    1566     500    1316     3687   2.35
  1999          98      0.40692  0.33812  0.50    1066     361     886     2371   2.22
  1999          99      0.43483  0.35717  0.50     706     252     580     1485   2.10
  1999         100      0.46316  0.37607  0.50     454     171     368      905   1.99
  1999         101      0.49173  0.39469  0.50     283     112     227      537   1.90
  1999         102      0.52036  0.41292  0.50     171      71     136      310   1.81
  1999         103      0.54885  0.43067  0.50     101      43      79      174   1.72
  1999         104      0.57703  0.44782  0.50      57      26      44       95   1.65
  1999         105      0.60471  0.46432  0.50      32      15      24       50   1.59
  1999         106      0.63174  0.48009  0.50      17       8      13       26   1.53
  1999         107      0.65797  0.49509  0.50       9       4       7       13   1.47
  1999         108      0.68326  0.50928  0.50       4       2       3        6   1.43
  1999         109      0.70752  0.52263  0.50       2       1       2        3   1.39
  1999         110+     0.73065  1.00000  1.37       1       1       1        1   1.37
  2000           0      0.00791  0.00786  0.13  100000     786   99319  7411696  74.12
  2000           1      0.00056  0.00056  0.50   99214      56   99186  7312378  73.70
  2000           2      0.00038  0.00038  0.50   99158      38   99139  7213192  72.74
  2000           3      0.00029  0.00029  0.50   99120      28   99106  7114052  71.77
  2000           4      0.00022  0.00022  0.50   99092      21   99081  7014946  70.79
  2000           5      0.00021  0.00021  0.50   99071      21   99060  6915865  69.81
  2000           6      0.00019  0.00019  0.50   99050      18   99040  6816805  68.82
  2000           7      0.00017  0.00017  0.50   99031      16   99023  6717764  67.83
  2000           8      0.00016  0.00016  0.50   99015      16   99007  6618741  66.85
  2000           9      0.00016  0.00016  0.50   98999      16   98991  6519734  65.86
  2000          10      0.00018  0.00018  0.50   98983      18   98974  6420743  64.87
  2000          11      0.00021  0.00021  0.50   98965      20   98955  6321769  63.88
  2000          12      0.00022  0.00022  0.50   98945      22   98934  6222814  62.89
  2000          13      0.00026  0.00026  0.50   98923      25   98910  6123880  61.91
  2000          14      0.00035  0.00035  0.50   98898      35   98880  6024970  60.92
  2000          15      0.00049  0.00049  0.50   98863      48   98839  5926090  59.94
  2000          16      0.00072  0.00072  0.50   98815      72   98779  5827251  58.97
  2000          17      0.00093  0.00093  0.50   98743      92   98697  5728472  58.01
  2000          18      0.00116  0.00116  0.50   98651     115   98594  5629775  57.07
  2000          19      0.00132  0.00132  0.50   98536     130   98471  5531181  56.13
  2000          20      0.00135  0.00135  0.50   98406     133   98339  5432710  55.21
  2000          21      0.00142  0.00142  0.50   98273     140   98203  5334371  54.28
  2000          22      0.00137  0.00137  0.50   98133     135   98066  5236168  53.36
  2000          23      0.00134  0.00134  0.50   97998     131   97933  5138103  52.43
  2000          24      0.00135  0.00135  0.50   97867     132   97801  5040170  51.50
  2000          25      0.00127  0.00127  0.50   97735     124   97672  4942369  50.57
  2000          26      0.00127  0.00127  0.50   97610     124   97548  4844697  49.63
  2000          27      0.00130  0.00130  0.50   97486     127   97423  4747149  48.70
  2000          28      0.00129  0.00129  0.50   97360     126   97297  4649725  47.76
  2000          29      0.00134  0.00134  0.50   97234     130   97169  4552429  46.82
  2000          30      0.00129  0.00129  0.50   97104     125   97041  4455260  45.88
  2000          31      0.00140  0.00140  0.50   96978     136   96911  4358219  44.94
  2000          32      0.00145  0.00145  0.50   96843     140   96773  4261309  44.00
  2000          33      0.00156  0.00156  0.50   96702     151   96627  4164536  43.07
  2000          34      0.00169  0.00169  0.50   96552     164   96470  4067909  42.13
  2000          35      0.00174  0.00174  0.50   96388     168   96304  3971439  41.20
  2000          36      0.00190  0.00189  0.50   96220     182   96129  3875135  40.27
  2000          37      0.00204  0.00204  0.50   96038     196   95940  3779006  39.35
  2000          38      0.00226  0.00226  0.50   95842     216   95734  3683066  38.43
  2000          39      0.00235  0.00235  0.50   95626     224   95513  3587332  37.51
  2000          40      0.00260  0.00259  0.50   95401     247   95278  3491819  36.60
  2000          41      0.00278  0.00278  0.50   95154     264   95022  3396541  35.70
  2000          42      0.00300  0.00300  0.50   94890     285   94747  3301519  34.79
  2000          43      0.00333  0.00333  0.50   94605     315   94447  3206772  33.90
  2000          44      0.00359  0.00359  0.50   94290     338   94121  3112325  33.01
  2000          45      0.00384  0.00383  0.50   93952     360   93772  3018204  32.13
  2000          46      0.00419  0.00418  0.50   93592     391   93396  2924432  31.25
  2000          47      0.00455  0.00454  0.50   93201     423   92989  2831035  30.38
  2000          48      0.00502  0.00500  0.50   92778     464   92545  2738046  29.51
  2000          49      0.00523  0.00522  0.50   92313     482   92072  2645501  28.66
  2000          50      0.00554  0.00552  0.50   91832     507   91578  2553428  27.81
  2000          51      0.00588  0.00587  0.50   91325     536   91057  2461850  26.96
  2000          52      0.00643  0.00641  0.50   90789     582   90498  2370793  26.11
  2000          53      0.00683  0.00681  0.50   90207     614   89900  2280296  25.28
  2000          54      0.00735  0.00732  0.50   89593     656   89265  2190396  24.45
  2000          55      0.00825  0.00822  0.50   88937     731   88572  2101131  23.62
  2000          56      0.00901  0.00897  0.50   88206     791   87811  2012559  22.82
  2000          57      0.00981  0.00977  0.50   87415     854   86988  1924749  22.02
  2000          58      0.01076  0.01070  0.50   86562     926   86098  1837760  21.23
  2000          59      0.01177  0.01170  0.50   85635    1002   85134  1751662  20.45
  2000          60      0.01267  0.01259  0.50   84634    1065   84101  1666527  19.69
  2000          61      0.01369  0.01360  0.50   83568    1136   83000  1582427  18.94
  2000          62      0.01531  0.01519  0.50   82432    1252   81806  1499426  18.19
  2000          63      0.01674  0.01660  0.50   81179    1348   80506  1417621  17.46
  2000          64      0.01841  0.01824  0.50   79832    1456   79104  1337115  16.75
  2000          65      0.01974  0.01955  0.50   78375    1532   77609  1258012  16.05
  2000          66      0.02148  0.02125  0.50   76843    1633   76027  1180402  15.36
  2000          67      0.02364  0.02336  0.50   75210    1757   74332  1104375  14.68
  2000          68      0.02566  0.02533  0.50   73453    1861   72523  1030044  14.02
  2000          69      0.02785  0.02747  0.50   71593    1966   70609   957521  13.37
  2000          70      0.03064  0.03017  0.50   69626    2101   68576   886911  12.74
  2000          71      0.03332  0.03277  0.50   67525    2213   66419   818335  12.12
  2000          72      0.03745  0.03676  0.50   65312    2401   64112   751917  11.51
  2000          73      0.04012  0.03933  0.50   62911    2474   61674   687805  10.93
  2000          74      0.04332  0.04241  0.50   60437    2563   59156   626130  10.36
  2000          75      0.04772  0.04661  0.50   57874    2698   56526   566975   9.80
  2000          76      0.05175  0.05045  0.50   55177    2783   53785   510449   9.25
  2000          77      0.05643  0.05488  0.50   52393    2875   50956   456664   8.72
  2000          78      0.06245  0.06056  0.50   49518    2999   48019   405708   8.19
  2000          79      0.06951  0.06718  0.50   46519    3125   44957   357690   7.69
  2000          80      0.08048  0.07737  0.50   43394    3357   41715   312733   7.21
  2000          81      0.08601  0.08246  0.50   40037    3302   38386   271018   6.77
  2000          82      0.09721  0.09270  0.50   36735    3405   35032   232632   6.33
  2000          83      0.10640  0.10102  0.50   33330    3367   31646   197599   5.93
  2000          84      0.11857  0.11193  0.50   29963    3354   28286   165953   5.54
  2000          85      0.13147  0.12336  0.50   26609    3282   24968   137667   5.17
  2000          86      0.14550  0.13563  0.50   23326    3164   21745   112700   4.83
  2000          87      0.16027  0.14838  0.50   20163    2992   18667    90955   4.51
  2000          88      0.17496  0.16088  0.50   17171    2762   15790    72288   4.21
  2000          89      0.19597  0.17848  0.50   14408    2572   13123    56498   3.92
  2000          90      0.21241  0.19201  0.50   11837    2273   10700    43376   3.66
  2000          91      0.23315  0.20881  0.50    9564    1997    8565    32675   3.42
  2000          92      0.25765  0.22824  0.50    7567    1727    6703    24110   3.19
  2000          93      0.28430  0.24892  0.50    5840    1454    5113    17407   2.98
  2000          94      0.30847  0.26725  0.50    4386    1172    3800    12294   2.80
  2000          95      0.32836  0.28205  0.50    3214     907    2761     8494   2.64
  2000          96      0.35460  0.30120  0.50    2307     695    1960     5733   2.48
  2000          97      0.38175  0.32056  0.50    1612     517    1354     3773   2.34
  2000          98      0.40966  0.34002  0.50    1096     373     909     2419   2.21
  2000          99      0.43817  0.35942  0.50     723     260     593     1509   2.09
  2000         100      0.46708  0.37865  0.50     463     175     375      916   1.98
  2000         101      0.49623  0.39758  0.50     288     114     231      541   1.88
  2000         102      0.52539  0.41609  0.50     173      72     137      310   1.79
  2000         103      0.55439  0.43407  0.50     101      44      79      173   1.71
  2000         104      0.58302  0.45142  0.50      57      26      44       94   1.64
  2000         105      0.61109  0.46808  0.50      31      15      24       49   1.57
  2000         106      0.63846  0.48396  0.50      17       8      13       25   1.51
  2000         107      0.66495  0.49903  0.50       9       4       6       13   1.46
  2000         108      0.69044  0.51325  0.50       4       2       3        6   1.41
  2000         109      0.71482  0.52661  0.50       2       1       2        3   1.38
  2000         110+     0.73802  1.00000  1.35       1       1       1        1   1.35
  2001           0      0.00763  0.00758  0.13  100000     758   99344  7426528  74.27
  2001           1      0.00056  0.00056  0.50   99242      55   99214  7327185  73.83
  2001           2      0.00038  0.00038  0.50   99187      38   99168  7227970  72.87
  2001           3      0.00029  0.00029  0.50   99149      29   99134  7128802  71.90
  2001           4      0.00024  0.00024  0.50   99120      24   99108  7029668  70.92
  2001           5      0.00019  0.00019  0.50   99096      19   99086  6930560  69.94
  2001           6      0.00017  0.00017  0.50   99077      17   99068  6831473  68.95
  2001           7      0.00015  0.00015  0.50   99060      15   99052  6732405  67.96
  2001           8      0.00016  0.00016  0.50   99045      16   99037  6633353  66.97
  2001           9      0.00016  0.00016  0.50   99029      16   99021  6534315  65.98
  2001          10      0.00018  0.00018  0.50   99013      18   99004  6435294  64.99
  2001          11      0.00019  0.00019  0.50   98995      18   98986  6336290  64.01
  2001          12      0.00020  0.00020  0.50   98977      20   98967  6237304  63.02
  2001          13      0.00025  0.00025  0.50   98957      25   98944  6138337  62.03
  2001          14      0.00032  0.00032  0.50   98932      32   98916  6039393  61.05
  2001          15      0.00046  0.00046  0.50   98900      45   98877  5940477  60.07
  2001          16      0.00068  0.00068  0.50   98855      68   98821  5841600  59.09
  2001          17      0.00092  0.00092  0.50   98787      91   98742  5742779  58.13
  2001          18      0.00120  0.00120  0.50   98696     119   98637  5644037  57.19
  2001          19      0.00136  0.00136  0.50   98578     134   98511  5545400  56.25
  2001          20      0.00135  0.00135  0.50   98444     132   98377  5446890  55.33
  2001          21      0.00150  0.00150  0.50   98311     148   98237  5348512  54.40
  2001          22      0.00143  0.00143  0.50   98164     140   98093  5250275  53.48
  2001          23      0.00139  0.00139  0.50   98023     136   97955  5152182  52.56
  2001          24      0.00138  0.00138  0.50   97887     135   97820  5054226  51.63
  2001          25      0.00132  0.00132  0.50   97752     129   97688  4956406  50.70
  2001          26      0.00139  0.00139  0.50   97623     136   97555  4858718  49.77
  2001          27      0.00134  0.00134  0.50   97487     130   97422  4761163  48.84
  2001          28      0.00139  0.00139  0.50   97357     136   97289  4663741  47.90
  2001          29      0.00138  0.00138  0.50   97222     134   97155  4566451  46.97
  2001          30      0.00141  0.00141  0.50   97088     137   97019  4469297  46.03
  2001          31      0.00144  0.00144  0.50   96951     140   96881  4372278  45.10
  2001          32      0.00145  0.00145  0.50   96811     140   96741  4275397  44.16
  2001          33      0.00161  0.00161  0.50   96671     156   96593  4178656  43.23
  2001          34      0.00168  0.00168  0.50   96515     162   96434  4082063  42.29
  2001          35      0.00186  0.00185  0.50   96353     179   96264  3985629  41.36
  2001          36      0.00193  0.00193  0.50   96175     185   96082  3889365  40.44
  2001          37      0.00216  0.00215  0.50   95989     207   95886  3793283  39.52
  2001          38      0.00231  0.00230  0.50   95783     221   95672  3697397  38.60
  2001          39      0.00244  0.00243  0.50   95562     233   95446  3601724  37.69
  2001          40      0.00259  0.00259  0.50   95329     247   95206  3506278  36.78
  2001          41      0.00283  0.00282  0.50   95083     268   94949  3411072  35.87
  2001          42      0.00295  0.00294  0.50   94815     279   94675  3316123  34.97
  2001          43      0.00334  0.00333  0.50   94536     315   94378  3221448  34.08
  2001          44      0.00358  0.00357  0.50   94221     336   94053  3127070  33.19
  2001          45      0.00387  0.00386  0.50   93884     362   93703  3033018  32.31
  2001          46      0.00419  0.00418  0.50   93522     391   93327  2939314  31.43
  2001          47      0.00460  0.00459  0.50   93132     427   92918  2845987  30.56
  2001          48      0.00498  0.00496  0.50   92704     460   92474  2753070  29.70
  2001          49      0.00534  0.00532  0.50   92244     491   91998  2660595  28.84
  2001          50      0.00559  0.00557  0.50   91753     511   91497  2568597  27.99
  2001          51      0.00600  0.00598  0.50   91241     546   90968  2477100  27.15
  2001          52      0.00633  0.00631  0.50   90695     572   90409  2386132  26.31
  2001          53      0.00680  0.00678  0.50   90123     611   89818  2295722  25.47
  2001          54      0.00731  0.00729  0.50   89512     652   89186  2205905  24.64
  2001          55      0.00813  0.00810  0.50   88860     720   88500  2116718  23.82
  2001          56      0.00877  0.00873  0.50   88141     770   87756  2028218  23.01
  2001          57      0.00972  0.00967  0.50   87371     845   86949  1940462  22.21
  2001          58      0.01066  0.01061  0.50   86526     918   86067  1853514  21.42
  2001          59      0.01151  0.01145  0.50   85608     980   85118  1767446  20.65
  2001          60      0.01263  0.01255  0.50   84628    1062   84097  1682328  19.88
  2001          61      0.01353  0.01344  0.50   83566    1123   83005  1598231  19.13
  2001          62      0.01487  0.01476  0.50   82443    1217   81835  1515226  18.38
  2001          63      0.01629  0.01615  0.50   81226    1312   80570  1433391  17.65
  2001          64      0.01773  0.01758  0.50   79914    1405   79212  1352821  16.93
  2001          65      0.01937  0.01918  0.50   78509    1506   77757  1273609  16.22
  2001          66      0.02089  0.02068  0.50   77004    1592   76208  1195853  15.53
  2001          67      0.02303  0.02276  0.50   75412    1717   74553  1119645  14.85
  2001          68      0.02491  0.02460  0.50   73695    1813   72788  1045092  14.18
  2001          69      0.02760  0.02722  0.50   71882    1957   70903   972304  13.53
  2001          70      0.02960  0.02917  0.50   69925    2040   68905   901400  12.89
  2001          71      0.03247  0.03195  0.50   67885    2169   66801   832495  12.26
  2001          72      0.03539  0.03478  0.50   65717    2285   64574   765694  11.65
  2001          73      0.03962  0.03885  0.50   63431    2464   62199   701120  11.05
  2001          74      0.04252  0.04163  0.50   60967    2538   59698   638921  10.48
  2001          75      0.04653  0.04547  0.50   58429    2657   57100   579223   9.91
  2001          76      0.05122  0.04994  0.50   55772    2785   54380   522123   9.36
  2001          77      0.05578  0.05427  0.50   52987    2875   51549   467743   8.83
  2001          78      0.06032  0.05855  0.50   50112    2934   48645   416194   8.31
  2001          79      0.06779  0.06557  0.50   47178    3093   45631   367549   7.79
  2001          80      0.07609  0.07330  0.50   44084    3232   42468   321918   7.30
  2001          81      0.08704  0.08341  0.50   40853    3407   39149   279450   6.84
  2001          82      0.09434  0.09009  0.50   37445    3373   35758   240301   6.42
  2001          83      0.10478  0.09956  0.50   34072    3392   32376   204543   6.00
  2001          84      0.11487  0.10863  0.50   30679    3333   29013   172167   5.61
  2001          85      0.12889  0.12108  0.50   27347    3311   25691   143154   5.23
  2001          86      0.14308  0.13353  0.50   24036    3209   22431   117463   4.89
  2001          87      0.15744  0.14595  0.50   20826    3040   19306    95032   4.56
  2001          88      0.17222  0.15857  0.50   17786    2820   16376    75726   4.26
  2001          89      0.19181  0.17502  0.50   14966    2619   13656    59350   3.97
  2001          90      0.20981  0.18989  0.50   12347    2344   11174    45693   3.70
  2001          91      0.23143  0.20742  0.50   10002    2075    8965    34519   3.45
  2001          92      0.25210  0.22388  0.50    7927    1775    7040    25554   3.22
  2001          93      0.27903  0.24486  0.50    6153    1507    5399    18514   3.01
  2001          94      0.30580  0.26524  0.50    4646    1232    4030    13115   2.82
  2001          95      0.32515  0.27968  0.50    3414     955    2936     9085   2.66
  2001          96      0.35148  0.29895  0.50    2459     735    2091     6148   2.50
  2001          97      0.37875  0.31845  0.50    1724     549    1449     4057   2.35
  2001          98      0.40681  0.33805  0.50    1175     397     976     2607   2.22
  2001          99      0.43549  0.35762  0.50     778     278     639     1631   2.10
  2001         100      0.46460  0.37702  0.50     500     188     405      992   1.99
  2001         101      0.49396  0.39612  0.50     311     123     250      587   1.89
  2001         102      0.52336  0.41481  0.50     188      78     149      337   1.79
  2001         103      0.55260  0.43297  0.50     110      48      86      188   1.71
  2001         104      0.58148  0.45050  0.50      62      28      48      102   1.64
  2001         105      0.60981  0.46732  0.50      34      16      26       54   1.57
  2001         106      0.63742  0.48337  0.50      18       9      14       28   1.51
  2001         107      0.66415  0.49859  0.50       9       5       7       14   1.46
  2001         108      0.68988  0.51294  0.50       5       2       4        7   1.41
  2001         109      0.71447  0.52642  0.50       2       1       2        3   1.38
  2001         110+     0.73786  1.00000  1.36       1       1       1        1   1.36
  2002           0      0.00775  0.00770  0.13  100000     770   99333  7434625  74.35
  2002           1      0.00053  0.00053  0.50   99230      53   99203  7335292  73.92
  2002           2      0.00036  0.00036  0.50   99177      36   99159  7236089  72.96
  2002           3      0.00028  0.00028  0.50   99141      27   99127  7136930  71.99
  2002           4      0.00024  0.00024  0.50   99113      23   99102  7037803  71.01
  2002           5      0.00019  0.00019  0.50   99090      19   99081  6938701  70.02
  2002           6      0.00016  0.00016  0.50   99071      16   99063  6839621  69.04
  2002           7      0.00016  0.00016  0.50   99055      16   99047  6740557  68.05
  2002           8      0.00017  0.00017  0.50   99039      17   99031  6641510  67.06
  2002           9      0.00016  0.00016  0.50   99023      16   99015  6542479  66.07
  2002          10      0.00017  0.00017  0.50   99007      17   98998  6443464  65.08
  2002          11      0.00017  0.00017  0.50   98990      17   98981  6344466  64.09
  2002          12      0.00022  0.00022  0.50   98973      22   98961  6245485  63.10
  2002          13      0.00026  0.00026  0.50   98950      26   98938  6146523  62.12
  2002          14      0.00032  0.00032  0.50   98925      31   98909  6047586  61.13
  2002          15      0.00043  0.00043  0.50   98893      43   98872  5948677  60.15
  2002          16      0.00074  0.00074  0.50   98850      73   98814  5849805  59.18
  2002          17      0.00089  0.00089  0.50   98778      88   98734  5750991  58.22
  2002          18      0.00119  0.00119  0.50   98690     118   98631  5652257  57.27
  2002          19      0.00137  0.00137  0.50   98572     135   98504  5553627  56.34
  2002          20      0.00137  0.00137  0.50   98437     135   98369  5455122  55.42
  2002          21      0.00144  0.00144  0.50   98302     142   98231  5356753  54.49
  2002          22      0.00141  0.00141  0.50   98160     138   98091  5258522  53.57
  2002          23      0.00143  0.00143  0.50   98022     140   97952  5160431  52.65
  2002          24      0.00142  0.00142  0.50   97882     139   97812  5062479  51.72
  2002          25      0.00135  0.00135  0.50   97743     132   97677  4964667  50.79
  2002          26      0.00142  0.00141  0.50   97612     138   97543  4866989  49.86
  2002          27      0.00134  0.00134  0.50   97473     131   97408  4769447  48.93
  2002          28      0.00134  0.00134  0.50   97343     130   97278  4672039  48.00
  2002          29      0.00140  0.00140  0.50   97213     136   97145  4574761  47.06
  2002          30      0.00144  0.00144  0.50   97076     140   97006  4477616  46.12
  2002          31      0.00147  0.00147  0.50   96936     142   96865  4380610  45.19
  2002          32      0.00145  0.00145  0.50   96794     140   96724  4283745  44.26
  2002          33      0.00159  0.00159  0.50   96654     154   96578  4187020  43.32
  2002          34      0.00167  0.00167  0.50   96501     162   96420  4090443  42.39
  2002          35      0.00178  0.00178  0.50   96339     171   96254  3994023  41.46
  2002          36      0.00189  0.00188  0.50   96168     181   96077  3897769  40.53
  2002          37      0.00206  0.00206  0.50   95987     198   95888  3801692  39.61
  2002          38      0.00225  0.00225  0.50   95789     215   95681  3705804  38.69
  2002          39      0.00241  0.00240  0.50   95574     230   95459  3610123  37.77
  2002          40      0.00268  0.00268  0.50   95344     256   95216  3514664  36.86
  2002          41      0.00281  0.00280  0.50   95088     267   94955  3419448  35.96
  2002          42      0.00305  0.00305  0.50   94822     289   94677  3324493  35.06
  2002          43      0.00326  0.00325  0.50   94533     308   94379  3229816  34.17
  2002          44      0.00363  0.00362  0.50   94225     341   94055  3135437  33.28
  2002          45      0.00385  0.00384  0.50   93884     361   93704  3041382  32.40
  2002          46      0.00426  0.00425  0.50   93523     398   93324  2947679  31.52
  2002          47      0.00452  0.00451  0.50   93125     420   92915  2854354  30.65
  2002          48      0.00497  0.00495  0.50   92705     459   92476  2761439  29.79
  2002          49      0.00531  0.00529  0.50   92246     488   92002  2668963  28.93
  2002          50      0.00579  0.00577  0.50   91758     530   91493  2576961  28.08
  2002          51      0.00608  0.00606  0.50   91228     553   90952  2485468  27.24
  2002          52      0.00652  0.00650  0.50   90675     589   90381  2394516  26.41
  2002          53      0.00695  0.00693  0.50   90086     624   89774  2304135  25.58
  2002          54      0.00747  0.00744  0.50   89462     665   89129  2214362  24.75
  2002          55      0.00803  0.00800  0.50   88796     710   88441  2125233  23.93
  2002          56      0.00881  0.00878  0.50   88086     773   87699  2036792  23.12
  2002          57      0.00938  0.00934  0.50   87313     815   86905  1949092  22.32
  2002          58      0.01050  0.01044  0.50   86498     903   86046  1862187  21.53
  2002          59      0.01151  0.01144  0.50   85594     979   85105  1776141  20.75
  2002          60      0.01264  0.01256  0.50   84615    1062   84084  1691037  19.99
  2002          61      0.01340  0.01331  0.50   83552    1112   82996  1606953  19.23
  2002          62      0.01496  0.01485  0.50   82440    1224   81828  1523957  18.49
  2002          63      0.01604  0.01591  0.50   81216    1292   80570  1442129  17.76
  2002          64      0.01750  0.01735  0.50   79924    1386   79231  1361558  17.04
  2002          65      0.01891  0.01874  0.50   78538    1472   77802  1282327  16.33
  2002          66      0.02035  0.02015  0.50   77066    1553   76290  1204525  15.63
  2002          67      0.02247  0.02222  0.50   75513    1678   74674  1128236  14.94
  2002          68      0.02441  0.02411  0.50   73835    1780   72945  1053561  14.27
  2002          69      0.02666  0.02631  0.50   72055    1896   71107   980616  13.61
  2002          70      0.02958  0.02915  0.50   70159    2045   69137   909509  12.96
  2002          71      0.03203  0.03152  0.50   68114    2147   67040   840373  12.34
  2002          72      0.03447  0.03388  0.50   65967    2235   64849   773332  11.72
  2002          73      0.03800  0.03729  0.50   63732    2377   62543   708483  11.12
  2002          74      0.04199  0.04113  0.50   61355    2523   60093   645940  10.53
  2002          75      0.04590  0.04487  0.50   58832    2640   57512   585847   9.96
  2002          76      0.04986  0.04864  0.50   56192    2733   54825   528335   9.40
  2002          77      0.05496  0.05349  0.50   53458    2860   52029   473510   8.86
  2002          78      0.05996  0.05822  0.50   50599    2946   49126   421481   8.33
  2002          79      0.06576  0.06367  0.50   47653    3034   46136   372356   7.81
  2002          80      0.07612  0.07333  0.50   44619    3272   42983   326220   7.31
  2002          81      0.08381  0.08044  0.50   41347    3326   39684   283237   6.85
  2002          82      0.09466  0.09038  0.50   38021    3437   36303   243552   6.41
  2002          83      0.10234  0.09736  0.50   34585    3367   32901   207249   5.99
  2002          84      0.11502  0.10877  0.50   31218    3395   29520   174348   5.58
  2002          85      0.12722  0.11961  0.50   27822    3328   26158   144828   5.21
  2002          86      0.14418  0.13448  0.50   24494    3294   22847   118670   4.84
  2002          87      0.15701  0.14558  0.50   21200    3086   19657    95823   4.52
  2002          88      0.17450  0.16050  0.50   18114    2907   16660    76166   4.20
  2002          89      0.19449  0.17725  0.50   15207    2695   13859    59505   3.91
  2002          90      0.21181  0.19152  0.50   12511    2396   11313    45646   3.65
  2002          91      0.23032  0.20653  0.50   10115    2089    9071    34333   3.39
  2002          92      0.26245  0.23201  0.50    8026    1862    7095    25263   3.15
  2002          93      0.28487  0.24935  0.50    6164    1537    5395    18168   2.95
  2002          94      0.31546  0.27248  0.50    4627    1261    3997    12772   2.76
  2002          95      0.33235  0.28499  0.50    3366     959    2886     8776   2.61
  2002          96      0.35976  0.30491  0.50    2407     734    2040     5889   2.45
  2002          97      0.38812  0.32504  0.50    1673     544    1401     3849   2.30
  2002          98      0.41725  0.34523  0.50    1129     390     934     2448   2.17
  2002          99      0.44697  0.36533  0.50     739     270     604     1514   2.05
  2002         100      0.47708  0.38520  0.50     469     181     379      910   1.94
  2002         101      0.50736  0.40470  0.50     288     117     230      531   1.84
  2002         102      0.53758  0.42369  0.50     172      73     135      301   1.75
  2002         103      0.56753  0.44208  0.50      99      44      77      165   1.67
  2002         104      0.59699  0.45976  0.50      55      25      43       88   1.60
  2002         105      0.62577  0.47664  0.50      30      14      23       46   1.54
  2002         106      0.65369  0.49266  0.50      16       8      12       23   1.48
  2002         107      0.68058  0.50779  0.50       8       4       6       11   1.43
  2002         108      0.70633  0.52198  0.50       4       2       3        5   1.38
  2002         109      0.73082  0.53524  0.50       2       1       1        3   1.35
  2002         110+     0.75398  1.00000  1.33       1       1       1        1   1.33
  2003           0      0.00782  0.00777  0.13  100000     777   99327  7452635  74.53
  2003           1      0.00053  0.00053  0.50   99223      52   99197  7353308  74.11
  2003           2      0.00037  0.00037  0.50   99171      37   99153  7254111  73.15
  2003           3      0.00029  0.00029  0.50   99134      29   99120  7154958  72.17
  2003           4      0.00022  0.00022  0.50   99105      22   99094  7055839  71.20
  2003           5      0.00019  0.00019  0.50   99083      19   99074  6956744  70.21
  2003           6      0.00017  0.00017  0.50   99064      17   99055  6857671  69.22
  2003           7      0.00015  0.00015  0.50   99047      15   99039  6758615  68.24
  2003           8      0.00016  0.00016  0.50   99032      16   99024  6659576  67.25
  2003           9      0.00014  0.00014  0.50   99016      14   99009  6560552  66.26
  2003          10      0.00018  0.00018  0.50   99002      18   98993  6461543  65.27
  2003          11      0.00016  0.00016  0.50   98984      16   98976  6362550  64.28
  2003          12      0.00022  0.00022  0.50   98968      21   98957  6263574  63.29
  2003          13      0.00025  0.00025  0.50   98947      25   98934  6164616  62.30
  2003          14      0.00033  0.00033  0.50   98922      33   98905  6065682  61.32
  2003          15      0.00042  0.00042  0.50   98889      42   98868  5966777  60.34
  2003          16      0.00070  0.00070  0.50   98847      69   98813  5867909  59.36
  2003          17      0.00089  0.00089  0.50   98778      88   98734  5769096  58.40
  2003          18      0.00118  0.00118  0.50   98691     117   98632  5670362  57.46
  2003          19      0.00134  0.00133  0.50   98574     132   98508  5571730  56.52
  2003          20      0.00139  0.00139  0.50   98442     136   98374  5473222  55.60
  2003          21      0.00141  0.00141  0.50   98306     139   98236  5374847  54.67
  2003          22      0.00147  0.00147  0.50   98167     145   98095  5276611  53.75
  2003          23      0.00144  0.00144  0.50   98022     141   97952  5178516  52.83
  2003          24      0.00141  0.00141  0.50   97882     138   97813  5080564  51.91
  2003          25      0.00137  0.00137  0.50   97744     134   97677  4982752  50.98
  2003          26      0.00139  0.00139  0.50   97610     136   97542  4885075  50.05
  2003          27      0.00136  0.00136  0.50   97474     133   97408  4787533  49.12
  2003          28      0.00134  0.00134  0.50   97341     130   97276  4690126  48.18
  2003          29      0.00141  0.00141  0.50   97211     137   97143  4592849  47.25
  2003          30      0.00140  0.00140  0.50   97074     136   97006  4495707  46.31
  2003          31      0.00147  0.00146  0.50   96938     142   96867  4398701  45.38
  2003          32      0.00152  0.00152  0.50   96796     147   96723  4301834  44.44
  2003          33      0.00156  0.00156  0.50   96649     151   96574  4205111  43.51
  2003          34      0.00161  0.00161  0.50   96498     155   96421  4108537  42.58
  2003          35      0.00176  0.00176  0.50   96343     169   96259  4012117  41.64
  2003          36      0.00188  0.00188  0.50   96174     181   96084  3915858  40.72
  2003          37      0.00202  0.00202  0.50   95993     194   95896  3819774  39.79
  2003          38      0.00218  0.00217  0.50   95799     208   95695  3723878  38.87
  2003          39      0.00236  0.00236  0.50   95591     226   95478  3628183  37.96
  2003          40      0.00255  0.00255  0.50   95365     243   95244  3532705  37.04
  2003          41      0.00283  0.00282  0.50   95122     269   94988  3437462  36.14
  2003          42      0.00301  0.00301  0.50   94854     285   94711  3342474  35.24
  2003          43      0.00332  0.00331  0.50   94568     313   94412  3247763  34.34
  2003          44      0.00357  0.00356  0.50   94255     336   94087  3153351  33.46
  2003          45      0.00383  0.00382  0.50   93920     359   93740  3059263  32.57
  2003          46      0.00428  0.00427  0.50   93560     400   93361  2965523  31.70
  2003          47      0.00460  0.00459  0.50   93161     427   92947  2872163  30.83
  2003          48      0.00500  0.00498  0.50   92733     462   92502  2779216  29.97
  2003          49      0.00536  0.00534  0.50   92271     493   92025  2686714  29.12
  2003          50      0.00582  0.00580  0.50   91778     532   91512  2594689  28.27
  2003          51      0.00623  0.00621  0.50   91246     566   90963  2503177  27.43
  2003          52      0.00652  0.00650  0.50   90679     589   90385  2412215  26.60
  2003          53      0.00688  0.00686  0.50   90090     618   89781  2321830  25.77
  2003          54      0.00759  0.00756  0.50   89472     676   89134  2232049  24.95
  2003          55      0.00816  0.00813  0.50   88796     722   88435  2142915  24.13
  2003          56      0.00863  0.00859  0.50   88074     757   87696  2054480  23.33
  2003          57      0.00935  0.00930  0.50   87317     812   86911  1966784  22.52
  2003          58      0.01018  0.01013  0.50   86505     876   86067  1879873  21.73
  2003          59      0.01140  0.01134  0.50   85629     971   85143  1793807  20.95
  2003          60      0.01239  0.01232  0.50   84658    1043   84137  1708663  20.18
  2003          61      0.01351  0.01342  0.50   83615    1122   83054  1624527  19.43
  2003          62      0.01465  0.01455  0.50   82493    1200   81893  1541473  18.69
  2003          63      0.01567  0.01555  0.50   81293    1264   80661  1459580  17.95
  2003          64      0.01708  0.01693  0.50   80029    1355   79351  1378919  17.23
  2003          65      0.01850  0.01833  0.50   78674    1442   77953  1299568  16.52
  2003          66      0.01995  0.01975  0.50   77232    1526   76469  1221615  15.82
  2003          67      0.02188  0.02164  0.50   75706    1638   74887  1145146  15.13
  2003          68      0.02370  0.02342  0.50   74068    1735   73201  1070259  14.45
  2003          69      0.02630  0.02595  0.50   72333    1877   71395   997058  13.78
  2003          70      0.02838  0.02799  0.50   70456    1972   69470   925663  13.14
  2003          71      0.03049  0.03004  0.50   68484    2057   67456   856193  12.50
  2003          72      0.03396  0.03339  0.50   66427    2218   65318   788737  11.87
  2003          73      0.03712  0.03645  0.50   64209    2340   63039   723419  11.27
  2003          74      0.03976  0.03899  0.50   61869    2412   60663   660381  10.67
  2003          75      0.04546  0.04445  0.50   59456    2643   58135   599718  10.09
  2003          76      0.04903  0.04786  0.50   56814    2719   55454   541583   9.53
  2003          77      0.05294  0.05157  0.50   54094    2790   52700   486129   8.99
  2003          78      0.05848  0.05682  0.50   51305    2915   49847   433429   8.45
  2003          79      0.06462  0.06260  0.50   48390    3029   46875   383582   7.93
  2003          80      0.07434  0.07168  0.50   45361    3251   43735   336707   7.42
  2003          81      0.08227  0.07902  0.50   42109    3327   40446   292972   6.96
  2003          82      0.08977  0.08592  0.50   38782    3332   37116   252526   6.51
  2003          83      0.10314  0.09809  0.50   35450    3477   33711   215410   6.08
  2003          84      0.11147  0.10559  0.50   31973    3376   30285   181699   5.68
  2003          85      0.12340  0.11623  0.50   28597    3324   26935   151414   5.29
  2003          86      0.13814  0.12921  0.50   25273    3266   23640   124479   4.93
  2003          87      0.15431  0.14326  0.50   22008    3153   20431   100838   4.58
  2003          88      0.17132  0.15781  0.50   18855    2975   17367    80407   4.26
  2003          89      0.18850  0.17226  0.50   15879    2735   14512    63040   3.97
  2003          90      0.21082  0.19072  0.50   13144    2507   11891    48528   3.69
  2003          91      0.23099  0.20707  0.50   10637    2203    9536    36638   3.44
  2003          92      0.25334  0.22486  0.50    8435    1897    7486    27102   3.21
  2003          93      0.27952  0.24525  0.50    6538    1603    5736    19615   3.00
  2003          94      0.30305  0.26317  0.50    4935    1299    4285    13879   2.81
  2003          95      0.32719  0.28119  0.50    3636    1022    3125     9594   2.64
  2003          96      0.35450  0.30113  0.50    2614     787    2220     6469   2.48
  2003          97      0.38279  0.32130  0.50    1827     587    1533     4249   2.33
  2003          98      0.41190  0.34156  0.50    1240     423    1028     2716   2.19
  2003          99      0.44164  0.36176  0.50     816     295     669     1688   2.07
  2003         100      0.47181  0.38175  0.50     521     199     422     1019   1.96
  2003         101      0.50218  0.40139  0.50     322     129     257      598   1.86
  2003         102      0.53253  0.42055  0.50     193      81     152      340   1.77
  2003         103      0.56265  0.43911  0.50     112      49      87      188   1.68
  2003         104      0.59231  0.45697  0.50      63      29      48      101   1.61
  2003         105      0.62131  0.47404  0.50      34      16      26       53   1.54
  2003         106      0.64947  0.49026  0.50      18       9      14       27   1.49
  2003         107      0.67663  0.50558  0.50       9       5       7       13   1.43
  2003         108      0.70264  0.51997  0.50       5       2       3        6   1.39
  2003         109      0.72741  0.53341  0.50       2       1       2        3   1.35
  2003         110+     0.75084  1.00000  1.33       1       1       1        1   1.33
  2004           0      0.00768  0.00763  0.13  100000     763   99339  7496100  74.96
  2004           1      0.00052  0.00052  0.50   99237      52   99211  7396760  74.54
  2004           2      0.00033  0.00033  0.50   99185      33   99169  7297549  73.57
  2004           3      0.00025  0.00025  0.50   99152      25   99140  7198380  72.60
  2004           4      0.00021  0.00021  0.50   99128      21   99117  7099240  71.62
  2004           5      0.00018  0.00018  0.50   99107      18   99098  7000123  70.63
  2004           6      0.00018  0.00018  0.50   99089      18   99080  6901025  69.64
  2004           7      0.00016  0.00016  0.50   99071      16   99064  6801945  68.66
  2004           8      0.00015  0.00015  0.50   99056      15   99048  6702881  67.67
  2004           9      0.00016  0.00016  0.50   99041      16   99033  6603833  66.68
  2004          10      0.00015  0.00015  0.50   99025      15   99018  6504800  65.69
  2004          11      0.00016  0.00016  0.50   99010      16   99002  6405782  64.70
  2004          12      0.00021  0.00021  0.50   98994      20   98984  6306780  63.71
  2004          13      0.00024  0.00024  0.50   98974      24   98962  6207795  62.72
  2004          14      0.00031  0.00031  0.50   98950      31   98935  6108833  61.74
  2004          15      0.00045  0.00045  0.50   98919      45   98897  6009899  60.76
  2004          16      0.00068  0.00068  0.50   98875      67   98841  5911002  59.78
  2004          17      0.00088  0.00088  0.50   98807      87   98764  5812161  58.82
  2004          18      0.00116  0.00116  0.50   98720     114   98663  5713397  57.87
  2004          19      0.00128  0.00128  0.50   98606     127   98543  5614734  56.94
  2004          20      0.00133  0.00133  0.50   98479     131   98414  5516191  56.01
  2004          21      0.00145  0.00145  0.50   98349     143   98278  5417777  55.09
  2004          22      0.00143  0.00143  0.50   98206     141   98136  5319499  54.17
  2004          23      0.00139  0.00139  0.50   98066     137   97998  5221363  53.24
  2004          24      0.00141  0.00141  0.50   97929     138   97860  5123365  52.32
  2004          25      0.00144  0.00144  0.50   97791     141   97721  5025505  51.39
  2004          26      0.00142  0.00142  0.50   97651     139   97582  4927784  50.46
  2004          27      0.00143  0.00142  0.50   97512     139   97443  4830202  49.53
  2004          28      0.00134  0.00134  0.50   97373     130   97308  4732759  48.60
  2004          29      0.00141  0.00141  0.50   97243     137   97175  4635451  47.67
  2004          30      0.00130  0.00130  0.50   97106     126   97043  4538277  46.74
  2004          31      0.00143  0.00143  0.50   96980     138   96911  4441234  45.80
  2004          32      0.00151  0.00151  0.50   96842     146   96769  4344323  44.86
  2004          33      0.00149  0.00149  0.50   96696     144   96624  4247554  43.93
  2004          34      0.00158  0.00158  0.50   96552     152   96475  4150931  42.99
  2004          35      0.00173  0.00173  0.50   96399     166   96316  4054455  42.06
  2004          36      0.00181  0.00180  0.50   96233     174   96146  3958139  41.13
  2004          37      0.00195  0.00195  0.50   96059     187   95966  3861993  40.20
  2004          38      0.00207  0.00207  0.50   95872     198   95773  3766027  39.28
  2004          39      0.00223  0.00223  0.50   95674     213   95567  3670254  38.36
  2004          40      0.00245  0.00244  0.50   95461     233   95344  3574687  37.45
  2004          41      0.00269  0.00269  0.50   95227     256   95099  3479343  36.54
  2004          42      0.00297  0.00297  0.50   94971     282   94830  3384244  35.63
  2004          43      0.00313  0.00313  0.50   94689     296   94541  3289414  34.74
  2004          44      0.00339  0.00338  0.50   94393     319   94234  3194872  33.85
  2004          45      0.00377  0.00376  0.50   94074     354   93897  3100639  32.96
  2004          46      0.00409  0.00409  0.50   93720     383   93528  3006742  32.08
  2004          47      0.00452  0.00451  0.50   93337     421   93126  2913213  31.21
  2004          48      0.00481  0.00480  0.50   92916     446   92693  2820087  30.35
  2004          49      0.00515  0.00513  0.50   92470     475   92232  2727394  29.49
  2004          50      0.00567  0.00565  0.50   91995     520   91735  2635162  28.64
  2004          51      0.00613  0.00611  0.50   91475     559   91196  2543426  27.80
  2004          52      0.00670  0.00668  0.50   90916     608   90612  2452231  26.97
  2004          53      0.00703  0.00701  0.50   90309     633   89992  2361618  26.15
  2004          54      0.00735  0.00732  0.50   89676     657   89347  2271626  25.33
  2004          55      0.00790  0.00787  0.50   89019     700   88669  2182279  24.51
  2004          56      0.00845  0.00841  0.50   88319     743   87947  2093610  23.71
  2004          57      0.00911  0.00907  0.50   87576     794   87179  2005663  22.90
  2004          58      0.00990  0.00985  0.50   86781     855   86354  1918484  22.11
  2004          59      0.01066  0.01060  0.50   85926     911   85471  1832130  21.32
  2004          60      0.01196  0.01189  0.50   85015    1011   84510  1746659  20.55
  2004          61      0.01293  0.01285  0.50   84004    1080   83465  1662150  19.79
  2004          62      0.01416  0.01406  0.50   82925    1166   82342  1578685  19.04
  2004          63      0.01519  0.01507  0.50   81759    1232   81142  1496344  18.30
  2004          64      0.01644  0.01630  0.50   80526    1313   79870  1415201  17.57
  2004          65      0.01775  0.01759  0.50   79213    1394   78517  1335331  16.86
  2004          66      0.01932  0.01914  0.50   77820    1489   77075  1256815  16.15
  2004          67      0.02092  0.02071  0.50   76331    1580   75540  1179739  15.46
  2004          68      0.02268  0.02242  0.50   74750    1676   73912  1104199  14.77
  2004          69      0.02473  0.02443  0.50   73074    1785   72181  1030287  14.10
  2004          70      0.02714  0.02678  0.50   71289    1909   70334   958105  13.44
  2004          71      0.02930  0.02888  0.50   69380    2004   68378   887771  12.80
  2004          72      0.03198  0.03147  0.50   67376    2121   66316   819393  12.16
  2004          73      0.03507  0.03446  0.50   65256    2249   64132   753077  11.54
  2004          74      0.03836  0.03763  0.50   63007    2371   61822   688945  10.93
  2004          75      0.04239  0.04151  0.50   60636    2517   59378   627124  10.34
  2004          76      0.04654  0.04548  0.50   58119    2643   56797   567746   9.77
  2004          77      0.05119  0.04991  0.50   55476    2769   54091   510948   9.21
  2004          78      0.05609  0.05456  0.50   52707    2876   51269   456857   8.67
  2004          79      0.06155  0.05971  0.50   49832    2975   48344   405588   8.14
  2004          80      0.07152  0.06905  0.50   46856    3235   45238   357244   7.62
  2004          81      0.07798  0.07506  0.50   43621    3274   41984   312006   7.15
  2004          82      0.08739  0.08373  0.50   40347    3378   38658   270022   6.69
  2004          83      0.09647  0.09203  0.50   36968    3402   35267   231364   6.26
  2004          84      0.10920  0.10355  0.50   33566    3476   31828   196097   5.84
  2004          85      0.11647  0.11006  0.50   30091    3312   28435   164268   5.46
  2004          86      0.13338  0.12504  0.50   26779    3348   25105   135834   5.07
  2004          87      0.14616  0.13621  0.50   23430    3191   21835   110729   4.73
  2004          88      0.16475  0.15221  0.50   20239    3081   18699    88894   4.39
  2004          89      0.18278  0.16748  0.50   17159    2874   15722    70195   4.09
  2004          90      0.20038  0.18213  0.50   14285    2602   12984    54474   3.81
  2004          91      0.21950  0.19779  0.50   11683    2311   10528    41490   3.55
  2004          92      0.24284  0.21655  0.50    9372    2030    8357    30962   3.30
  2004          93      0.26617  0.23490  0.50    7343    1725    6480    22605   3.08
  2004          94      0.30223  0.26255  0.50    5618    1475    4880    16124   2.87
  2004          95      0.31582  0.27275  0.50    4143    1130    3578    11244   2.71
  2004          96      0.34261  0.29250  0.50    3013     881    2572     7666   2.54
  2004          97      0.37043  0.31254  0.50    2132     666    1799     5094   2.39
  2004          98      0.39914  0.33273  0.50    1465     488    1222     3295   2.25
  2004          99      0.42856  0.35293  0.50     978     345     805     2074   2.12
  2004         100      0.45849  0.37299  0.50     633     236     515     1268   2.00
  2004         101      0.48873  0.39275  0.50     397     156     319      754   1.90
  2004         102      0.51905  0.41210  0.50     241      99     191      435   1.80
  2004         103      0.54923  0.43090  0.50     142      61     111      244   1.72
  2004         104      0.57905  0.44904  0.50      81      36      63      132   1.64
  2004         105      0.60831  0.46644  0.50      44      21      34       70   1.57
  2004         106      0.63680  0.48301  0.50      24      11      18       36   1.51
  2004         107      0.66437  0.49871  0.50      12       6       9       18   1.46
  2004         108      0.69086  0.51349  0.50       6       3       5        9   1.41
  2004         109      0.71616  0.52733  0.50       3       2       2        4   1.37
  2004         110+     0.74016  1.00000  1.35       1       1       2        2   1.35
  2005           0      0.00780  0.00775  0.13  100000     775   99329  7495077  74.95
  2005           1      0.00054  0.00054  0.50   99225      53   99199  7395748  74.53
  2005           2      0.00037  0.00037  0.50   99172      36   99154  7296549  73.57
  2005           3      0.00026  0.00026  0.50   99136      25   99123  7197394  72.60
  2005           4      0.00021  0.00021  0.50   99111      20   99101  7098271  71.62
  2005           5      0.00017  0.00017  0.50   99090      17   99082  6999170  70.63
  2005           6      0.00017  0.00017  0.50   99074      17   99065  6900088  69.65
  2005           7      0.00015  0.00015  0.50   99057      15   99050  6801023  68.66
  2005           8      0.00015  0.00015  0.50   99042      15   99035  6701973  67.67
  2005           9      0.00015  0.00015  0.50   99028      15   99020  6602938  66.68
  2005          10      0.00013  0.00013  0.50   99013      13   99006  6503918  65.69
  2005          11      0.00017  0.00017  0.50   98999      17   98991  6404912  64.70
  2005          12      0.00017  0.00017  0.50   98983      17   98974  6305921  63.71
  2005          13      0.00024  0.00024  0.50   98966      24   98954  6206947  62.72
  2005          14      0.00033  0.00033  0.50   98942      33   98925  6107993  61.73
  2005          15      0.00045  0.00045  0.50   98909      45   98886  6009068  60.75
  2005          16      0.00064  0.00064  0.50   98864      63   98832  5910181  59.78
  2005          17      0.00089  0.00089  0.50   98800      88   98756  5811349  58.82
  2005          18      0.00117  0.00117  0.50   98712     115   98655  5712593  57.87
  2005          19      0.00134  0.00134  0.50   98597     132   98531  5613938  56.94
  2005          20      0.00135  0.00135  0.50   98465     133   98399  5515407  56.01
  2005          21      0.00150  0.00150  0.50   98333     148   98259  5417008  55.09
  2005          22      0.00149  0.00149  0.50   98185     146   98112  5318749  54.17
  2005          23      0.00149  0.00149  0.50   98039     146   97966  5220637  53.25
  2005          24      0.00146  0.00145  0.50   97894     142   97822  5122671  52.33
  2005          25      0.00146  0.00146  0.50   97751     143   97680  5024848  51.40
  2005          26      0.00149  0.00148  0.50   97608     145   97536  4927168  50.48
  2005          27      0.00148  0.00148  0.50   97464     144   97392  4829632  49.55
  2005          28      0.00142  0.00142  0.50   97319     139   97250  4732241  48.63
  2005          29      0.00138  0.00138  0.50   97181     134   97114  4634991  47.69
  2005          30      0.00141  0.00140  0.50   97047     136   96978  4537877  46.76
  2005          31      0.00149  0.00149  0.50   96910     144   96838  4440899  45.82
  2005          32      0.00152  0.00152  0.50   96766     147   96692  4344061  44.89
  2005          33      0.00154  0.00154  0.50   96619     149   96544  4247368  43.96
  2005          34      0.00162  0.00162  0.50   96470     156   96392  4150824  43.03
  2005          35      0.00166  0.00166  0.50   96314     160   96234  4054432  42.10
  2005          36      0.00171  0.00171  0.50   96154     164   96072  3958198  41.17
  2005          37      0.00195  0.00195  0.50   95989     187   95896  3862127  40.23
  2005          38      0.00207  0.00207  0.50   95802     198   95703  3766231  39.31
  2005          39      0.00224  0.00224  0.50   95604     214   95497  3670528  38.39
  2005          40      0.00247  0.00247  0.50   95390     236   95272  3575031  37.48
  2005          41      0.00265  0.00264  0.50   95154     251   95029  3479759  36.57
  2005          42      0.00299  0.00298  0.50   94903     283   94761  3384730  35.67
  2005          43      0.00318  0.00318  0.50   94620     301   94469  3289968  34.77
  2005          44      0.00350  0.00349  0.50   94319     329   94154  3195499  33.88
  2005          45      0.00380  0.00380  0.50   93990     357   93811  3101345  33.00
  2005          46      0.00403  0.00403  0.50   93633     377   93445  3007533  32.12
  2005          47      0.00439  0.00438  0.50   93256     409   93052  2914089  31.25
  2005          48      0.00481  0.00480  0.50   92847     446   92624  2821037  30.38
  2005          49      0.00532  0.00530  0.50   92402     490   92157  2728413  29.53
  2005          50      0.00573  0.00571  0.50   91912     525   91649  2636256  28.68
  2005          51      0.00607  0.00606  0.50   91387     553   91110  2544607  27.84
  2005          52      0.00686  0.00684  0.50   90833     621   90523  2453497  27.01
  2005          53      0.00719  0.00717  0.50   90212     647   89889  2362974  26.19
  2005          54      0.00750  0.00748  0.50   89566     670   89231  2273085  25.38
  2005          55      0.00812  0.00809  0.50   88896     719   88536  2183854  24.57
  2005          56      0.00843  0.00840  0.50   88177     740   87807  2095317  23.76
  2005          57      0.00923  0.00919  0.50   87436     804   87035  2007511  22.96
  2005          58      0.00974  0.00970  0.50   86633     840   86213  1920476  22.17
  2005          59      0.01085  0.01079  0.50   85793     926   85330  1834264  21.38
  2005          60      0.01178  0.01171  0.50   84867     994   84370  1748934  20.61
  2005          61      0.01262  0.01254  0.50   83873    1052   83347  1664564  19.85
  2005          62      0.01417  0.01407  0.50   82821    1165   82239  1581216  19.09
  2005          63      0.01527  0.01515  0.50   81656    1237   81038  1498978  18.36
  2005          64      0.01641  0.01627  0.50   80419    1309   79765  1417940  17.63
  2005          65      0.01745  0.01730  0.50   79111    1368   78427  1338175  16.92
  2005          66      0.01870  0.01853  0.50   77742    1441   77022  1259748  16.20
  2005          67      0.02068  0.02046  0.50   76302    1561   75521  1182726  15.50
  2005          68      0.02212  0.02188  0.50   74740    1635   73923  1107205  14.81
  2005          69      0.02410  0.02381  0.50   73105    1740   72235  1033282  14.13
  2005          70      0.02688  0.02653  0.50   71364    1893   70418   961048  13.47
  2005          71      0.02908  0.02866  0.50   69471    1991   68476   890630  12.82
  2005          72      0.03190  0.03140  0.50   67480    2119   66421   822154  12.18
  2005          73      0.03550  0.03488  0.50   65361    2280   64221   755733  11.56
  2005          74      0.03793  0.03723  0.50   63081    2348   61907   691512  10.96
  2005          75      0.04192  0.04106  0.50   60733    2494   59486   629605  10.37
  2005          76      0.04463  0.04365  0.50   58239    2542   56968   570119   9.79
  2005          77      0.05113  0.04986  0.50   55697    2777   54308   513151   9.21
  2005          78      0.05562  0.05412  0.50   52920    2864   51488   458843   8.67
  2005          79      0.06118  0.05937  0.50   50056    2972   48570   407355   8.14
  2005          80      0.07089  0.06846  0.50   47084    3223   45473   358785   7.62
  2005          81      0.07845  0.07549  0.50   43861    3311   42205   313313   7.14
  2005          82      0.08658  0.08299  0.50   40550    3365   38867   271107   6.69
  2005          83      0.09584  0.09146  0.50   37185    3401   35484   232240   6.25
  2005          84      0.10548  0.10019  0.50   33784    3385   32091   196756   5.82
  2005          85      0.12130  0.11437  0.50   30399    3477   28661   164664   5.42
  2005          86      0.12978  0.12187  0.50   26922    3281   25282   136004   5.05
  2005          87      0.14781  0.13764  0.50   23641    3254   22014   110722   4.68
  2005          88      0.16372  0.15133  0.50   20387    3085   18845    88707   4.35
  2005          89      0.18303  0.16769  0.50   17302    2901   15851    69863   4.04
  2005          90      0.20326  0.18451  0.50   14401    2657   13072    54011   3.75
  2005          91      0.22499  0.20224  0.50   11744    2375   10556    40939   3.49
  2005          92      0.24931  0.22168  0.50    9369    2077    8330    30383   3.24
  2005          93      0.27561  0.24223  0.50    7292    1766    6409    22053   3.02
  2005          94      0.30488  0.26455  0.50    5526    1462    4795    15644   2.83
  2005          95      0.32150  0.27697  0.50    4064    1126    3501    10850   2.67
  2005          96      0.34911  0.29722  0.50    2938     873    2502     7349   2.50
  2005          97      0.37776  0.31775  0.50    2065     656    1737     4847   2.35
  2005          98      0.40730  0.33839  0.50    1409     477    1170     3110   2.21
  2005          99      0.43752  0.35899  0.50     932     335     765     1940   2.08
  2005         100      0.46822  0.37940  0.50     597     227     484     1175   1.97
  2005         101      0.49916  0.39946  0.50     371     148     297      691   1.86
  2005         102      0.53010  0.41903  0.50     223      93     176      394   1.77
  2005         103      0.56081  0.43800  0.50     129      57     101      218   1.69
  2005         104      0.59107  0.45623  0.50      73      33      56      117   1.61
  2005         105      0.62065  0.47366  0.50      40      19      30       61   1.55
  2005         106      0.64936  0.49020  0.50      21      10      16       31   1.49
  2005         107      0.67703  0.50580  0.50      11       5       8       15   1.43
  2005         108      0.70351  0.52044  0.50       5       3       4        7   1.39
  2005         109      0.72869  0.53409  0.50       3       1       2        3   1.35
  2005         110+     0.75248  1.00000  1.33       1       1       2        2   1.33
  2006           0      0.00771  0.00766  0.13  100000     766   99336  7523307  75.23
  2006           1      0.00048  0.00048  0.50   99234      47   99210  7423971  74.81
  2006           2      0.00033  0.00033  0.50   99186      33   99170  7324761  73.85
  2006           3      0.00025  0.00025  0.50   99154      25   99141  7225591  72.87
  2006           4      0.00019  0.00019  0.50   99129      19   99120  7126449  71.89
  2006           5      0.00020  0.00020  0.50   99110      20   99100  7027330  70.90
  2006           6      0.00014  0.00014  0.50   99090      14   99083  6928230  69.92
  2006           7      0.00014  0.00014  0.50   99076      14   99069  6829147  68.93
  2006           8      0.00015  0.00015  0.50   99062      15   99054  6730078  67.94
  2006           9      0.00014  0.00014  0.50   99047      13   99040  6631024  66.95
  2006          10      0.00014  0.00014  0.50   99033      13   99026  6531984  65.96
  2006          11      0.00016  0.00016  0.50   99020      16   99012  6432957  64.97
  2006          12      0.00016  0.00016  0.50   99004      16   98996  6333945  63.98
  2006          13      0.00021  0.00021  0.50   98988      21   98977  6234950  62.99
  2006          14      0.00029  0.00029  0.50   98967      29   98952  6135972  62.00
  2006          15      0.00042  0.00042  0.50   98938      41   98918  6037020  61.02
  2006          16      0.00063  0.00063  0.50   98897      63   98866  5938102  60.04
  2006          17      0.00087  0.00087  0.50   98835      86   98792  5839236  59.08
  2006          18      0.00119  0.00119  0.50   98748     117   98690  5740445  58.13
  2006          19      0.00134  0.00134  0.50   98631     132   98565  5641755  57.20
  2006          20      0.00141  0.00141  0.50   98499     139   98429  5543190  56.28
  2006          21      0.00151  0.00151  0.50   98360     148   98286  5444761  55.36
  2006          22      0.00149  0.00149  0.50   98212     147   98138  5346475  54.44
  2006          23      0.00154  0.00154  0.50   98065     151   97989  5248337  53.52
  2006          24      0.00153  0.00153  0.50   97914     150   97839  5150347  52.60
  2006          25      0.00152  0.00152  0.50   97764     149   97690  5052508  51.68
  2006          26      0.00149  0.00149  0.50   97616     145   97543  4954819  50.76
  2006          27      0.00153  0.00153  0.50   97470     149   97396  4857276  49.83
  2006          28      0.00148  0.00148  0.50   97321     144   97249  4759880  48.91
  2006          29      0.00150  0.00150  0.50   97177     146   97104  4662631  47.98
  2006          30      0.00146  0.00146  0.50   97031     141   96961  4565526  47.05
  2006          31      0.00155  0.00155  0.50   96890     150   96815  4468566  46.12
  2006          32      0.00150  0.00150  0.50   96740     145   96667  4371751  45.19
  2006          33      0.00156  0.00156  0.50   96595     150   96519  4275083  44.26
  2006          34      0.00167  0.00167  0.50   96444     161   96364  4178564  43.33
  2006          35      0.00175  0.00175  0.50   96283     169   96199  4082200  42.40
  2006          36      0.00176  0.00176  0.50   96114     169   96030  3986002  41.47
  2006          37      0.00186  0.00186  0.50   95945     178   95856  3889972  40.54
  2006          38      0.00206  0.00206  0.50   95767     197   95669  3794116  39.62
  2006          39      0.00221  0.00221  0.50   95570     211   95464  3698447  38.70
  2006          40      0.00244  0.00244  0.50   95359     233   95242  3602983  37.78
  2006          41      0.00258  0.00258  0.50   95126     245   95003  3507741  36.87
  2006          42      0.00290  0.00290  0.50   94880     275   94743  3412738  35.97
  2006          43      0.00315  0.00315  0.50   94605     298   94456  3317995  35.07
  2006          44      0.00337  0.00337  0.50   94308     318   94149  3223538  34.18
  2006          45      0.00365  0.00364  0.50   93990     342   93819  3129389  33.29
  2006          46      0.00396  0.00395  0.50   93648     370   93463  3035570  32.41
  2006          47      0.00432  0.00432  0.50   93278     403   93077  2942108  31.54
  2006          48      0.00483  0.00482  0.50   92875     448   92651  2849031  30.68
  2006          49      0.00517  0.00516  0.50   92428     477   92189  2756379  29.82
  2006          50      0.00567  0.00566  0.50   91951     520   91690  2664190  28.97
  2006          51      0.00602  0.00600  0.50   91430     549   91156  2572500  28.14
  2006          52      0.00662  0.00660  0.50   90882     600   90582  2481344  27.30
  2006          53      0.00714  0.00711  0.50   90282     642   89961  2390762  26.48
  2006          54      0.00758  0.00755  0.50   89640     677   89302  2300801  25.67
  2006          55      0.00800  0.00797  0.50   88963     709   88609  2211499  24.86
  2006          56      0.00839  0.00835  0.50   88255     737   87886  2122890  24.05
  2006          57      0.00904  0.00900  0.50   87517     788   87124  2035004  23.25
  2006          58      0.01001  0.00996  0.50   86730     864   86298  1947881  22.46
  2006          59      0.01042  0.01037  0.50   85866     890   85421  1861583  21.68
  2006          60      0.01156  0.01150  0.50   84976     977   84487  1776162  20.90
  2006          61      0.01201  0.01194  0.50   83999    1003   83497  1691675  20.14
  2006          62      0.01358  0.01349  0.50   82996    1119   82436  1608178  19.38
  2006          63      0.01474  0.01463  0.50   81876    1198   81277  1525742  18.63
  2006          64      0.01594  0.01582  0.50   80679    1276   80041  1444464  17.90
  2006          65      0.01696  0.01682  0.50   79403    1335   78735  1364424  17.18
  2006          66      0.01839  0.01822  0.50   78067    1423   77356  1285689  16.47
  2006          67      0.01996  0.01977  0.50   76645    1515   75887  1208333  15.77
  2006          68      0.02146  0.02123  0.50   75130    1595   74332  1132445  15.07
  2006          69      0.02368  0.02340  0.50   73535    1721   72674  1058113  14.39
  2006          70      0.02560  0.02528  0.50   71814    1815   70906   985439  13.72
  2006          71      0.02771  0.02733  0.50   69999    1913   69042   914533  13.07
  2006          72      0.03036  0.02991  0.50   68085    2036   67067   845491  12.42
  2006          73      0.03338  0.03283  0.50   66049    2169   64965   778424  11.79
  2006          74      0.03674  0.03608  0.50   63880    2305   62728   713459  11.17
  2006          75      0.04040  0.03960  0.50   61576    2438   60356   650731  10.57
  2006          76      0.04457  0.04360  0.50   59137    2579   57848   590375   9.98
  2006          77      0.04808  0.04695  0.50   56559    2655   55231   532527   9.42
  2006          78      0.05341  0.05202  0.50   53903    2804   52501   477296   8.85
  2006          79      0.05893  0.05724  0.50   51099    2925   49637   424794   8.31
  2006          80      0.06857  0.06630  0.50   48175    3194   46578   375157   7.79
  2006          81      0.07647  0.07366  0.50   44980    3313   43324   328580   7.30
  2006          82      0.08419  0.08079  0.50   41667    3366   39984   285256   6.85
  2006          83      0.09233  0.08825  0.50   38301    3380   36611   245271   6.40
  2006          84      0.10226  0.09729  0.50   34921    3397   33222   208660   5.98
  2006          85      0.11311  0.10705  0.50   31524    3375   29836   175438   5.57
  2006          86      0.12951  0.12164  0.50   28149    3424   26437   145602   5.17
  2006          87      0.13973  0.13060  0.50   24725    3229   23110   119165   4.82
  2006          88      0.15943  0.14766  0.50   21496    3174   19909    96054   4.47
  2006          89      0.17496  0.16088  0.50   18322    2948   16848    76145   4.16
  2006          90      0.19509  0.17775  0.50   15374    2733   14008    59297   3.86
  2006          91      0.21823  0.19676  0.50   12641    2487   11398    45290   3.58
  2006          92      0.24114  0.21520  0.50   10154    2185    9062    33892   3.34
  2006          93      0.26531  0.23424  0.50    7969    1867    7036    24830   3.12
  2006          94      0.29359  0.25601  0.50    6102    1562    5321    17795   2.92
  2006          95      0.31039  0.26869  0.50    4540    1220    3930    12473   2.75
  2006          96      0.33727  0.28860  0.50    3320     958    2841     8543   2.57
  2006          97      0.36525  0.30885  0.50    2362     729    1997     5702   2.41
  2006          98      0.39417  0.32927  0.50    1632     538    1364     3705   2.27
  2006          99      0.42385  0.34973  0.50    1095     383     903     2341   2.14
  2006         100      0.45408  0.37006  0.50     712     263     580     1438   2.02
  2006         101      0.48466  0.39012  0.50     449     175     361      857   1.91
  2006         102      0.51536  0.40977  0.50     274     112     218      496   1.81
  2006         103      0.54594  0.42887  0.50     161      69     127      279   1.73
  2006         104      0.57618  0.44731  0.50      92      41      72      152   1.65
  2006         105      0.60586  0.46500  0.50      51      24      39       80   1.58
  2006         106      0.63477  0.48184  0.50      27      13      21       41   1.52
  2006         107      0.66275  0.49779  0.50      14       7      11       21   1.46
  2006         108      0.68963  0.51281  0.50       7       4       5       10   1.41
  2006         109      0.71529  0.52686  0.50       3       2       3        5   1.38
  2006         110+     0.73963  1.00000  1.35       2       2       2        2   1.35
  2007           0      0.00772  0.00767  0.13  100000     767   99336  7550647  75.51
  2007           1      0.00052  0.00051  0.50   99233      51   99208  7451311  75.09
  2007           2      0.00033  0.00033  0.50   99182      32   99166  7352104  74.13
  2007           3      0.00025  0.00025  0.50   99150      24   99138  7252937  73.15
  2007           4      0.00020  0.00020  0.50   99126      20   99116  7153800  72.17
  2007           5      0.00017  0.00017  0.50   99106      17   99097  7054684  71.18
  2007           6      0.00015  0.00015  0.50   99089      15   99081  6955587  70.20
  2007           7      0.00015  0.00015  0.50   99074      15   99066  6856506  69.21
  2007           8      0.00014  0.00014  0.50   99059      14   99052  6757440  68.22
  2007           9      0.00014  0.00014  0.50   99045      14   99038  6658388  67.23
  2007          10      0.00015  0.00015  0.50   99031      15   99024  6559350  66.24
  2007          11      0.00015  0.00015  0.50   99016      15   99009  6460326  65.24
  2007          12      0.00016  0.00016  0.50   99001      16   98993  6361317  64.25
  2007          13      0.00021  0.00021  0.50   98985      21   98975  6262324  63.27
  2007          14      0.00029  0.00029  0.50   98964      28   98950  6163349  62.28
  2007          15      0.00040  0.00040  0.50   98936      40   98916  6064400  61.30
  2007          16      0.00058  0.00058  0.50   98896      58   98867  5965484  60.32
  2007          17      0.00080  0.00080  0.50   98838      79   98798  5866617  59.36
  2007          18      0.00113  0.00113  0.50   98759     112   98703  5767819  58.40
  2007          19      0.00130  0.00130  0.50   98647     128   98583  5669116  57.47
  2007          20      0.00131  0.00131  0.50   98519     129   98454  5570534  56.54
  2007          21      0.00146  0.00145  0.50   98389     143   98318  5472080  55.62
  2007          22      0.00154  0.00154  0.50   98246     151   98171  5373762  54.70
  2007          23      0.00146  0.00146  0.50   98095     143   98024  5275592  53.78
  2007          24      0.00152  0.00152  0.50   97952     149   97877  5177568  52.86
  2007          25      0.00143  0.00143  0.50   97803     140   97733  5079691  51.94
  2007          26      0.00145  0.00145  0.50   97663     141   97593  4981958  51.01
  2007          27      0.00148  0.00148  0.50   97522     144   97450  4884365  50.08
  2007          28      0.00147  0.00147  0.50   97378     143   97306  4786915  49.16
  2007          29      0.00151  0.00151  0.50   97235     147   97161  4689609  48.23
  2007          30      0.00147  0.00146  0.50   97088     142   97017  4592448  47.30
  2007          31      0.00150  0.00150  0.50   96946     145   96873  4495430  46.37
  2007          32      0.00147  0.00147  0.50   96801     143   96729  4398557  45.44
  2007          33      0.00154  0.00154  0.50   96658     149   96584  4301828  44.51
  2007          34      0.00164  0.00164  0.50   96509     158   96430  4205244  43.57
  2007          35      0.00168  0.00168  0.50   96351     162   96271  4108813  42.64
  2007          36      0.00175  0.00175  0.50   96190     168   96106  4012543  41.71
  2007          37      0.00190  0.00190  0.50   96021     183   95930  3916437  40.79
  2007          38      0.00200  0.00200  0.50   95839     192   95743  3820507  39.86
  2007          39      0.00213  0.00212  0.50   95647     203   95545  3724764  38.94
  2007          40      0.00231  0.00230  0.50   95444     220   95334  3629219  38.02
  2007          41      0.00253  0.00253  0.50   95224     241   95103  3533885  37.11
  2007          42      0.00273  0.00272  0.50   94983     259   94854  3438782  36.20
  2007          43      0.00301  0.00300  0.50   94725     284   94582  3343928  35.30
  2007          44      0.00337  0.00337  0.50   94440     318   94281  3249346  34.41
  2007          45      0.00365  0.00364  0.50   94122     343   93951  3155064  33.52
  2007          46      0.00392  0.00392  0.50   93780     367   93596  3061113  32.64
  2007          47      0.00417  0.00416  0.50   93412     388   93218  2967517  31.77
  2007          48      0.00455  0.00454  0.50   93024     422   92813  2874299  30.90
  2007          49      0.00502  0.00501  0.50   92602     464   92370  2781486  30.04
  2007          50      0.00552  0.00550  0.50   92138     507   91885  2689116  29.19
  2007          51      0.00599  0.00598  0.50   91631     548   91357  2597232  28.34
  2007          52      0.00641  0.00639  0.50   91083     582   90792  2505874  27.51
  2007          53      0.00701  0.00698  0.50   90501     632   90185  2415082  26.69
  2007          54      0.00738  0.00735  0.50   89869     660   89539  2324897  25.87
  2007          55      0.00820  0.00817  0.50   89209     729   88844  2235358  25.06
  2007          56      0.00842  0.00839  0.50   88480     742   88109  2146514  24.26
  2007          57      0.00909  0.00905  0.50   87738     794   87341  2058405  23.46
  2007          58      0.00961  0.00957  0.50   86944     832   86528  1971064  22.67
  2007          59      0.01038  0.01032  0.50   86112     889   85668  1884536  21.88
  2007          60      0.01117  0.01111  0.50   85223     947   84750  1798868  21.11
  2007          61      0.01198  0.01191  0.50   84277    1004   83775  1714117  20.34
  2007          62      0.01289  0.01280  0.50   83273    1066   82740  1630343  19.58
  2007          63      0.01452  0.01442  0.50   82207    1185   81614  1547603  18.83
  2007          64      0.01578  0.01565  0.50   81022    1268   80387  1465988  18.09
  2007          65      0.01700  0.01686  0.50   79753    1345   79081  1385601  17.37
  2007          66      0.01808  0.01792  0.50   78409    1405   77706  1306520  16.66
  2007          67      0.01925  0.01906  0.50   77003    1468   76269  1228814  15.96
  2007          68      0.02092  0.02070  0.50   75535    1564   74754  1152544  15.26
  2007          69      0.02311  0.02285  0.50   73972    1690   73127  1077791  14.57
  2007          70      0.02498  0.02467  0.50   72282    1783   71390  1004664  13.90
  2007          71      0.02703  0.02667  0.50   70499    1880   69559   933274  13.24
  2007          72      0.02968  0.02924  0.50   68618    2007   67615   863715  12.59
  2007          73      0.03259  0.03207  0.50   66612    2136   65544   796100  11.95
  2007          74      0.03549  0.03487  0.50   64476    2248   63352   730556  11.33
  2007          75      0.03976  0.03899  0.50   62228    2426   61015   667204  10.72
  2007          76      0.04261  0.04172  0.50   59801    2495   58554   606190  10.14
  2007          77      0.04715  0.04606  0.50   57307    2640   55987   547636   9.56
  2007          78      0.05114  0.04986  0.50   54667    2726   53304   491649   8.99
  2007          79      0.05717  0.05558  0.50   51941    2887   50498   438345   8.44
  2007          80      0.06648  0.06434  0.50   49054    3156   47476   387847   7.91
  2007          81      0.07377  0.07115  0.50   45898    3265   44265   340371   7.42
  2007          82      0.08153  0.07834  0.50   42633    3340   40963   296106   6.95
  2007          83      0.09020  0.08631  0.50   39293    3391   37597   255143   6.49
  2007          84      0.10095  0.09610  0.50   35901    3450   34176   217546   6.06
  2007          85      0.11224  0.10627  0.50   32451    3449   30727   183370   5.65
  2007          86      0.12399  0.11675  0.50   29003    3386   27310   152643   5.26
  2007          87      0.14062  0.13138  0.50   25617    3366   23934   125333   4.89
  2007          88      0.15158  0.14090  0.50   22251    3135   20683   101400   4.56
  2007          89      0.17184  0.15825  0.50   19116    3025   17603    80716   4.22
  2007          90      0.19040  0.17385  0.50   16091    2797   14692    63113   3.92
  2007          91      0.21194  0.19164  0.50   13293    2547   12020    48421   3.64
  2007          92      0.23483  0.21016  0.50   10746    2258    9617    36402   3.39
  2007          93      0.26159  0.23133  0.50    8488    1963    7506    26785   3.16
  2007          94      0.28765  0.25148  0.50    6524    1641    5704    19279   2.96
  2007          95      0.30554  0.26505  0.50    4883    1294    4236    13575   2.78
  2007          96      0.33233  0.28498  0.50    3589    1023    3078     9339   2.60
  2007          97      0.36025  0.30527  0.50    2566     783    2175     6261   2.44
  2007          98      0.38915  0.32577  0.50    1783     581    1492     4087   2.29
  2007          99      0.41885  0.34632  0.50    1202     416     994     2594   2.16
  2007         100      0.44915  0.36678  0.50     786     288     642     1601   2.04
  2007         101      0.47983  0.38699  0.50     498     193     401      959   1.93
  2007         102      0.51067  0.40680  0.50     305     124     243      558   1.83
  2007         103      0.54142  0.42608  0.50     181      77     142      315   1.74
  2007         104      0.57186  0.44471  0.50     104      46      81      172   1.66
  2007         105      0.60177  0.46258  0.50      58      27      44       92   1.59
  2007         106      0.63093  0.47963  0.50      31      15      24       47   1.52
  2007         107      0.65917  0.49577  0.50      16       8      12       24   1.47
  2007         108      0.68633  0.51098  0.50       8       4       6       12   1.42
  2007         109      0.71226  0.52522  0.50       4       2       3        5   1.38
  2007         110+     0.73687  1.00000  1.36       2       2       3        3   1.36
  2008           0      0.00744  0.00739  0.13  100000     739   99360  7564230  75.64
  2008           1      0.00053  0.00053  0.50   99261      52   99234  7464870  75.20
  2008           2      0.00033  0.00033  0.50   99208      33   99192  7365635  74.24
  2008           3      0.00025  0.00025  0.50   99175      25   99163  7266444  73.27
  2008           4      0.00019  0.00019  0.50   99150      19   99141  7167281  72.29
  2008           5      0.00015  0.00015  0.50   99131      15   99124  7068140  71.30
  2008           6      0.00013  0.00013  0.50   99116      13   99109  6969017  70.31
  2008           7      0.00014  0.00014  0.50   99103      14   99096  6869907  69.32
  2008           8      0.00014  0.00014  0.50   99089      14   99082  6770811  68.33
  2008           9      0.00012  0.00012  0.50   99076      12   99069  6671729  67.34
  2008          10      0.00013  0.00013  0.50   99063      13   99057  6572659  66.35
  2008          11      0.00013  0.00013  0.50   99050      13   99044  6473603  65.36
  2008          12      0.00016  0.00016  0.50   99038      16   99029  6374559  64.37
  2008          13      0.00020  0.00020  0.50   99021      20   99011  6275529  63.38
  2008          14      0.00026  0.00026  0.50   99001      25   98988  6176518  62.39
  2008          15      0.00038  0.00038  0.50   98976      37   98957  6077530  61.40
  2008          16      0.00056  0.00056  0.50   98938      55   98911  5978573  60.43
  2008          17      0.00075  0.00075  0.50   98883      74   98846  5879662  59.46
  2008          18      0.00104  0.00104  0.50   98810     103   98758  5780815  58.50
  2008          19      0.00119  0.00119  0.50   98707     118   98648  5682057  57.57
  2008          20      0.00131  0.00131  0.50   98589     129   98525  5583409  56.63
  2008          21      0.00138  0.00138  0.50   98460     136   98393  5484885  55.71
  2008          22      0.00144  0.00144  0.50   98325     141   98254  5386492  54.78
  2008          23      0.00141  0.00141  0.50   98184     138   98114  5288238  53.86
  2008          24      0.00142  0.00141  0.50   98045     139   97976  5190124  52.94
  2008          25      0.00142  0.00142  0.50   97906     139   97837  5092148  52.01
  2008          26      0.00138  0.00138  0.50   97768     135   97700  4994311  51.08
  2008          27      0.00142  0.00141  0.50   97633     138   97564  4896611  50.15
  2008          28      0.00145  0.00145  0.50   97495     142   97424  4799047  49.22
  2008          29      0.00148  0.00148  0.50   97353     144   97281  4701623  48.29
  2008          30      0.00149  0.00149  0.50   97209     145   97137  4604342  47.37
  2008          31      0.00149  0.00149  0.50   97064     145   96992  4507205  46.44
  2008          32      0.00147  0.00147  0.50   96920     142   96849  4410213  45.50
  2008          33      0.00155  0.00155  0.50   96778     150   96703  4313364  44.57
  2008          34      0.00156  0.00156  0.50   96628     151   96553  4216662  43.64
  2008          35      0.00160  0.00160  0.50   96477     155   96400  4120109  42.71
  2008          36      0.00172  0.00171  0.50   96323     165   96240  4023709  41.77
  2008          37      0.00188  0.00188  0.50   96158     180   96067  3927469  40.84
  2008          38      0.00197  0.00197  0.50   95977     189   95883  3831401  39.92
  2008          39      0.00201  0.00201  0.50   95788     192   95692  3735519  39.00
  2008          40      0.00219  0.00219  0.50   95596     209   95491  3639827  38.08
  2008          41      0.00245  0.00245  0.50   95386     233   95270  3544336  37.16
  2008          42      0.00265  0.00265  0.50   95153     252   95027  3449066  36.25
  2008          43      0.00287  0.00287  0.50   94901     272   94764  3354039  35.34
  2008          44      0.00323  0.00322  0.50   94628     305   94476  3259275  34.44
  2008          45      0.00350  0.00349  0.50   94323     329   94158  3164799  33.55
  2008          46      0.00385  0.00384  0.50   93994     361   93813  3070641  32.67
  2008          47      0.00417  0.00416  0.50   93632     390   93438  2976828  31.79
  2008          48      0.00452  0.00451  0.50   93243     421   93032  2883390  30.92
  2008          49      0.00495  0.00494  0.50   92822     458   92593  2790357  30.06
  2008          50      0.00549  0.00547  0.50   92364     505   92111  2697764  29.21
  2008          51      0.00588  0.00586  0.50   91859     538   91590  2605653  28.37
  2008          52      0.00636  0.00634  0.50   91320     579   91031  2514063  27.53
  2008          53      0.00685  0.00683  0.50   90741     620   90431  2423033  26.70
  2008          54      0.00751  0.00748  0.50   90121     674   89784  2332602  25.88
  2008          55      0.00823  0.00820  0.50   89447     733   89080  2242818  25.07
  2008          56      0.00865  0.00861  0.50   88714     764   88332  2153737  24.28
  2008          57      0.00903  0.00899  0.50   87949     791   87554  2065406  23.48
  2008          58      0.00965  0.00960  0.50   87159     837   86740  1977852  22.69
  2008          59      0.01033  0.01027  0.50   86322     887   85879  1891111  21.91
  2008          60      0.01160  0.01153  0.50   85435     985   84943  1805233  21.13
  2008          61      0.01190  0.01183  0.50   84450     999   83951  1720290  20.37
  2008          62      0.01292  0.01284  0.50   83451    1071   82915  1636340  19.61
  2008          63      0.01394  0.01384  0.50   82380    1140   81810  1553424  18.86
  2008          64      0.01584  0.01571  0.50   81240    1277   80601  1471615  18.11
  2008          65      0.01686  0.01672  0.50   79963    1337   79294  1391013  17.40
  2008          66      0.01812  0.01796  0.50   78626    1412   77920  1311719  16.68
  2008          67      0.01928  0.01910  0.50   77214    1475   76476  1233799  15.98
  2008          68      0.02081  0.02059  0.50   75739    1560   74959  1157323  15.28
  2008          69      0.02291  0.02265  0.50   74179    1680   73339  1082364  14.59
  2008          70      0.02504  0.02473  0.50   72499    1793   71602  1009025  13.92
  2008          71      0.02670  0.02635  0.50   70706    1863   69774   937422  13.26
  2008          72      0.02965  0.02922  0.50   68843    2011   67837   867648  12.60
  2008          73      0.03249  0.03197  0.50   66831    2137   65763   799811  11.97
  2008          74      0.03536  0.03475  0.50   64695    2248   63571   734048  11.35
  2008          75      0.03939  0.03863  0.50   62447    2412   61241   670477  10.74
  2008          76      0.04232  0.04144  0.50   60035    2488   58791   609236  10.15
  2008          77      0.04694  0.04587  0.50   57547    2639   56227   550445   9.57
  2008          78      0.05168  0.05038  0.50   54908    2766   53524   494218   9.00
  2008          79      0.05692  0.05535  0.50   52141    2886   50699   440693   8.45
  2008          80      0.06541  0.06334  0.50   49256    3120   47696   389995   7.92
  2008          81      0.07259  0.07005  0.50   46136    3232   44520   342299   7.42
  2008          82      0.08039  0.07728  0.50   42904    3316   41246   297779   6.94
  2008          83      0.09046  0.08654  0.50   39588    3426   37875   256533   6.48
  2008          84      0.10079  0.09595  0.50   36162    3470   34427   218658   6.05
  2008          85      0.11098  0.10514  0.50   32692    3437   30974   184231   5.64
  2008          86      0.12527  0.11788  0.50   29255    3449   27531   153257   5.24
  2008          87      0.13738  0.12855  0.50   25806    3317   24147   125727   4.87
  2008          88      0.15777  0.14624  0.50   22489    3289   20844   101579   4.52
  2008          89      0.17029  0.15693  0.50   19200    3013   17694    80735   4.20
  2008          90      0.19328  0.17625  0.50   16187    2853   14761    63041   3.89
  2008          91      0.21227  0.19191  0.50   13334    2559   12055    48281   3.62
  2008          92      0.23477  0.21011  0.50   10775    2264    9643    36226   3.36
  2008          93      0.26385  0.23310  0.50    8511    1984    7519    26583   3.12
  2008          94      0.29245  0.25514  0.50    6527    1665    5695    19063   2.92
  2008          95      0.30907  0.26770  0.50    4862    1302    4211    13369   2.75
  2008          96      0.33648  0.28803  0.50    3560    1025    3048     9158   2.57
  2008          97      0.36504  0.30870  0.50    2535     783    2144     6110   2.41
  2008          98      0.39458  0.32956  0.50    1752     578    1464     3966   2.26
  2008          99      0.42490  0.35045  0.50    1175     412     969     2503   2.13
  2008         100      0.45581  0.37121  0.50     763     283     621     1534   2.01
  2008         101      0.48706  0.39167  0.50     480     188     386      912   1.90
  2008         102      0.51840  0.41169  0.50     292     120     232      526   1.80
  2008         103      0.54961  0.43113  0.50     172      74     135      295   1.72
  2008         104      0.58043  0.44987  0.50      98      44      76      160   1.64
  2008         105      0.61064  0.46781  0.50      54      25      41       84   1.57
  2008         106      0.64001  0.48486  0.50      29      14      22       43   1.50
  2008         107      0.66838  0.50096  0.50      15       7      11       21   1.45
  2008         108      0.69557  0.51609  0.50       7       4       5       10   1.40
  2008         109      0.72147  0.53021  0.50       4       2       3        5   1.36
  2008         110+     0.74596  1.00000  1.34       2       2       2        2   1.34
  2009           0      0.00722  0.00717  0.13  100000     717   99379  7601488  76.01
  2009           1      0.00047  0.00047  0.50   99283      46   99259  7502109  75.56
  2009           2      0.00031  0.00031  0.50   99236      31   99221  7402850  74.60
  2009           3      0.00024  0.00024  0.50   99205      24   99193  7303629  73.62
  2009           4      0.00018  0.00018  0.50   99181      18   99172  7204436  72.64
  2009           5      0.00015  0.00015  0.50   99163      15   99156  7105264  71.65
  2009           6      0.00013  0.00013  0.50   99148      13   99141  7006108  70.66
  2009           7      0.00013  0.00013  0.50   99135      13   99128  6906967  69.67
  2009           8      0.00013  0.00013  0.50   99122      13   99116  6807838  68.68
  2009           9      0.00014  0.00014  0.50   99109      14   99103  6708722  67.69
  2009          10      0.00012  0.00012  0.50   99096      12   99090  6609620  66.70
  2009          11      0.00016  0.00016  0.50   99084      16   99076  6510530  65.71
  2009          12      0.00015  0.00015  0.50   99068      15   99061  6411454  64.72
  2009          13      0.00020  0.00020  0.50   99053      20   99043  6312393  63.73
  2009          14      0.00024  0.00024  0.50   99034      24   99022  6213350  62.74
  2009          15      0.00034  0.00034  0.50   99009      34   98992  6114328  61.76
  2009          16      0.00051  0.00051  0.50   98975      51   98950  6015336  60.78
  2009          17      0.00069  0.00069  0.50   98924      68   98891  5916386  59.81
  2009          18      0.00095  0.00095  0.50   98857      94   98809  5817495  58.85
  2009          19      0.00106  0.00106  0.50   98762     105   98710  5718686  57.90
  2009          20      0.00119  0.00119  0.50   98658     117   98599  5619976  56.96
  2009          21      0.00133  0.00133  0.50   98540     131   98475  5521377  56.03
  2009          22      0.00127  0.00127  0.50   98410     125   98347  5422902  55.11
  2009          23      0.00135  0.00135  0.50   98285     132   98219  5324555  54.17
  2009          24      0.00133  0.00133  0.50   98153     131   98087  5226336  53.25
  2009          25      0.00132  0.00132  0.50   98022     129   97957  5128249  52.32
  2009          26      0.00138  0.00138  0.50   97892     135   97825  5030292  51.39
  2009          27      0.00133  0.00133  0.50   97757     130   97692  4932467  50.46
  2009          28      0.00138  0.00138  0.50   97627     135   97560  4834774  49.52
  2009          29      0.00147  0.00147  0.50   97493     143   97421  4737214  48.59
  2009          30      0.00141  0.00141  0.50   97350     137   97281  4639793  47.66
  2009          31      0.00149  0.00149  0.50   97213     145   97140  4542512  46.73
  2009          32      0.00147  0.00147  0.50   97068     142   96997  4445371  45.80
  2009          33      0.00149  0.00148  0.50   96926     144   96854  4348374  44.86
  2009          34      0.00158  0.00158  0.50   96782     153   96706  4251520  43.93
  2009          35      0.00167  0.00167  0.50   96629     161   96549  4154815  43.00
  2009          36      0.00172  0.00172  0.50   96468     166   96385  4058266  42.07
  2009          37      0.00182  0.00182  0.50   96302     175   96214  3961881  41.14
  2009          38      0.00192  0.00192  0.50   96127     184   96035  3865667  40.21
  2009          39      0.00205  0.00204  0.50   95942     196   95844  3769632  39.29
  2009          40      0.00220  0.00220  0.50   95746     210   95641  3673788  38.37
  2009          41      0.00245  0.00245  0.50   95536     234   95419  3578146  37.45
  2009          42      0.00265  0.00265  0.50   95302     252   95176  3482727  36.54
  2009          43      0.00280  0.00280  0.50   95050     266   94917  3387551  35.64
  2009          44      0.00315  0.00314  0.50   94784     298   94635  3292634  34.74
  2009          45      0.00344  0.00344  0.50   94486     325   94324  3197999  33.85
  2009          46      0.00377  0.00376  0.50   94162     354   93985  3103675  32.96
  2009          47      0.00413  0.00412  0.50   93808     386   93615  3009690  32.08
  2009          48      0.00442  0.00441  0.50   93422     412   93216  2916075  31.21
  2009          49      0.00483  0.00482  0.50   93010     448   92786  2822860  30.35
  2009          50      0.00533  0.00532  0.50   92562     492   92316  2730074  29.49
  2009          51      0.00586  0.00585  0.50   92069     538   91800  2637758  28.65
  2009          52      0.00645  0.00643  0.50   91531     589   91237  2545958  27.82
  2009          53      0.00687  0.00684  0.50   90943     622   90631  2454721  26.99
  2009          54      0.00730  0.00728  0.50   90320     657   89992  2364090  26.17
  2009          55      0.00798  0.00795  0.50   89663     713   89307  2274098  25.36
  2009          56      0.00856  0.00852  0.50   88950     758   88571  2184791  24.56
  2009          57      0.00933  0.00929  0.50   88192     819   87783  2096220  23.77
  2009          58      0.00963  0.00958  0.50   87373     837   86955  2008437  22.99
  2009          59      0.01033  0.01027  0.50   86536     889   86092  1921483  22.20
  2009          60      0.01127  0.01121  0.50   85647     960   85167  1835391  21.43
  2009          61      0.01183  0.01176  0.50   84687     996   84189  1750224  20.67
  2009          62      0.01273  0.01265  0.50   83691    1058   83161  1666036  19.91
  2009          63      0.01389  0.01380  0.50   82632    1140   82062  1582874  19.16
  2009          64      0.01483  0.01472  0.50   81492    1199   80892  1500812  18.42
  2009          65      0.01649  0.01636  0.50   80293    1313   79636  1419920  17.68
  2009          66      0.01779  0.01764  0.50   78979    1393   78283  1340284  16.97
  2009          67      0.01888  0.01871  0.50   77586    1451   76861  1262001  16.27
  2009          68      0.02041  0.02020  0.50   76135    1538   75366  1185140  15.57
  2009          69      0.02184  0.02161  0.50   74597    1612   73791  1109774  14.88
  2009          70      0.02405  0.02376  0.50   72985    1734   72118  1035983  14.19
  2009          71      0.02598  0.02565  0.50   71251    1828   70337   963864  13.53
  2009          72      0.02841  0.02801  0.50   69424    1945   68451   893527  12.87
  2009          73      0.03099  0.03052  0.50   67479    2059   66449   825076  12.23
  2009          74      0.03394  0.03338  0.50   65419    2184   64328   758627  11.60
  2009          75      0.03753  0.03683  0.50   63236    2329   62071   694299  10.98
  2009          76      0.04053  0.03973  0.50   60907    2420   59697   632228  10.38
  2009          77      0.04530  0.04430  0.50   58487    2591   57191   572531   9.79
  2009          78      0.05056  0.04931  0.50   55896    2756   54518   515340   9.22
  2009          79      0.05407  0.05264  0.50   53140    2797   51741   460822   8.67
  2009          80      0.06238  0.06049  0.50   50342    3045   48819   409081   8.13
  2009          81      0.06936  0.06704  0.50   47297    3171   45711   360262   7.62
  2009          82      0.07786  0.07494  0.50   44126    3307   42472   314551   7.13
  2009          83      0.08603  0.08248  0.50   40819    3367   39136   272078   6.67
  2009          84      0.09660  0.09215  0.50   37452    3451   35726   232942   6.22
  2009          85      0.10679  0.10138  0.50   34001    3447   32277   197216   5.80
  2009          86      0.11974  0.11298  0.50   30554    3452   28828   164939   5.40
  2009          87      0.13261  0.12436  0.50   27102    3370   25417   136111   5.02
  2009          88      0.14603  0.13610  0.50   23732    3230   22117   110694   4.66
  2009          89      0.16811  0.15507  0.50   20502    3179   18912    88577   4.32
  2009          90      0.18159  0.16647  0.50   17323    2884   15881    69665   4.02
  2009          91      0.20409  0.18519  0.50   14439    2674   13102    53785   3.72
  2009          92      0.22909  0.20554  0.50   11765    2418   10556    40683   3.46
  2009          93      0.25299  0.22458  0.50    9347    2099    8297    30127   3.22
  2009          94      0.27975  0.24542  0.50    7248    1779    6358    21830   3.01
  2009          95      0.29809  0.25942  0.50    5469    1419    4760    15472   2.83
  2009          96      0.32491  0.27951  0.50    4050    1132    3484    10712   2.64
  2009          97      0.35294  0.30000  0.50    2918     875    2480     7228   2.48
  2009          98      0.38202  0.32075  0.50    2043     655    1715     4748   2.32
  2009          99      0.41197  0.34160  0.50    1387     474    1150     3032   2.19
  2009         100      0.44258  0.36239  0.50     914     331     748     1882   2.06
  2009         101      0.47364  0.38295  0.50     582     223     471     1134   1.95
  2009         102      0.50490  0.40313  0.50     359     145     287      663   1.84
  2009         103      0.53613  0.42279  0.50     215      91     169      376   1.75
  2009         104      0.56707  0.44180  0.50     124      55      96      207   1.67
  2009         105      0.59750  0.46006  0.50      69      32      53      110   1.60
  2009         106      0.62719  0.47746  0.50      37      18      28       57   1.53
  2009         107      0.65596  0.49395  0.50      20      10      15       29   1.47
  2009         108      0.68363  0.50948  0.50      10       5       7       14   1.42
  2009         109      0.71005  0.52401  0.50       5       3       4        7   1.39
  2009         110+     0.73513  1.00000  1.36       2       2       3        3   1.36
  2010           0      0.00680  0.00676  0.14  100000     676   99416  7624782  76.25
  2010           1      0.00046  0.00046  0.50   99324      45   99301  7525367  75.77
  2010           2      0.00032  0.00032  0.50   99279      32   99263  7426065  74.80
  2010           3      0.00024  0.00024  0.50   99247      24   99235  7326802  73.82
  2010           4      0.00018  0.00018  0.50   99223      17   99214  7227567  72.84
  2010           5      0.00014  0.00014  0.50   99206      14   99199  7128352  71.85
  2010           6      0.00012  0.00012  0.50   99192      12   99186  7029154  70.86
  2010           7      0.00013  0.00013  0.50   99180      13   99173  6929968  69.87
  2010           8      0.00012  0.00012  0.50   99167      12   99161  6830795  68.88
  2010           9      0.00012  0.00012  0.50   99154      12   99148  6731634  67.89
  2010          10      0.00011  0.00011  0.50   99142      11   99137  6632486  66.90
  2010          11      0.00014  0.00014  0.50   99131      14   99124  6533349  65.91
  2010          12      0.00015  0.00015  0.50   99117      14   99110  6434225  64.92
  2010          13      0.00018  0.00018  0.50   99103      18   99094  6335114  63.92
  2010          14      0.00024  0.00024  0.50   99085      24   99073  6236020  62.94
  2010          15      0.00032  0.00032  0.50   99061      32   99045  6136947  61.95
  2010          16      0.00050  0.00050  0.50   99029      49   99005  6037901  60.97
  2010          17      0.00065  0.00065  0.50   98980      65   98948  5938897  60.00
  2010          18      0.00095  0.00095  0.50   98916      94   98869  5839949  59.04
  2010          19      0.00103  0.00103  0.50   98822     101   98771  5741080  58.10
  2010          20      0.00111  0.00111  0.50   98721     110   98666  5642309  57.15
  2010          21      0.00127  0.00127  0.50   98611     125   98549  5543643  56.22
  2010          22      0.00126  0.00126  0.50   98486     124   98424  5445095  55.29
  2010          23      0.00128  0.00128  0.50   98362     126   98299  5346670  54.36
  2010          24      0.00136  0.00136  0.50   98236     134   98169  5248371  53.43
  2010          25      0.00132  0.00132  0.50   98103     129   98038  5150202  52.50
  2010          26      0.00136  0.00136  0.50   97973     133   97907  5052164  51.57
  2010          27      0.00133  0.00133  0.50   97840     130   97775  4954257  50.64
  2010          28      0.00137  0.00137  0.50   97710     134   97643  4856482  49.70
  2010          29      0.00140  0.00140  0.50   97576     136   97508  4758839  48.77
  2010          30      0.00142  0.00141  0.50   97440     138   97371  4661331  47.84
  2010          31      0.00146  0.00146  0.50   97302     142   97231  4563960  46.91
  2010          32      0.00148  0.00147  0.50   97159     143   97088  4466730  45.97
  2010          33      0.00151  0.00150  0.50   97016     146   96943  4369642  45.04
  2010          34      0.00150  0.00150  0.50   96870     145   96798  4272699  44.11
  2010          35      0.00157  0.00157  0.50   96725     152   96649  4175901  43.17
  2010          36      0.00163  0.00163  0.50   96574     157   96495  4079251  42.24
  2010          37      0.00174  0.00174  0.50   96416     168   96332  3982756  41.31
  2010          38      0.00187  0.00187  0.50   96248     180   96159  3886424  40.38
  2010          39      0.00197  0.00197  0.50   96069     189   95974  3790265  39.45
  2010          40      0.00205  0.00205  0.50   95880     197   95781  3694291  38.53
  2010          41      0.00223  0.00223  0.50   95683     213   95576  3598510  37.61
  2010          42      0.00251  0.00251  0.50   95470     239   95350  3502933  36.69
  2010          43      0.00263  0.00263  0.50   95230     250   95105  3407583  35.78
  2010          44      0.00300  0.00299  0.50   94980     284   94838  3312478  34.88
  2010          45      0.00329  0.00329  0.50   94696     311   94540  3217640  33.98
  2010          46      0.00366  0.00365  0.50   94385     345   94212  3123099  33.09
  2010          47      0.00401  0.00400  0.50   94040     376   93852  3028887  32.21
  2010          48      0.00435  0.00434  0.50   93664     407   93461  2935035  31.34
  2010          49      0.00479  0.00478  0.50   93257     446   93035  2841574  30.47
  2010          50      0.00523  0.00521  0.50   92812     484   92570  2748539  29.61
  2010          51      0.00554  0.00552  0.50   92328     510   92073  2655970  28.77
  2010          52      0.00617  0.00615  0.50   91818     565   91536  2563897  27.92
  2010          53      0.00669  0.00667  0.50   91253     609   90949  2472361  27.09
  2010          54      0.00710  0.00707  0.50   90644     641   90324  2381412  26.27
  2010          55      0.00781  0.00777  0.50   90003     700   89653  2291089  25.46
  2010          56      0.00839  0.00835  0.50   89304     746   88931  2201435  24.65
  2010          57      0.00913  0.00908  0.50   88558     804   88155  2112505  23.85
  2010          58      0.00981  0.00976  0.50   87753     856   87325  2024349  23.07
  2010          59      0.01036  0.01031  0.50   86897     896   86449  1937024  22.29
  2010          60      0.01107  0.01101  0.50   86001     947   85527  1850576  21.52
  2010          61      0.01153  0.01146  0.50   85054     975   84566  1765048  20.75
  2010          62      0.01277  0.01269  0.50   84079    1067   83545  1680482  19.99
  2010          63      0.01326  0.01317  0.50   83012    1093   82465  1596937  19.24
  2010          64      0.01480  0.01469  0.50   81919    1204   81317  1514471  18.49
  2010          65      0.01578  0.01566  0.50   80715    1264   80083  1433155  17.76
  2010          66      0.01730  0.01715  0.50   79451    1363   78770  1353072  17.03
  2010          67      0.01844  0.01828  0.50   78088    1427   77375  1274302  16.32
  2010          68      0.02025  0.02005  0.50   76661    1537   75893  1196927  15.61
  2010          69      0.02185  0.02161  0.50   75124    1624   74313  1121034  14.92
  2010          70      0.02381  0.02353  0.50   73501    1730   72636  1046722  14.24
  2010          71      0.02547  0.02515  0.50   71771    1805   70868   974086  13.57
  2010          72      0.02825  0.02786  0.50   69966    1949   68991   903217  12.91
  2010          73      0.03051  0.03006  0.50   68017    2044   66995   834226  12.27
  2010          74      0.03367  0.03311  0.50   65972    2185   64880   767232  11.63
  2010          75      0.03733  0.03665  0.50   63788    2338   62619   702352  11.01
  2010          76      0.04077  0.03995  0.50   61450    2455   60223   639733  10.41
  2010          77      0.04466  0.04368  0.50   58995    2577   57707   579510   9.82
  2010          78      0.04932  0.04813  0.50   56418    2715   55060   521803   9.25
  2010          79      0.05388  0.05247  0.50   53703    2818   52294   466743   8.69
  2010          80      0.06169  0.05984  0.50   50885    3045   49362   414449   8.14
  2010          81      0.06863  0.06635  0.50   47840    3174   46253   365087   7.63
  2010          82      0.07693  0.07408  0.50   44666    3309   43011   318834   7.14
  2010          83      0.08456  0.08113  0.50   41357    3355   39679   275823   6.67
  2010          84      0.09592  0.09153  0.50   38001    3478   36262   236143   6.21
  2010          85      0.10763  0.10213  0.50   34523    3526   32760   199881   5.79
  2010          86      0.11821  0.11161  0.50   30997    3460   29267   167121   5.39
  2010          87      0.13264  0.12439  0.50   27537    3425   25825   137854   5.01
  2010          88      0.14890  0.13859  0.50   24112    3342   22441   112029   4.65
  2010          89      0.16288  0.15062  0.50   20770    3128   19206    89588   4.31
  2010          90      0.18990  0.17343  0.50   17642    3060   16112    70382   3.99
  2010          91      0.20057  0.18229  0.50   14582    2658   13253    54270   3.72
  2010          92      0.23011  0.20637  0.50   11924    2461   10694    41017   3.44
  2010          93      0.25404  0.22541  0.50    9463    2133    8397    30323   3.20
  2010          94      0.28138  0.24667  0.50    7330    1808    6426    21926   2.99
  2010          95      0.30048  0.26123  0.50    5522    1443    4801    15500   2.81
  2010          96      0.32779  0.28163  0.50    4080    1149    3505    10699   2.62
  2010          97      0.35632  0.30244  0.50    2931     886    2487     7194   2.45
  2010          98      0.38591  0.32349  0.50    2044     661    1714     4707   2.30
  2010          99      0.41637  0.34463  0.50    1383     477    1145     2993   2.16
  2010         100      0.44748  0.36567  0.50     906     331     741     1848   2.04
  2010         101      0.47901  0.38645  0.50     575     222     464     1108   1.93
  2010         102      0.51070  0.40682  0.50     353     144     281      644   1.83
  2010         103      0.54231  0.42663  0.50     209      89     165      363   1.73
  2010         104      0.57359  0.44575  0.50     120      53      93      198   1.65
  2010         105      0.60428  0.46407  0.50      66      31      51      105   1.58
  2010         106      0.63418  0.48150  0.50      36      17      27       54   1.52
  2010         107      0.66307  0.49797  0.50      18       9      14       27   1.46
  2010         108      0.69080  0.51345  0.50       9       5       7       13   1.41
  2010         109      0.71721  0.52790  0.50       5       2       3        6   1.37
  2010         110+     0.74222  1.00000  1.35       2       2       3        3   1.35
  2011           0      0.00665  0.00661  0.14  100000     661   99429  7633571  76.34
  2011           1      0.00046  0.00046  0.50   99339      45   99316  7534142  75.84
  2011           2      0.00031  0.00030  0.50   99294      30   99279  7434826  74.88
  2011           3      0.00024  0.00024  0.50   99263      24   99252  7335547  73.90
  2011           4      0.00018  0.00018  0.50   99240      18   99231  7236296  72.92
  2011           5      0.00016  0.00016  0.50   99222      16   99214  7137065  71.93
  2011           6      0.00014  0.00014  0.50   99207      13   99200  7037850  70.94
  2011           7      0.00012  0.00012  0.50   99193      12   99187  6938651  69.95
  2011           8      0.00013  0.00013  0.50   99181      13   99174  6839464  68.96
  2011           9      0.00012  0.00012  0.50   99168      12   99162  6740289  67.97
  2011          10      0.00012  0.00012  0.50   99156      12   99150  6641127  66.98
  2011          11      0.00014  0.00014  0.50   99144      14   99137  6541977  65.98
  2011          12      0.00015  0.00015  0.50   99130      15   99123  6442840  64.99
  2011          13      0.00019  0.00019  0.50   99115      19   99106  6343717  64.00
  2011          14      0.00025  0.00025  0.50   99097      24   99084  6244611  63.02
  2011          15      0.00031  0.00031  0.50   99072      30   99057  6145527  62.03
  2011          16      0.00047  0.00047  0.50   99042      47   99019  6046470  61.05
  2011          17      0.00062  0.00062  0.50   98995      62   98964  5947451  60.08
  2011          18      0.00090  0.00090  0.50   98933      89   98889  5848487  59.12
  2011          19      0.00106  0.00106  0.50   98845     105   98792  5749598  58.17
  2011          20      0.00109  0.00109  0.50   98740     107   98686  5650806  57.23
  2011          21      0.00123  0.00123  0.50   98632     121   98572  5552120  56.29
  2011          22      0.00133  0.00133  0.50   98511     131   98446  5453548  55.36
  2011          23      0.00135  0.00135  0.50   98380     133   98314  5355102  54.43
  2011          24      0.00133  0.00133  0.50   98248     131   98182  5256788  53.51
  2011          25      0.00134  0.00134  0.50   98117     132   98051  5158605  52.58
  2011          26      0.00137  0.00137  0.50   97985     134   97919  5060554  51.65
  2011          27      0.00136  0.00136  0.50   97852     133   97785  4962635  50.72
  2011          28      0.00139  0.00139  0.50   97718     136   97651  4864850  49.78
  2011          29      0.00143  0.00142  0.50   97583     139   97513  4767200  48.85
  2011          30      0.00143  0.00143  0.50   97444     139   97374  4669687  47.92
  2011          31      0.00147  0.00147  0.50   97305     143   97233  4572312  46.99
  2011          32      0.00152  0.00152  0.50   97162     147   97088  4475079  46.06
  2011          33      0.00155  0.00155  0.50   97015     150   96940  4377991  45.13
  2011          34      0.00156  0.00156  0.50   96865     151   96789  4281051  44.20
  2011          35      0.00159  0.00159  0.50   96713     154   96636  4184262  43.26
  2011          36      0.00163  0.00163  0.50   96560     157   96481  4087626  42.33
  2011          37      0.00175  0.00174  0.50   96402     168   96318  3991145  41.40
  2011          38      0.00187  0.00187  0.50   96234     180   96144  3894826  40.47
  2011          39      0.00203  0.00203  0.50   96054     195   95957  3798682  39.55
  2011          40      0.00216  0.00216  0.50   95859     207   95756  3702725  38.63
  2011          41      0.00226  0.00226  0.50   95653     216   95545  3606969  37.71
  2011          42      0.00244  0.00244  0.50   95437     233   95320  3511424  36.79
  2011          43      0.00270  0.00269  0.50   95204     257   95075  3416104  35.88
  2011          44      0.00284  0.00284  0.50   94947     269   94812  3321029  34.98
  2011          45      0.00324  0.00323  0.50   94678     306   94525  3226217  34.08
  2011          46      0.00350  0.00349  0.50   94372     329   94207  3131692  33.18
  2011          47      0.00400  0.00399  0.50   94042     375   93855  3037485  32.30
  2011          48      0.00433  0.00432  0.50   93667     405   93465  2943631  31.43
  2011          49      0.00475  0.00474  0.50   93262     442   93041  2850166  30.56
  2011          50      0.00520  0.00519  0.50   92820     481   92580  2757124  29.70
  2011          51      0.00561  0.00559  0.50   92339     516   92081  2664545  28.86
  2011          52      0.00616  0.00614  0.50   91823     564   91541  2572464  28.02
  2011          53      0.00669  0.00666  0.50   91259     608   90954  2480923  27.19
  2011          54      0.00723  0.00720  0.50   90650     653   90324  2389969  26.36
  2011          55      0.00784  0.00781  0.50   89998     703   89646  2299645  25.55
  2011          56      0.00857  0.00853  0.50   89295     762   88914  2209999  24.75
  2011          57      0.00900  0.00896  0.50   88533     793   88136  2121085  23.96
  2011          58      0.00967  0.00963  0.50   87740     845   87318  2032948  23.17
  2011          59      0.01046  0.01040  0.50   86895     904   86443  1945631  22.39
  2011          60      0.01117  0.01111  0.50   85991     955   85514  1859187  21.62
  2011          61      0.01164  0.01157  0.50   85036     984   84544  1773674  20.86
  2011          62      0.01238  0.01230  0.50   84052    1034   83535  1689129  20.10
  2011          63      0.01351  0.01342  0.50   83018    1114   82461  1605594  19.34
  2011          64      0.01436  0.01425  0.50   81904    1167   81321  1523133  18.60
  2011          65      0.01529  0.01518  0.50   80737    1225   80124  1441812  17.86
  2011          66      0.01643  0.01629  0.50   79511    1295   78864  1361688  17.13
  2011          67      0.01826  0.01809  0.50   78216    1415   77508  1282824  16.40
  2011          68      0.02004  0.01985  0.50   76801    1524   76039  1205316  15.69
  2011          69      0.02147  0.02124  0.50   75277    1599   74477  1129277  15.00
  2011          70      0.02364  0.02337  0.50   73678    1722   72817  1054800  14.32
  2011          71      0.02534  0.02502  0.50   71956    1800   71056   981983  13.65
  2011          72      0.02777  0.02739  0.50   70155    1922   69195   910927  12.98
  2011          73      0.03051  0.03006  0.50   68234    2051   67208   841733  12.34
  2011          74      0.03287  0.03233  0.50   66183    2140   65113   774524  11.70
  2011          75      0.03638  0.03573  0.50   64043    2289   62899   709411  11.08
  2011          76      0.04040  0.03960  0.50   61755    2446   60532   646512  10.47
  2011          77      0.04375  0.04282  0.50   59309    2539   58039   585981   9.88
  2011          78      0.04830  0.04717  0.50   56769    2678   55431   527942   9.30
  2011          79      0.05329  0.05190  0.50   54092    2808   52688   472511   8.74
  2011          80      0.06037  0.05861  0.50   51284    3006   49781   419823   8.19
  2011          81      0.06809  0.06585  0.50   48279    3179   46689   370042   7.66
  2011          82      0.07588  0.07311  0.50   45100    3297   43451   323353   7.17
  2011          83      0.08504  0.08157  0.50   41802    3410   40097   279902   6.70
  2011          84      0.09468  0.09040  0.50   38393    3471   36657   239804   6.25
  2011          85      0.10591  0.10059  0.50   34922    3513   33166   203147   5.82
  2011          86      0.11753  0.11100  0.50   31409    3487   29666   169981   5.41
  2011          87      0.13183  0.12368  0.50   27923    3453   26196   140315   5.03
  2011          88      0.14591  0.13599  0.50   24469    3328   22806   114119   4.66
  2011          89      0.16405  0.15161  0.50   21142    3205   19539    91314   4.32
  2011          90      0.18212  0.16692  0.50   17936    2994   16439    71775   4.00
  2011          91      0.20976  0.18985  0.50   14942    2837   13524    55335   3.70
  2011          92      0.22847  0.20505  0.50   12106    2482   10865    41811   3.45
  2011          93      0.25116  0.22314  0.50    9623    2147    8550    30947   3.22
  2011          94      0.27992  0.24555  0.50    7476    1836    6558    22397   3.00
  2011          95      0.30001  0.26087  0.50    5640    1471    4905    15839   2.81
  2011          96      0.32748  0.28140  0.50    4169    1173    3582    10934   2.62
  2011          97      0.35618  0.30234  0.50    2996     906    2543     7352   2.45
  2011          98      0.38595  0.32352  0.50    2090     676    1752     4809   2.30
  2011          99      0.41661  0.34479  0.50    1414     487    1170     3057   2.16
  2011         100      0.44792  0.36596  0.50     926     339     757     1887   2.04
  2011         101      0.47965  0.38687  0.50     587     227     474     1130   1.92
  2011         102      0.51155  0.40736  0.50     360     147     287      656   1.82
  2011         103      0.54335  0.42727  0.50     213      91     168      369   1.73
  2011         104      0.57481  0.44648  0.50     122      55      95      202   1.65
  2011         105      0.60566  0.46488  0.50      68      31      52      107   1.58
  2011         106      0.63570  0.48238  0.50      36      17      27       55   1.51
  2011         107      0.66472  0.49890  0.50      19       9      14       27   1.46
  2011         108      0.69254  0.51442  0.50       9       5       7       13   1.41
  2011         109      0.71903  0.52889  0.50       5       2       3        6   1.37
  2011         110+     0.74409  1.00000  1.34       2       2       3        3   1.34
  2012           0      0.00665  0.00661  0.14  100000     661   99429  7646822  76.47
  2012           1      0.00045  0.00045  0.50   99339      45   99317  7547393  75.98
  2012           2      0.00031  0.00031  0.50   99295      31   99279  7448076  75.01
  2012           3      0.00023  0.00023  0.50   99264      23   99253  7348797  74.03
  2012           4      0.00020  0.00020  0.50   99241      20   99231  7249544  73.05
  2012           5      0.00014  0.00014  0.50   99222      14   99215  7150313  72.06
  2012           6      0.00012  0.00012  0.50   99207      12   99202  7051098  71.07
  2012           7      0.00014  0.00014  0.50   99196      14   99189  6951897  70.08
  2012           8      0.00011  0.00011  0.50   99182      11   99177  6852708  69.09
  2012           9      0.00012  0.00012  0.50   99171      12   99165  6753531  68.10
  2012          10      0.00012  0.00012  0.50   99159      12   99153  6654366  67.11
  2012          11      0.00013  0.00013  0.50   99147      13   99141  6555213  66.12
  2012          12      0.00014  0.00014  0.50   99135      14   99128  6456072  65.12
  2012          13      0.00018  0.00018  0.50   99121      18   99112  6356945  64.13
  2012          14      0.00024  0.00024  0.50   99103      24   99091  6257833  63.14
  2012          15      0.00033  0.00032  0.50   99079      32   99063  6158742  62.16
  2012          16      0.00045  0.00045  0.50   99047      44   99025  6059679  61.18
  2012          17      0.00060  0.00060  0.50   99003      59   98973  5960654  60.21
  2012          18      0.00087  0.00087  0.50   98944      86   98901  5861680  59.24
  2012          19      0.00098  0.00098  0.50   98858      97   98809  5762780  58.29
  2012          20      0.00108  0.00108  0.50   98761     107   98708  5663971  57.35
  2012          21      0.00120  0.00120  0.50   98654     118   98595  5565263  56.41
  2012          22      0.00131  0.00131  0.50   98536     129   98472  5466668  55.48
  2012          23      0.00125  0.00125  0.50   98407     123   98346  5368196  54.55
  2012          24      0.00132  0.00132  0.50   98284     129   98220  5269851  53.62
  2012          25      0.00134  0.00134  0.50   98155     131   98089  5171631  52.69
  2012          26      0.00138  0.00138  0.50   98024     135   97956  5073542  51.76
  2012          27      0.00137  0.00137  0.50   97888     134   97821  4975586  50.83
  2012          28      0.00143  0.00142  0.50   97754     139   97684  4877764  49.90
  2012          29      0.00148  0.00148  0.50   97615     145   97542  4780080  48.97
  2012          30      0.00145  0.00145  0.50   97470     142   97399  4682538  48.04
  2012          31      0.00151  0.00151  0.50   97329     147   97255  4585138  47.11
  2012          32      0.00149  0.00149  0.50   97182     145   97110  4487883  46.18
  2012          33      0.00155  0.00155  0.50   97037     150   96962  4390773  45.25
  2012          34      0.00161  0.00161  0.50   96887     156   96809  4293811  44.32
  2012          35      0.00164  0.00164  0.50   96731     159   96652  4197002  43.39
  2012          36      0.00173  0.00173  0.50   96573     167   96489  4100351  42.46
  2012          37      0.00179  0.00179  0.50   96406     172   96320  4003861  41.53
  2012          38      0.00184  0.00184  0.50   96234     177   96145  3907542  40.60
  2012          39      0.00194  0.00194  0.50   96057     186   95964  3811397  39.68
  2012          40      0.00217  0.00217  0.50   95871     208   95767  3715433  38.75
  2012          41      0.00227  0.00226  0.50   95663     217   95555  3619666  37.84
  2012          42      0.00240  0.00240  0.50   95446     229   95332  3524111  36.92
  2012          43      0.00258  0.00258  0.50   95217     245   95095  3428779  36.01
  2012          44      0.00286  0.00286  0.50   94972     271   94836  3333685  35.10
  2012          45      0.00308  0.00308  0.50   94701     292   94555  3238849  34.20
  2012          46      0.00344  0.00344  0.50   94409     325   94247  3144294  33.31
  2012          47      0.00383  0.00383  0.50   94084     360   93904  3050047  32.42
  2012          48      0.00424  0.00424  0.50   93724     397   93526  2956143  31.54
  2012          49      0.00459  0.00458  0.50   93327     428   93114  2862617  30.67
  2012          50      0.00520  0.00519  0.50   92900     482   92659  2769503  29.81
  2012          51      0.00563  0.00561  0.50   92418     519   92158  2676844  28.96
  2012          52      0.00612  0.00611  0.50   91899     561   91619  2584686  28.13
  2012          53      0.00652  0.00650  0.50   91338     594   91041  2493067  27.29
  2012          54      0.00713  0.00710  0.50   90745     645   90422  2402026  26.47
  2012          55      0.00796  0.00793  0.50   90100     714   89743  2311603  25.66
  2012          56      0.00840  0.00837  0.50   89386     748   89012  2221860  24.86
  2012          57      0.00899  0.00895  0.50   88638     794   88241  2132848  24.06
  2012          58      0.00978  0.00973  0.50   87844     855   87417  2044607  23.28
  2012          59      0.01048  0.01042  0.50   86989     907   86536  1957190  22.50
  2012          60      0.01133  0.01127  0.50   86083     970   85598  1870654  21.73
  2012          61      0.01181  0.01174  0.50   85113    1000   84613  1785057  20.97
  2012          62      0.01272  0.01264  0.50   84113    1063   83582  1700444  20.22
  2012          63      0.01340  0.01331  0.50   83050    1106   82497  1616862  19.47
  2012          64      0.01447  0.01436  0.50   81944    1177   81356  1534365  18.72
  2012          65      0.01521  0.01510  0.50   80767    1220   80157  1453009  17.99
  2012          66      0.01658  0.01645  0.50   79548    1308   78894  1372852  17.26
  2012          67      0.01781  0.01765  0.50   78239    1381   77549  1293958  16.54
  2012          68      0.01965  0.01946  0.50   76859    1495   76111  1216409  15.83
  2012          69      0.02130  0.02108  0.50   75363    1589   74569  1140298  15.13
  2012          70      0.02326  0.02300  0.50   73775    1696   72926  1065729  14.45
  2012          71      0.02497  0.02466  0.50   72078    1778   71189   992803  13.77
  2012          72      0.02730  0.02693  0.50   70300    1893   69354   921614  13.11
  2012          73      0.02956  0.02913  0.50   68407    1993   67411   852260  12.46
  2012          74      0.03248  0.03196  0.50   66414    2123   65353   784849  11.82
  2012          75      0.03559  0.03496  0.50   64292    2248   63168   719496  11.19
  2012          76      0.03897  0.03823  0.50   62044    2372   60858   656329  10.58
  2012          77      0.04352  0.04259  0.50   59672    2542   58401   595471   9.98
  2012          78      0.04730  0.04620  0.50   57130    2640   55811   537070   9.40
  2012          79      0.05270  0.05134  0.50   54491    2798   53092   481259   8.83
  2012          80      0.05837  0.05671  0.50   51693    2932   50227   428167   8.28
  2012          81      0.06545  0.06337  0.50   48761    3090   47216   377940   7.75
  2012          82      0.07395  0.07131  0.50   45671    3257   44043   330724   7.24
  2012          83      0.08312  0.07981  0.50   42414    3385   40722   286681   6.76
  2012          84      0.09277  0.08865  0.50   39029    3460   37299   245959   6.30
  2012          85      0.10331  0.09824  0.50   35569    3494   33822   208660   5.87
  2012          86      0.11548  0.10918  0.50   32075    3502   30324   174838   5.45
  2012          87      0.13004  0.12210  0.50   28573    3489   26829   144513   5.06
  2012          88      0.14579  0.13588  0.50   25084    3409   23380   117685   4.69
  2012          89      0.16112  0.14911  0.50   21676    3232   20060    94305   4.35
  2012          90      0.18269  0.16740  0.50   18444    3087   16900    74245   4.03
  2012          91      0.20156  0.18311  0.50   15356    2812   13950    57345   3.73
  2012          92      0.22630  0.20330  0.50   12544    2550   11269    43395   3.46
  2012          93      0.24821  0.22081  0.50    9994    2207    8891    32126   3.21
  2012          94      0.28108  0.24644  0.50    7787    1919    6828    23235   2.98
  2012          95      0.30069  0.26139  0.50    5868    1534    5101    16407   2.80
  2012          96      0.32879  0.28237  0.50    4334    1224    3722    11306   2.61
  2012          97      0.35817  0.30377  0.50    3110     945    2638     7584   2.44
  2012          98      0.38865  0.32541  0.50    2166     705    1813     4946   2.28
  2012          99      0.42003  0.34713  0.50    1461     507    1207     3132   2.14
  2012         100      0.45207  0.36872  0.50     954     352     778     1925   2.02
  2012         101      0.48451  0.39003  0.50     602     235     485     1147   1.91
  2012         102      0.51708  0.41086  0.50     367     151     292      662   1.80
  2012         103      0.54951  0.43107  0.50     216      93     170      371   1.71
  2012         104      0.58153  0.45053  0.50     123      55      95      201   1.63
  2012         105      0.61287  0.46912  0.50      68      32      52      105   1.56
  2012         106      0.64330  0.48674  0.50      36      17      27       54   1.50
  2012         107      0.67262  0.50334  0.50      18       9      14       27   1.44
  2012         108      0.70065  0.51888  0.50       9       5       7       13   1.39
  2012         109      0.72726  0.53332  0.50       4       2       3        6   1.35
  2012         110+     0.75233  1.00000  1.33       2       2       3        3   1.33
  2013           0      0.00666  0.00663  0.14  100000     663   99428  7648059  76.48
  2013           1      0.00047  0.00047  0.50   99337      47   99314  7548631  75.99
  2013           2      0.00029  0.00029  0.50   99291      29   99276  7449317  75.03
  2013           3      0.00021  0.00021  0.50   99262      21   99251  7350041  74.05
  2013           4      0.00018  0.00018  0.50   99240      18   99231  7250790  73.06
  2013           5      0.00015  0.00015  0.50   99222      15   99214  7151559  72.08
  2013           6      0.00013  0.00013  0.50   99207      13   99201  7052345  71.09
  2013           7      0.00012  0.00012  0.50   99194      12   99188  6953144  70.10
  2013           8      0.00012  0.00012  0.50   99182      12   99176  6853956  69.10
  2013           9      0.00013  0.00013  0.50   99170      13   99163  6754780  68.11
  2013          10      0.00011  0.00011  0.50   99156      11   99151  6655617  67.12
  2013          11      0.00012  0.00012  0.50   99146      12   99139  6556466  66.13
  2013          12      0.00015  0.00015  0.50   99133      15   99126  6457327  65.14
  2013          13      0.00018  0.00018  0.50   99119      17   99110  6358201  64.15
  2013          14      0.00023  0.00023  0.50   99101      23   99090  6259091  63.16
  2013          15      0.00032  0.00032  0.50   99078      32   99062  6160001  62.17
  2013          16      0.00043  0.00043  0.50   99046      43   99025  6060939  61.19
  2013          17      0.00060  0.00060  0.50   99003      59   98974  5961914  60.22
  2013          18      0.00077  0.00077  0.50   98944      76   98906  5862941  59.26
  2013          19      0.00091  0.00091  0.50   98868      90   98823  5764035  58.30
  2013          20      0.00103  0.00103  0.50   98778     102   98727  5665212  57.35
  2013          21      0.00117  0.00117  0.50   98677     115   98619  5566484  56.41
  2013          22      0.00123  0.00123  0.50   98561     121   98501  5467865  55.48
  2013          23      0.00128  0.00128  0.50   98440     126   98377  5369365  54.54
  2013          24      0.00130  0.00130  0.50   98314     127   98250  5270988  53.61
  2013          25      0.00133  0.00133  0.50   98186     130   98121  5172738  52.68
  2013          26      0.00139  0.00139  0.50   98056     136   97988  5074617  51.75
  2013          27      0.00142  0.00142  0.50   97920     139   97851  4976629  50.82
  2013          28      0.00141  0.00141  0.50   97781     138   97712  4878778  49.89
  2013          29      0.00145  0.00145  0.50   97644     142   97573  4781065  48.96
  2013          30      0.00151  0.00151  0.50   97502     147   97428  4683493  48.04
  2013          31      0.00151  0.00151  0.50   97355     147   97281  4586065  47.11
  2013          32      0.00150  0.00150  0.50   97208     146   97135  4488784  46.18
  2013          33      0.00160  0.00160  0.50   97062     155   96984  4391649  45.25
  2013          34      0.00165  0.00165  0.50   96906     160   96826  4294665  44.32
  2013          35      0.00170  0.00170  0.50   96746     164   96664  4197838  43.39
  2013          36      0.00171  0.00171  0.50   96582     165   96500  4101174  42.46
  2013          37      0.00178  0.00178  0.50   96417     172   96331  4004675  41.53
  2013          38      0.00183  0.00183  0.50   96245     176   96157  3908343  40.61
  2013          39      0.00197  0.00197  0.50   96069     189   95974  3812186  39.68
  2013          40      0.00214  0.00214  0.50   95880     205   95777  3716212  38.76
  2013          41      0.00225  0.00225  0.50   95675     215   95567  3620434  37.84
  2013          42      0.00248  0.00248  0.50   95460     237   95341  3524867  36.93
  2013          43      0.00262  0.00261  0.50   95223     249   95099  3429526  36.02
  2013          44      0.00282  0.00282  0.50   94974     268   94840  3334428  35.11
  2013          45      0.00311  0.00310  0.50   94706     294   94560  3239587  34.21
  2013          46      0.00349  0.00348  0.50   94413     329   94248  3145028  33.31
  2013          47      0.00383  0.00383  0.50   94084     360   93904  3050779  32.43
  2013          48      0.00418  0.00417  0.50   93724     391   93528  2956876  31.55
  2013          49      0.00460  0.00459  0.50   93332     428   93118  2863348  30.68
  2013          50      0.00514  0.00513  0.50   92904     476   92666  2770229  29.82
  2013          51      0.00561  0.00559  0.50   92428     517   92169  2677564  28.97
  2013          52      0.00600  0.00599  0.50   91911     550   91636  2585394  28.13
  2013          53      0.00657  0.00654  0.50   91361     598   91062  2493758  27.30
  2013          54      0.00708  0.00706  0.50   90763     640   90443  2402696  26.47
  2013          55      0.00785  0.00782  0.50   90123     705   89770  2312253  25.66
  2013          56      0.00848  0.00845  0.50   89418     755   89040  2222483  24.86
  2013          57      0.00901  0.00897  0.50   88663     795   88265  2133443  24.06
  2013          58      0.00985  0.00980  0.50   87867     861   87437  2045178  23.28
  2013          59      0.01049  0.01043  0.50   87006     908   86552  1957742  22.50
  2013          60      0.01142  0.01136  0.50   86098     978   85609  1871189  21.73
  2013          61      0.01210  0.01203  0.50   85120    1024   84608  1785580  20.98
  2013          62      0.01284  0.01276  0.50   84096    1073   83560  1700972  20.23
  2013          63      0.01363  0.01353  0.50   83024    1124   82462  1617412  19.48
  2013          64      0.01442  0.01432  0.50   81900    1173   81313  1534951  18.74
  2013          65      0.01542  0.01530  0.50   80727    1235   80109  1453637  18.01
  2013          66      0.01657  0.01643  0.50   79492    1306   78839  1373528  17.28
  2013          67      0.01780  0.01764  0.50   78186    1379   77496  1294689  16.56
  2013          68      0.01916  0.01898  0.50   76806    1458   76077  1217193  15.85
  2013          69      0.02130  0.02108  0.50   75349    1588   74554  1141116  15.14
  2013          70      0.02332  0.02305  0.50   73760    1701   72910  1066561  14.46
  2013          71      0.02538  0.02506  0.50   72060    1806   71157   993651  13.79
  2013          72      0.02718  0.02682  0.50   70254    1884   69312   922494  13.13
  2013          73      0.02958  0.02915  0.50   68370    1993   67373   853182  12.48
  2013          74      0.03240  0.03188  0.50   66377    2116   65319   785809  11.84
  2013          75      0.03580  0.03517  0.50   64261    2260   63131   720490  11.21
  2013          76      0.03881  0.03807  0.50   62001    2360   60821   657360  10.60
  2013          77      0.04342  0.04250  0.50   59640    2535   58373   596539  10.00
  2013          78      0.04782  0.04670  0.50   57106    2667   55772   538166   9.42
  2013          79      0.05189  0.05058  0.50   54439    2753   53062   482394   8.86
  2013          80      0.05759  0.05598  0.50   51685    2893   50239   429332   8.31
  2013          81      0.06493  0.06289  0.50   48792    3068   47258   379093   7.77
  2013          82      0.07363  0.07102  0.50   45724    3247   44100   331835   7.26
  2013          83      0.08144  0.07826  0.50   42476    3324   40814   287735   6.77
  2013          84      0.09229  0.08822  0.50   39152    3454   37425   246921   6.31
  2013          85      0.10236  0.09737  0.50   35698    3476   33960   209495   5.87
  2013          86      0.11592  0.10957  0.50   32222    3531   30457   175535   5.45
  2013          87      0.13022  0.12226  0.50   28692    3508   26938   145078   5.06
  2013          88      0.14487  0.13508  0.50   25184    3402   23483   118140   4.69
  2013          89      0.16252  0.15031  0.50   21782    3274   20145    94658   4.35
  2013          90      0.18206  0.16687  0.50   18508    3088   16964    74513   4.03
  2013          91      0.20054  0.18226  0.50   15420    2810   14014    57549   3.73
  2013          92      0.22595  0.20301  0.50   12609    2560   11329    43534   3.45
  2013          93      0.25749  0.22812  0.50   10049    2292    8903    32205   3.20
  2013          94      0.27212  0.23953  0.50    7757    1858    6828    23302   3.00
  2013          95      0.30087  0.26152  0.50    5899    1543    5128    16474   2.79
  2013          96      0.32913  0.28262  0.50    4356    1231    3741    11346   2.60
  2013          97      0.35870  0.30415  0.50    3125     950    2650     7606   2.43
  2013          98      0.38937  0.32592  0.50    2175     709    1820     4956   2.28
  2013          99      0.42095  0.34775  0.50    1466     510    1211     3136   2.14
  2013         100      0.45318  0.36947  0.50     956     353     779     1925   2.01
  2013         101      0.48582  0.39087  0.50     603     236     485     1145   1.90
  2013         102      0.51857  0.41180  0.50     367     151     292      660   1.80
  2013         103      0.55117  0.43209  0.50     216      93     169      369   1.71
  2013         104      0.58333  0.45161  0.50     123      55      95      200   1.63
  2013         105      0.61480  0.47025  0.50      67      32      51      105   1.55
  2013         106      0.64534  0.48791  0.50      36      17      27       53   1.49
  2013         107      0.67474  0.50453  0.50      18       9      14       26   1.44
  2013         108      0.70282  0.52006  0.50       9       5       7       13   1.39
  2013         109      0.72945  0.53450  0.50       4       2       3        6   1.35
  2013         110+     0.75453  1.00000  1.33       2       2       3        3   1.33
  2014           0      0.00656  0.00652  0.14  100000     652   99437  7655151  76.55
  2014           1      0.00040  0.00040  0.50   99348      40   99328  7555714  76.05
  2014           2      0.00028  0.00028  0.50   99308      28   99294  7456386  75.08
  2014           3      0.00021  0.00021  0.50   99280      21   99269  7357092  74.10
  2014           4      0.00019  0.00019  0.50   99258      19   99249  7257823  73.12
  2014           5      0.00014  0.00014  0.50   99240      14   99232  7158574  72.13
  2014           6      0.00013  0.00013  0.50   99225      13   99219  7059342  71.14
  2014           7      0.00013  0.00013  0.50   99213      13   99206  6960123  70.15
  2014           8      0.00012  0.00012  0.50   99200      12   99194  6860917  69.16
  2014           9      0.00013  0.00013  0.50   99188      13   99181  6761723  68.17
  2014          10      0.00012  0.00012  0.50   99175      12   99169  6662541  67.18
  2014          11      0.00013  0.00013  0.50   99163      13   99157  6563372  66.19
  2014          12      0.00015  0.00015  0.50   99150      15   99143  6464215  65.20
  2014          13      0.00019  0.00019  0.50   99136      19   99126  6365072  64.21
  2014          14      0.00023  0.00023  0.50   99117      23   99105  6265946  63.22
  2014          15      0.00030  0.00030  0.50   99094      30   99079  6166841  62.23
  2014          16      0.00046  0.00046  0.50   99064      45   99041  6067762  61.25
  2014          17      0.00058  0.00058  0.50   99018      57   98990  5968721  60.28
  2014          18      0.00081  0.00081  0.50   98961      80   98921  5869732  59.31
  2014          19      0.00092  0.00092  0.50   98881      91   98835  5770811  58.36
  2014          20      0.00102  0.00102  0.50   98790     101   98739  5671976  57.41
  2014          21      0.00115  0.00115  0.50   98689     114   98632  5573236  56.47
  2014          22      0.00126  0.00126  0.50   98575     124   98513  5474604  55.54
  2014          23      0.00129  0.00128  0.50   98451     126   98388  5376091  54.61
  2014          24      0.00134  0.00134  0.50   98325     131   98259  5277703  53.68
  2014          25      0.00137  0.00137  0.50   98193     135   98126  5179444  52.75
  2014          26      0.00142  0.00142  0.50   98059     139   97989  5081318  51.82
  2014          27      0.00141  0.00141  0.50   97920     138   97850  4983329  50.89
  2014          28      0.00148  0.00148  0.50   97781     144   97709  4885479  49.96
  2014          29      0.00150  0.00150  0.50   97637     146   97564  4787769  49.04
  2014          30      0.00150  0.00149  0.50   97491     146   97418  4690205  48.11
  2014          31      0.00160  0.00160  0.50   97345     156   97267  4592787  47.18
  2014          32      0.00158  0.00158  0.50   97189     153   97113  4495520  46.26
  2014          33      0.00160  0.00160  0.50   97036     155   96959  4398407  45.33
  2014          34      0.00173  0.00173  0.50   96881     168   96797  4301449  44.40
  2014          35      0.00175  0.00175  0.50   96713     169   96629  4204652  43.48
  2014          36      0.00184  0.00183  0.50   96544     177   96456  4108023  42.55
  2014          37      0.00185  0.00185  0.50   96367     178   96278  4011567  41.63
  2014          38      0.00189  0.00189  0.50   96189     181   96099  3915289  40.70
  2014          39      0.00202  0.00202  0.50   96008     194   95911  3819190  39.78
  2014          40      0.00216  0.00216  0.50   95814     207   95711  3723279  38.86
  2014          41      0.00235  0.00235  0.50   95607     225   95495  3627569  37.94
  2014          42      0.00245  0.00245  0.50   95382     234   95266  3532074  37.03
  2014          43      0.00259  0.00259  0.50   95149     246   95026  3436808  36.12
  2014          44      0.00279  0.00279  0.50   94902     264   94770  3341782  35.21
  2014          45      0.00309  0.00308  0.50   94638     292   94492  3247012  34.31
  2014          46      0.00341  0.00340  0.50   94346     321   94186  3152520  33.41
  2014          47      0.00376  0.00376  0.50   94025     353   93849  3058335  32.53
  2014          48      0.00415  0.00414  0.50   93672     388   93478  2964486  31.65
  2014          49      0.00453  0.00452  0.50   93284     422   93073  2871008  30.78
  2014          50      0.00507  0.00506  0.50   92862     470   92627  2777935  29.91
  2014          51      0.00554  0.00552  0.50   92392     510   92137  2685307  29.06
  2014          52      0.00601  0.00599  0.50   91882     551   91607  2593170  28.22
  2014          53      0.00659  0.00657  0.50   91332     600   91032  2501563  27.39
  2014          54      0.00710  0.00708  0.50   90732     642   90411  2410531  26.57
  2014          55      0.00782  0.00779  0.50   90090     702   89739  2320120  25.75
  2014          56      0.00847  0.00844  0.50   89388     754   89011  2230381  24.95
  2014          57      0.00920  0.00916  0.50   88634     812   88228  2141371  24.16
  2014          58      0.00982  0.00977  0.50   87822     858   87393  2053143  23.38
  2014          59      0.01047  0.01042  0.50   86964     906   86511  1965750  22.60
  2014          60      0.01147  0.01140  0.50   86058     981   85567  1879240  21.84
  2014          61      0.01233  0.01226  0.50   85076    1043   84555  1793673  21.08
  2014          62      0.01310  0.01301  0.50   84033    1094   83487  1709118  20.34
  2014          63      0.01382  0.01372  0.50   82940    1138   82371  1625631  19.60
  2014          64      0.01439  0.01428  0.50   81802    1168   81218  1543260  18.87
  2014          65      0.01548  0.01536  0.50   80633    1238   80014  1462043  18.13
  2014          66      0.01658  0.01645  0.50   79395    1306   78742  1382029  17.41
  2014          67      0.01756  0.01741  0.50   78089    1360   77409  1303287  16.69
  2014          68      0.01919  0.01901  0.50   76729    1459   76000  1225878  15.98
  2014          69      0.02047  0.02026  0.50   75271    1525   74508  1149878  15.28
  2014          70      0.02307  0.02281  0.50   73746    1682   72905  1075370  14.58
  2014          71      0.02495  0.02465  0.50   72064    1776   71176  1002465  13.91
  2014          72      0.02743  0.02706  0.50   70288    1902   69336   931289  13.25
  2014          73      0.02946  0.02903  0.50   68385    1985   67393   861953  12.60
  2014          74      0.03207  0.03156  0.50   66400    2096   65352   794560  11.97
  2014          75      0.03569  0.03506  0.50   64305    2255   63177   729208  11.34
  2014          76      0.03862  0.03789  0.50   62050    2351   60875   666030  10.73
  2014          77      0.04260  0.04171  0.50   59699    2490   58454   605156  10.14
  2014          78      0.04674  0.04567  0.50   57209    2613   55903   546702   9.56
  2014          79      0.05131  0.05003  0.50   54596    2731   53231   490799   8.99
  2014          80      0.05573  0.05422  0.50   51865    2812   50459   437568   8.44
  2014          81      0.06283  0.06092  0.50   49053    2988   47559   387109   7.89
  2014          82      0.07070  0.06829  0.50   46065    3146   44492   339551   7.37
  2014          83      0.07919  0.07617  0.50   42919    3269   41285   295059   6.87
  2014          84      0.09020  0.08631  0.50   39650    3422   37939   253774   6.40
  2014          85      0.09934  0.09464  0.50   36228    3428   34514   215835   5.96
  2014          86      0.11249  0.10650  0.50   32799    3493   31053   181322   5.53
  2014          87      0.12617  0.11868  0.50   29306    3478   27567   150269   5.13
  2014          88      0.14228  0.13283  0.50   25828    3431   24113   122702   4.75
  2014          89      0.15918  0.14744  0.50   22398    3302   20746    98589   4.40
  2014          90      0.17696  0.16257  0.50   19095    3104   17543    77842   4.08
  2014          91      0.19803  0.18019  0.50   15991    2881   14550    60299   3.77
  2014          92      0.22202  0.19983  0.50   13109    2620   11800    45749   3.49
  2014          93      0.24887  0.22133  0.50   10490    2322    9329    33950   3.24
  2014          94      0.27553  0.24217  0.50    8168    1978    7179    24621   3.01
  2014          95      0.29692  0.25854  0.50    6190    1600    5390    17442   2.82
  2014          96      0.32527  0.27977  0.50    4590    1284    3948    12052   2.63
  2014          97      0.35496  0.30146  0.50    3306     996    2807     8104   2.45
  2014          98      0.38581  0.32342  0.50    2309     747    1936     5297   2.29
  2014          99      0.41761  0.34547  0.50    1562     540    1292     3361   2.15
  2014         100      0.45011  0.36742  0.50    1023     376     835     2069   2.02
  2014         101      0.48304  0.38907  0.50     647     252     521     1234   1.91
  2014         102      0.51611  0.41025  0.50     395     162     314      713   1.80
  2014         103      0.54905  0.43079  0.50     233     100     183      399   1.71
  2014         104      0.58156  0.45055  0.50     133      60     103      216   1.63
  2014         105      0.61338  0.46941  0.50      73      34      56      114   1.56
  2014         106      0.64425  0.48729  0.50      39      19      29       58   1.49
  2014         107      0.67398  0.50410  0.50      20      10      15       28   1.44
  2014         108      0.70236  0.51981  0.50      10       5       7       14   1.39
  2014         109      0.72927  0.53441  0.50       5       3       3        6   1.35
  2014         110+     0.75460  1.00000  1.33       2       2       3        3   1.33
  2015           0      0.00664  0.00660  0.14  100000     660   99430  7639459  76.39
  2015           1      0.00047  0.00047  0.50   99340      46   99317  7540029  75.90
  2015           2      0.00028  0.00028  0.50   99294      28   99280  7440712  74.94
  2015           3      0.00023  0.00023  0.50   99266      23   99254  7341432  73.96
  2015           4      0.00017  0.00017  0.50   99243      17   99234  7242178  72.97
  2015           5      0.00016  0.00016  0.50   99226      16   99218  7142944  71.99
  2015           6      0.00014  0.00014  0.50   99210      14   99203  7043726  71.00
  2015           7      0.00011  0.00011  0.50   99196      11   99191  6944523  70.01
  2015           8      0.00013  0.00013  0.50   99185      13   99179  6845332  69.02
  2015           9      0.00012  0.00012  0.50   99173      12   99166  6746153  68.02
  2015          10      0.00013  0.00013  0.50   99160      13   99154  6646987  67.03
  2015          11      0.00012  0.00012  0.50   99148      12   99141  6547833  66.04
  2015          12      0.00014  0.00014  0.50   99135      14   99129  6448692  65.05
  2015          13      0.00018  0.00018  0.50   99122      18   99113  6349563  64.06
  2015          14      0.00025  0.00025  0.50   99104      25   99091  6250451  63.07
  2015          15      0.00033  0.00033  0.50   99079      33   99062  6151360  62.09
  2015          16      0.00045  0.00045  0.50   99046      45   99024  6052297  61.11
  2015          17      0.00064  0.00064  0.50   99001      64   98969  5953274  60.13
  2015          18      0.00083  0.00083  0.50   98938      82   98897  5854304  59.17
  2015          19      0.00098  0.00097  0.50   98856      96   98807  5755408  58.22
  2015          20      0.00108  0.00108  0.50   98759     107   98706  5656600  57.28
  2015          21      0.00122  0.00122  0.50   98652     120   98592  5557895  56.34
  2015          22      0.00134  0.00133  0.50   98532     131   98466  5459303  55.41
  2015          23      0.00137  0.00137  0.50   98400     135   98333  5360836  54.48
  2015          24      0.00144  0.00144  0.50   98265     141   98195  5262504  53.55
  2015          25      0.00148  0.00148  0.50   98124     145   98051  5164309  52.63
  2015          26      0.00146  0.00146  0.50   97979     143   97907  5066257  51.71
  2015          27      0.00157  0.00157  0.50   97836     153   97759  4968350  50.78
  2015          28      0.00157  0.00157  0.50   97682     154   97606  4870591  49.86
  2015          29      0.00169  0.00169  0.50   97529     165   97447  4772986  48.94
  2015          30      0.00162  0.00162  0.50   97364     158   97285  4675539  48.02
  2015          31      0.00168  0.00168  0.50   97206     163   97125  4578254  47.10
  2015          32      0.00174  0.00174  0.50   97043     169   96959  4481129  46.18
  2015          33      0.00178  0.00178  0.50   96874     172   96788  4384170  45.26
  2015          34      0.00183  0.00183  0.50   96702     177   96613  4287382  44.34
  2015          35      0.00189  0.00189  0.50   96525     182   96433  4190769  43.42
  2015          36      0.00190  0.00190  0.50   96342     183   96251  4094336  42.50
  2015          37      0.00202  0.00201  0.50   96159     194   96062  3998085  41.58
  2015          38      0.00206  0.00205  0.50   95965     197   95867  3902023  40.66
  2015          39      0.00213  0.00213  0.50   95768     204   95666  3806156  39.74
  2015          40      0.00223  0.00222  0.50   95564     213   95458  3710490  38.83
  2015          41      0.00235  0.00235  0.50   95352     224   95240  3615032  37.91
  2015          42      0.00254  0.00253  0.50   95127     241   95007  3519792  37.00
  2015          43      0.00267  0.00267  0.50   94886     253   94760  3424785  36.09
  2015          44      0.00294  0.00294  0.50   94633     278   94494  3330025  35.19
  2015          45      0.00315  0.00314  0.50   94355     296   94207  3235531  34.29
  2015          46      0.00343  0.00342  0.50   94059     322   93898  3141324  33.40
  2015          47      0.00369  0.00368  0.50   93737     345   93564  3047426  32.51
  2015          48      0.00405  0.00405  0.50   93392     378   93203  2953862  31.63
  2015          49      0.00454  0.00453  0.50   93014     421   92803  2860659  30.76
  2015          50      0.00506  0.00505  0.50   92593     468   92359  2767855  29.89
  2015          51      0.00552  0.00550  0.50   92125     507   91872  2675496  29.04
  2015          52      0.00602  0.00600  0.50   91618     550   91343  2583625  28.20
  2015          53      0.00659  0.00657  0.50   91069     599   90769  2492281  27.37
  2015          54      0.00719  0.00717  0.50   90470     648   90146  2401512  26.54
  2015          55      0.00783  0.00780  0.50   89822     701   89471  2311366  25.73
  2015          56      0.00835  0.00832  0.50   89121     741   88750  2221895  24.93
  2015          57      0.00920  0.00915  0.50   88380     809   87975  2133145  24.14
  2015          58      0.00979  0.00974  0.50   87571     853   87144  2045170  23.35
  2015          59      0.01053  0.01047  0.50   86717     908   86263  1958026  22.58
  2015          60      0.01148  0.01142  0.50   85809     980   85319  1871762  21.81
  2015          61      0.01211  0.01204  0.50   84830    1021   84319  1786443  21.06
  2015          62      0.01309  0.01300  0.50   83808    1090   83263  1702124  20.31
  2015          63      0.01433  0.01423  0.50   82718    1177   82130  1618861  19.57
  2015          64      0.01472  0.01461  0.50   81541    1192   80945  1536731  18.85
  2015          65      0.01578  0.01565  0.50   80350    1258   79721  1455785  18.12
  2015          66      0.01664  0.01650  0.50   79092    1305   78439  1376064  17.40
  2015          67      0.01779  0.01763  0.50   77787    1371   77101  1297625  16.68
  2015          68      0.01893  0.01875  0.50   76415    1433   75699  1220524  15.97
  2015          69      0.02077  0.02056  0.50   74982    1542   74212  1144825  15.27
  2015          70      0.02260  0.02235  0.50   73441    1641   72620  1070614  14.58
  2015          71      0.02518  0.02487  0.50   71800    1785   70907   997994  13.90
  2015          72      0.02724  0.02688  0.50   70014    1882   69073   927087  13.24
  2015          73      0.02973  0.02929  0.50   68132    1996   67134   858014  12.59
  2015          74      0.03208  0.03158  0.50   66137    2088   65092   790879  11.96
  2015          75      0.03581  0.03518  0.50   64048    2253   62922   725787  11.33
  2015          76      0.03862  0.03789  0.50   61795    2342   60624   662865  10.73
  2015          77      0.04269  0.04180  0.50   59453    2485   58211   602241  10.13
  2015          78      0.04665  0.04559  0.50   56968    2597   55670   544030   9.55
  2015          79      0.05135  0.05007  0.50   54371    2722   53010   488360   8.98
  2015          80      0.05677  0.05520  0.50   51649    2851   50223   435350   8.43
  2015          81      0.06269  0.06079  0.50   48798    2966   47315   385127   7.89
  2015          82      0.06974  0.06739  0.50   45832    3089   44287   337812   7.37
  2015          83      0.07852  0.07555  0.50   42743    3229   41128   293525   6.87
  2015          84      0.08880  0.08502  0.50   39513    3360   37834   252397   6.39
  2015          85      0.09953  0.09481  0.50   36154    3428   34440   214563   5.93
  2015          86      0.11159  0.10570  0.50   32726    3459   30997   180123   5.50
  2015          87      0.12792  0.12023  0.50   29267    3519   27508   149126   5.10
  2015          88      0.14258  0.13309  0.50   25748    3427   24035   121619   4.72
  2015          89      0.15906  0.14734  0.50   22321    3289   20677    97584   4.37
  2015          90      0.17946  0.16468  0.50   19033    3134   17465    76907   4.04
  2015          91      0.20030  0.18207  0.50   15898    2895   14451    59442   3.74
  2015          92      0.22412  0.20154  0.50   13004    2621   11693    44991   3.46
  2015          93      0.25155  0.22344  0.50   10383    2320    9223    33297   3.21
  2015          94      0.27654  0.24295  0.50    8063    1959    7084    24074   2.99
  2015          95      0.30102  0.26164  0.50    6104    1597    5306    16991   2.78
  2015          96      0.32998  0.28325  0.50    4507    1277    3869    11685   2.59
  2015          97      0.36029  0.30530  0.50    3230     986    2737     7816   2.42
  2015          98      0.39176  0.32759  0.50    2244     735    1877     5079   2.26
  2015          99      0.42416  0.34994  0.50    1509     528    1245     3202   2.12
  2015         100      0.45722  0.37214  0.50     981     365     798     1957   2.00
  2015         101      0.49066  0.39400  0.50     616     243     495     1159   1.88
  2015         102      0.52419  0.41533  0.50     373     155     296      664   1.78
  2015         103      0.55750  0.43597  0.50     218      95     171      369   1.69
  2015         104      0.59030  0.45578  0.50     123      56      95      198   1.61
  2015         105      0.62232  0.47463  0.50      67      32      51      103   1.54
  2015         106      0.65330  0.49244  0.50      35      17      27       52   1.47
  2015         107      0.68304  0.50915  0.50      18       9      13       25   1.42
  2015         108      0.71135  0.52472  0.50       9       5       6       12   1.37
  2015         109      0.73810  0.53913  0.50       4       2       3        6   1.33
  2015         110+     0.76320  1.00000  1.31       2       2       3        3   1.31
  2016           0      0.00667  0.00663  0.14  100000     663   99427  7629865  76.30
  2016           1      0.00045  0.00045  0.50   99337      44   99315  7530437  75.81
  2016           2      0.00029  0.00029  0.50   99293      29   99279  7431122  74.84
  2016           3      0.00023  0.00023  0.50   99264      23   99253  7331844  73.86
  2016           4      0.00017  0.00017  0.50   99241      17   99233  7232591  72.88
  2016           5      0.00014  0.00014  0.50   99224      14   99217  7133358  71.89
  2016           6      0.00014  0.00014  0.50   99210      14   99203  7034141  70.90
  2016           7      0.00013  0.00013  0.50   99196      13   99190  6934938  69.91
  2016           8      0.00014  0.00014  0.50   99183      13   99176  6835748  68.92
  2016           9      0.00011  0.00011  0.50   99170      11   99164  6736572  67.93
  2016          10      0.00013  0.00013  0.50   99158      13   99152  6637408  66.94
  2016          11      0.00013  0.00013  0.50   99146      13   99139  6538256  65.95
  2016          12      0.00014  0.00014  0.50   99133      14   99126  6439116  64.95
  2016          13      0.00018  0.00018  0.50   99119      18   99110  6339990  63.96
  2016          14      0.00024  0.00024  0.50   99101      24   99089  6240881  62.97
  2016          15      0.00035  0.00035  0.50   99077      35   99060  6141791  61.99
  2016          16      0.00048  0.00048  0.50   99043      48   99019  6042731  61.01
  2016          17      0.00065  0.00065  0.50   98995      65   98963  5943713  60.04
  2016          18      0.00091  0.00091  0.50   98930      90   98885  5844750  59.08
  2016          19      0.00104  0.00104  0.50   98840     103   98789  5745865  58.13
  2016          20      0.00114  0.00114  0.50   98737     113   98681  5647076  57.19
  2016          21      0.00136  0.00136  0.50   98625     134   98558  5548395  56.26
  2016          22      0.00142  0.00142  0.50   98491     139   98421  5449838  55.33
  2016          23      0.00151  0.00151  0.50   98351     149   98277  5351417  54.41
  2016          24      0.00159  0.00159  0.50   98203     156   98125  5253140  53.49
  2016          25      0.00166  0.00166  0.50   98047     163   97965  5155015  52.58
  2016          26      0.00163  0.00163  0.50   97884     159   97804  5057050  51.66
  2016          27      0.00175  0.00175  0.50   97725     171   97639  4959245  50.75
  2016          28      0.00186  0.00186  0.50   97554     181   97463  4861606  49.84
  2016          29      0.00179  0.00179  0.50   97372     174   97285  4764143  48.93
  2016          30      0.00182  0.00182  0.50   97199     177   97110  4666858  48.01
  2016          31      0.00184  0.00184  0.50   97021     179   96932  4569748  47.10
  2016          32      0.00194  0.00194  0.50   96843     187   96749  4472816  46.19
  2016          33      0.00195  0.00195  0.50   96655     188   96561  4376067  45.27
  2016          34      0.00204  0.00203  0.50   96467     196   96369  4279505  44.36
  2016          35      0.00208  0.00207  0.50   96271     200   96171  4183136  43.45
  2016          36      0.00213  0.00212  0.50   96071     204   95969  4086965  42.54
  2016          37      0.00220  0.00220  0.50   95867     211   95762  3990996  41.63
  2016          38      0.00229  0.00229  0.50   95656     219   95547  3895235  40.72
  2016          39      0.00234  0.00234  0.50   95437     223   95326  3799688  39.81
  2016          40      0.00242  0.00242  0.50   95214     230   95099  3704362  38.91
  2016          41      0.00250  0.00250  0.50   94984     237   94865  3609263  38.00
  2016          42      0.00259  0.00259  0.50   94747     245   94624  3514397  37.09
  2016          43      0.00292  0.00292  0.50   94502     275   94364  3419773  36.19
  2016          44      0.00308  0.00308  0.50   94226     290   94081  3325409  35.29
  2016          45      0.00328  0.00327  0.50   93936     308   93782  3231328  34.40
  2016          46      0.00352  0.00351  0.50   93629     329   93464  3137546  33.51
  2016          47      0.00376  0.00375  0.50   93300     350   93125  3044082  32.63
  2016          48      0.00418  0.00418  0.50   92950     388   92756  2950957  31.75
  2016          49      0.00450  0.00449  0.50   92562     416   92354  2858202  30.88
  2016          50      0.00507  0.00505  0.50   92146     466   91913  2765848  30.02
  2016          51      0.00536  0.00534  0.50   91680     490   91435  2673935  29.17
  2016          52      0.00607  0.00606  0.50   91190     552   90914  2582500  28.32
  2016          53      0.00656  0.00654  0.50   90638     593   90342  2491586  27.49
  2016          54      0.00719  0.00717  0.50   90045     645   89723  2401244  26.67
  2016          55      0.00789  0.00786  0.50   89400     703   89049  2311521  25.86
  2016          56      0.00831  0.00828  0.50   88697     734   88330  2222473  25.06
  2016          57      0.00913  0.00909  0.50   87963     800   87563  2134143  24.26
  2016          58      0.00980  0.00976  0.50   87163     850   86738  2046580  23.48
  2016          59      0.01068  0.01063  0.50   86313     917   85854  1959841  22.71
  2016          60      0.01149  0.01143  0.50   85396     976   84908  1873987  21.94
  2016          61      0.01228  0.01221  0.50   84420    1031   83904  1789080  21.19
  2016          62      0.01309  0.01300  0.50   83389    1084   82847  1705175  20.45
  2016          63      0.01389  0.01379  0.50   82305    1135   81737  1622328  19.71
  2016          64      0.01506  0.01494  0.50   81170    1213   80563  1540591  18.98
  2016          65      0.01590  0.01577  0.50   79957    1261   79326  1460028  18.26
  2016          66      0.01650  0.01637  0.50   78696    1288   78052  1380701  17.54
  2016          67      0.01759  0.01743  0.50   77408    1350   76733  1302649  16.83
  2016          68      0.01905  0.01887  0.50   76058    1435   75341  1225916  16.12
  2016          69      0.02057  0.02036  0.50   74623    1520   73863  1150576  15.42
  2016          70      0.02232  0.02208  0.50   73104    1614   72297  1076712  14.73
  2016          71      0.02428  0.02399  0.50   71490    1715   70632  1004416  14.05
  2016          72      0.02694  0.02659  0.50   69775    1855   68847   933784  13.38
  2016          73      0.02928  0.02886  0.50   67920    1960   66940   864936  12.73
  2016          74      0.03217  0.03166  0.50   65960    2088   64916   797996  12.10
  2016          75      0.03567  0.03504  0.50   63872    2238   62753   733081  11.48
  2016          76      0.03814  0.03742  0.50   61634    2307   60480   670328  10.88
  2016          77      0.04193  0.04107  0.50   59327    2437   58109   609848  10.28
  2016          78      0.04567  0.04465  0.50   56890    2540   55620   551739   9.70
  2016          79      0.05070  0.04944  0.50   54350    2687   53007   496119   9.13
  2016          80      0.05698  0.05540  0.50   51663    2862   50232   443112   8.58
  2016          81      0.06088  0.05908  0.50   48801    2883   47359   392880   8.05
  2016          82      0.06669  0.06454  0.50   45918    2963   44436   345521   7.52
  2016          83      0.07486  0.07215  0.50   42954    3099   41404   301085   7.01
  2016          84      0.08527  0.08178  0.50   39855    3259   38225   259681   6.52
  2016          85      0.09530  0.09097  0.50   36595    3329   34931   221455   6.05
  2016          86      0.10896  0.10333  0.50   33267    3437   31548   186524   5.61
  2016          87      0.12212  0.11509  0.50   29829    3433   28113   154977   5.20
  2016          88      0.13770  0.12883  0.50   26396    3401   24696   126864   4.81
  2016          89      0.15700  0.14557  0.50   22996    3347   21322   102168   4.44
  2016          90      0.17590  0.16168  0.50   19648    3177   18060    80846   4.11
  2016          91      0.19681  0.17917  0.50   16471    2951   14996    62787   3.81
  2016          92      0.21839  0.19689  0.50   13520    2662   12189    47791   3.53
  2016          93      0.24400  0.21747  0.50   10858    2361    9677    35602   3.28
  2016          94      0.26894  0.23706  0.50    8497    2014    7490    25924   3.05
  2016          95      0.29286  0.25545  0.50    6483    1656    5655    18435   2.84
  2016          96      0.32130  0.27683  0.50    4827    1336    4158    12780   2.65
  2016          97      0.35114  0.29870  0.50    3490    1043    2969     8622   2.47
  2016          98      0.38218  0.32087  0.50    2448     785    2055     5653   2.31
  2016          99      0.41422  0.34315  0.50    1662     570    1377     3598   2.16
  2016         100      0.44700  0.36535  0.50    1092     399     892     2220   2.03
  2016         101      0.48025  0.38726  0.50     693     268     559     1328   1.92
  2016         102      0.51368  0.40870  0.50     425     174     338      769   1.81
  2016         103      0.54698  0.42951  0.50     251     108     197      431   1.72
  2016         104      0.57986  0.44953  0.50     143      64     111      234   1.63
  2016         105      0.61206  0.46864  0.50      79      37      60      123   1.56
  2016         106      0.64330  0.48674  0.50      42      20      32       63   1.49
  2016         107      0.67337  0.50376  0.50      22      11      16       31   1.44
  2016         108      0.70208  0.51966  0.50      11       6       8       15   1.39
  2016         109      0.72928  0.53441  0.50       5       3       4        7   1.35
  2016         110+     0.75486  1.00000  1.32       2       2       3        3   1.32
  2017           0      0.00662  0.00658  0.14  100000     658   99432  7625546  76.26
  2017           1      0.00045  0.00045  0.50   99342      44   99320  7526114  75.76
  2017           2      0.00029  0.00029  0.50   99298      29   99283  7426795  74.79
  2017           3      0.00023  0.00023  0.50   99268      23   99257  7327511  73.82
  2017           4      0.00016  0.00016  0.50   99246      16   99237  7228254  72.83
  2017           5      0.00015  0.00015  0.50   99229      15   99222  7129017  71.84
  2017           6      0.00012  0.00012  0.50   99215      12   99209  7029795  70.85
  2017           7      0.00013  0.00013  0.50   99203      13   99197  6930586  69.86
  2017           8      0.00012  0.00012  0.50   99190      12   99184  6831389  68.87
  2017           9      0.00011  0.00011  0.50   99178      11   99173  6732205  67.88
  2017          10      0.00013  0.00013  0.50   99167      13   99160  6633033  66.89
  2017          11      0.00014  0.00014  0.50   99154      14   99147  6533872  65.90
  2017          12      0.00017  0.00017  0.50   99140      17   99131  6434725  64.91
  2017          13      0.00020  0.00020  0.50   99123      19   99113  6335594  63.92
  2017          14      0.00026  0.00026  0.50   99103      26   99090  6236481  62.93
  2017          15      0.00037  0.00037  0.50   99078      36   99059  6137390  61.95
  2017          16      0.00053  0.00053  0.50   99041      52   99015  6038331  60.97
  2017          17      0.00063  0.00063  0.50   98989      62   98958  5939316  60.00
  2017          18      0.00089  0.00089  0.50   98927      88   98882  5840358  59.04
  2017          19      0.00106  0.00106  0.50   98838     105   98786  5741476  58.09
  2017          20      0.00115  0.00115  0.50   98733     114   98676  5642690  57.15
  2017          21      0.00125  0.00125  0.50   98620     123   98558  5544013  56.22
  2017          22      0.00136  0.00136  0.50   98496     134   98429  5445455  55.29
  2017          23      0.00148  0.00148  0.50   98362     145   98289  5347027  54.36
  2017          24      0.00157  0.00157  0.50   98216     155   98139  5248737  53.44
  2017          25      0.00165  0.00165  0.50   98062     162   97981  5150598  52.52
  2017          26      0.00175  0.00175  0.50   97900     171   97815  5052617  51.61
  2017          27      0.00179  0.00179  0.50   97729     175   97641  4954803  50.70
  2017          28      0.00187  0.00187  0.50   97554     182   97463  4857161  49.79
  2017          29      0.00189  0.00189  0.50   97371     184   97279  4759699  48.88
  2017          30      0.00186  0.00186  0.50   97187     181   97097  4662419  47.97
  2017          31      0.00194  0.00194  0.50   97007     188   96913  4565322  47.06
  2017          32      0.00202  0.00202  0.50   96819     195   96721  4468409  46.15
  2017          33      0.00206  0.00206  0.50   96623     199   96524  4371688  45.24
  2017          34      0.00211  0.00211  0.50   96424     204   96322  4275165  44.34
  2017          35      0.00216  0.00216  0.50   96220     208   96116  4178842  43.43
  2017          36      0.00221  0.00221  0.50   96012     212   95906  4082726  42.52
  2017          37      0.00230  0.00229  0.50   95800     220   95690  3986820  41.62
  2017          38      0.00234  0.00233  0.50   95580     223   95469  3891129  40.71
  2017          39      0.00243  0.00243  0.50   95357     232   95242  3795660  39.80
  2017          40      0.00262  0.00261  0.50   95126     249   95001  3700419  38.90
  2017          41      0.00259  0.00258  0.50   94877     245   94755  3605417  38.00
  2017          42      0.00269  0.00269  0.50   94632     254   94505  3510663  37.10
  2017          43      0.00284  0.00284  0.50   94378     268   94244  3416158  36.20
  2017          44      0.00301  0.00301  0.50   94110     283   93968  3321914  35.30
  2017          45      0.00346  0.00346  0.50   93827     325   93665  3227946  34.40
  2017          46      0.00359  0.00358  0.50   93502     335   93335  3134281  33.52
  2017          47      0.00390  0.00389  0.50   93168     363   92986  3040946  32.64
  2017          48      0.00408  0.00407  0.50   92805     378   92616  2947960  31.77
  2017          49      0.00444  0.00443  0.50   92427     409   92222  2855344  30.89
  2017          50      0.00502  0.00501  0.50   92018     461   91787  2763122  30.03
  2017          51      0.00546  0.00545  0.50   91557     499   91307  2671334  29.18
  2017          52      0.00589  0.00587  0.50   91058     535   90790  2580027  28.33
  2017          53      0.00652  0.00649  0.50   90523     588   90229  2489237  27.50
  2017          54      0.00708  0.00706  0.50   89935     635   89618  2399008  26.67
  2017          55      0.00789  0.00786  0.50   89301     702   88950  2309390  25.86
  2017          56      0.00830  0.00827  0.50   88599     733   88233  2220440  25.06
  2017          57      0.00905  0.00901  0.50   87866     791   87471  2132207  24.27
  2017          58      0.00966  0.00962  0.50   87075     837   86656  2044737  23.48
  2017          59      0.01059  0.01054  0.50   86238     909   85783  1958080  22.71
  2017          60      0.01166  0.01159  0.50   85329     989   84834  1872297  21.94
  2017          61      0.01205  0.01198  0.50   84340    1010   83835  1787463  21.19
  2017          62      0.01298  0.01290  0.50   83330    1075   82792  1703628  20.44
  2017          63      0.01404  0.01394  0.50   82255    1147   81682  1620835  19.70
  2017          64      0.01501  0.01489  0.50   81109    1208   80505  1539153  18.98
  2017          65      0.01607  0.01595  0.50   79901    1274   79263  1458649  18.26
  2017          66      0.01658  0.01645  0.50   78626    1293   77980  1379385  17.54
  2017          67      0.01777  0.01761  0.50   77333    1362   76652  1301405  16.83
  2017          68      0.01882  0.01865  0.50   75971    1417   75263  1224753  16.12
  2017          69      0.02049  0.02029  0.50   74555    1512   73798  1149490  15.42
  2017          70      0.02234  0.02209  0.50   73042    1614   72235  1075692  14.73
  2017          71      0.02417  0.02389  0.50   71428    1706   70575  1003456  14.05
  2017          72      0.02615  0.02581  0.50   69722    1799   68823   932881  13.38
  2017          73      0.02920  0.02878  0.50   67923    1955   66945   864059  12.72
  2017          74      0.03224  0.03173  0.50   65968    2093   64921   797113  12.08
  2017          75      0.03523  0.03462  0.50   63875    2211   62769   732192  11.46
  2017          76      0.03783  0.03713  0.50   61664    2290   60519   669422  10.86
  2017          77      0.04185  0.04099  0.50   59374    2434   58157   608903  10.26
  2017          78      0.04595  0.04492  0.50   56940    2557   55661   550746   9.67
  2017          79      0.05126  0.04998  0.50   54383    2718   53024   495085   9.10
  2017          80      0.05704  0.05546  0.50   51665    2865   50232   442061   8.56
  2017          81      0.06233  0.06045  0.50   48799    2950   47325   391829   8.03
  2017          82      0.06835  0.06609  0.50   45850    3030   44334   344505   7.51
  2017          83      0.07507  0.07235  0.50   42819    3098   41270   300170   7.01
  2017          84      0.08461  0.08117  0.50   39721    3224   38109   258900   6.52
  2017          85      0.09520  0.09088  0.50   36497    3317   34839   220791   6.05
  2017          86      0.10800  0.10246  0.50   33180    3400   31480   185952   5.60
  2017          87      0.12265  0.11556  0.50   29780    3441   28060   154472   5.19
  2017          88      0.13811  0.12919  0.50   26339    3403   24638   126412   4.80
  2017          89      0.15609  0.14479  0.50   22936    3321   21276   101774   4.44
  2017          90      0.17586  0.16165  0.50   19615    3171   18030    80499   4.10
  2017          91      0.19473  0.17745  0.50   16445    2918   14985    62469   3.80
  2017          92      0.22383  0.20130  0.50   13526    2723   12165    47483   3.51
  2017          93      0.24378  0.21729  0.50   10804    2348    9630    35318   3.27
  2017          94      0.27102  0.23868  0.50    8456    2018    7447    25688   3.04
  2017          95      0.29420  0.25647  0.50    6438    1651    5612    18242   2.83
  2017          96      0.32274  0.27790  0.50    4787    1330    4122    12629   2.64
  2017          97      0.35267  0.29980  0.50    3456    1036    2938     8508   2.46
  2017          98      0.38380  0.32200  0.50    2420     779    2031     5570   2.30
  2017          99      0.41591  0.34431  0.50    1641     565    1358     3539   2.16
  2017         100      0.44875  0.36651  0.50    1076     394     879     2181   2.03
  2017         101      0.48204  0.38842  0.50     682     265     549     1302   1.91
  2017         102      0.51549  0.40986  0.50     417     171     331      753   1.81
  2017         103      0.54881  0.43064  0.50     246     106     193      421   1.71
  2017         104      0.58169  0.45063  0.50     140      63     109      228   1.63
  2017         105      0.61387  0.46970  0.50      77      36      59      120   1.56
  2017         106      0.64508  0.48776  0.50      41      20      31       61   1.49
  2017         107      0.67510  0.50473  0.50      21      11      16       30   1.43
  2017         108      0.70375  0.52057  0.50      10       5       8       14   1.39
  2017         109      0.73088  0.53527  0.50       5       3       4        7   1.35
  2017         110+     0.75638  1.00000  1.32       2       2       3        3   1.32
  2018           0      0.00656  0.00652  0.14  100000     652   99437  7641023  76.41
  2018           1      0.00044  0.00044  0.50   99348      44   99326  7541587  75.91
  2018           2      0.00031  0.00031  0.50   99304      31   99289  7442261  74.94
  2018           3      0.00023  0.00023  0.50   99273      23   99262  7342972  73.97
  2018           4      0.00017  0.00017  0.50   99250      17   99242  7243710  72.98
  2018           5      0.00015  0.00015  0.50   99233      14   99226  7144469  72.00
  2018           6      0.00012  0.00012  0.50   99219      12   99213  7045242  71.01
  2018           7      0.00012  0.00012  0.50   99207      12   99201  6946029  70.02
  2018           8      0.00011  0.00011  0.50   99195      11   99190  6846828  69.02
  2018           9      0.00013  0.00013  0.50   99184      13   99178  6747639  68.03
  2018          10      0.00011  0.00011  0.50   99171      11   99166  6648461  67.04
  2018          11      0.00011  0.00011  0.50   99160      11   99155  6549296  66.05
  2018          12      0.00015  0.00015  0.50   99149      15   99142  6450141  65.05
  2018          13      0.00018  0.00018  0.50   99134      18   99125  6351000  64.06
  2018          14      0.00026  0.00026  0.50   99116      26   99103  6251874  63.08
  2018          15      0.00036  0.00036  0.50   99090      36   99072  6152771  62.09
  2018          16      0.00047  0.00047  0.50   99055      46   99031  6053699  61.11
  2018          17      0.00064  0.00064  0.50   99008      63   98977  5954667  60.14
  2018          18      0.00086  0.00086  0.50   98945      85   98902  5855690  59.18
  2018          19      0.00093  0.00092  0.50   98860      91   98814  5756788  58.23
  2018          20      0.00104  0.00104  0.50   98768     103   98717  5657974  57.29
  2018          21      0.00122  0.00121  0.50   98666     120   98606  5559257  56.34
  2018          22      0.00132  0.00132  0.50   98546     130   98481  5460651  55.41
  2018          23      0.00140  0.00139  0.50   98416     137   98348  5362170  54.48
  2018          24      0.00149  0.00149  0.50   98279     146   98206  5263823  53.56
  2018          25      0.00155  0.00155  0.50   98133     152   98057  5165617  52.64
  2018          26      0.00163  0.00163  0.50   97981     160   97901  5067560  51.72
  2018          27      0.00177  0.00177  0.50   97821     173   97734  4969659  50.80
  2018          28      0.00181  0.00181  0.50   97648     176   97560  4871925  49.89
  2018          29      0.00181  0.00181  0.50   97471     176   97383  4774365  48.98
  2018          30      0.00191  0.00191  0.50   97295     185   97202  4676982  48.07
  2018          31      0.00187  0.00187  0.50   97109     182   97019  4579780  47.16
  2018          32      0.00192  0.00192  0.50   96928     186   96835  4482761  46.25
  2018          33      0.00197  0.00196  0.50   96742     190   96647  4385926  45.34
  2018          34      0.00202  0.00202  0.50   96552     195   96455  4289279  44.42
  2018          35      0.00217  0.00217  0.50   96357     209   96253  4192825  43.51
  2018          36      0.00215  0.00215  0.50   96148     207   96045  4096572  42.61
  2018          37      0.00226  0.00225  0.50   95941     216   95833  4000527  41.70
  2018          38      0.00240  0.00239  0.50   95725     229   95611  3904694  40.79
  2018          39      0.00246  0.00246  0.50   95496     235   95379  3809084  39.89
  2018          40      0.00258  0.00258  0.50   95261     246   95139  3713705  38.98
  2018          41      0.00261  0.00260  0.50   95016     247   94892  3618566  38.08
  2018          42      0.00270  0.00270  0.50   94768     256   94641  3523674  37.18
  2018          43      0.00281  0.00280  0.50   94513     265   94380  3429034  36.28
  2018          44      0.00310  0.00309  0.50   94248     291   94102  3334653  35.38
  2018          45      0.00339  0.00338  0.50   93956     318   93797  3240551  34.49
  2018          46      0.00363  0.00363  0.50   93638     339   93469  3146754  33.61
  2018          47      0.00383  0.00382  0.50   93299     356   93121  3053285  32.73
  2018          48      0.00412  0.00411  0.50   92943     382   92751  2960164  31.85
  2018          49      0.00446  0.00445  0.50   92560     412   92354  2867413  30.98
  2018          50      0.00497  0.00496  0.50   92148     457   91920  2775058  30.12
  2018          51      0.00523  0.00522  0.50   91692     478   91452  2683138  29.26
  2018          52      0.00585  0.00583  0.50   91213     532   90947  2591686  28.41
  2018          53      0.00634  0.00632  0.50   90681     573   90395  2500739  27.58
  2018          54      0.00699  0.00697  0.50   90108     628   89794  2410344  26.75
  2018          55      0.00780  0.00777  0.50   89480     695   89133  2320550  25.93
  2018          56      0.00835  0.00831  0.50   88786     738   88417  2231417  25.13
  2018          57      0.00904  0.00900  0.50   88047     792   87651  2143001  24.34
  2018          58      0.00972  0.00967  0.50   87255     844   86833  2055349  23.56
  2018          59      0.01042  0.01037  0.50   86411     896   85963  1968516  22.78
  2018          60      0.01150  0.01144  0.50   85515     978   85026  1882553  22.01
  2018          61      0.01215  0.01208  0.50   84537    1021   84027  1797527  21.26
  2018          62      0.01312  0.01304  0.50   83516    1089   82972  1713500  20.52
  2018          63      0.01413  0.01403  0.50   82428    1157   81849  1630528  19.78
  2018          64      0.01493  0.01482  0.50   81271    1204   80669  1548679  19.06
  2018          65      0.01607  0.01595  0.50   80067    1277   79428  1468010  18.33
  2018          66      0.01707  0.01692  0.50   78790    1333   78123  1388582  17.62
  2018          67      0.01783  0.01767  0.50   77457    1369   76772  1310459  16.92
  2018          68      0.01876  0.01859  0.50   76088    1414   75380  1233687  16.21
  2018          69      0.02050  0.02029  0.50   74673    1515   73916  1158306  15.51
  2018          70      0.02245  0.02220  0.50   73158    1624   72346  1084390  14.82
  2018          71      0.02393  0.02364  0.50   71534    1691   70688  1012044  14.15
  2018          72      0.02622  0.02588  0.50   69843    1808   68939   941356  13.48
  2018          73      0.02833  0.02793  0.50   68035    1900   67085   872417  12.82
  2018          74      0.03178  0.03128  0.50   66135    2069   65100   805332  12.18
  2018          75      0.03553  0.03491  0.50   64066    2236   62948   740231  11.55
  2018          76      0.03813  0.03741  0.50   61830    2313   60673   677284  10.95
  2018          77      0.04189  0.04103  0.50   59517    2442   58296   616610  10.36
  2018          78      0.04512  0.04412  0.50   57075    2518   55815   558315   9.78
  2018          79      0.05018  0.04895  0.50   54556    2670   53221   502499   9.21
  2018          80      0.05666  0.05510  0.50   51886    2859   50457   449278   8.66
  2018          81      0.06131  0.05949  0.50   49027    2916   47569   398822   8.13
  2018          82      0.06881  0.06652  0.50   46111    3067   44577   351253   7.62
  2018          83      0.07382  0.07120  0.50   43043    3064   41511   306676   7.12
  2018          84      0.08168  0.07847  0.50   39979    3137   38410   265164   6.63
  2018          85      0.09240  0.08832  0.50   36842    3254   35215   226754   6.15
  2018          86      0.10449  0.09930  0.50   33588    3335   31920   191540   5.70
  2018          87      0.11749  0.11097  0.50   30253    3357   28574   159619   5.28
  2018          88      0.13589  0.12725  0.50   26895    3422   25184   131045   4.87
  2018          89      0.15172  0.14102  0.50   23473    3310   21818   105861   4.51
  2018          90      0.17131  0.15779  0.50   20163    3182   18572    84043   4.17
  2018          91      0.19283  0.17587  0.50   16981    2987   15488    65471   3.86
  2018          92      0.21435  0.19360  0.50   13995    2709   12640    49983   3.57
  2018          93      0.24342  0.21701  0.50   11285    2449   10061    37343   3.31
  2018          94      0.26702  0.23557  0.50    8836    2082    7796    27282   3.09
  2018          95      0.28769  0.25151  0.50    6755    1699    5905    19487   2.88
  2018          96      0.31568  0.27265  0.50    5056    1378    4367    13582   2.69
  2018          97      0.34508  0.29430  0.50    3677    1082    3136     9215   2.51
  2018          98      0.37572  0.31630  0.50    2595     821    2185     6079   2.34
  2018          99      0.40738  0.33844  0.50    1774     600    1474     3894   2.19
  2018         100      0.43983  0.36054  0.50    1174     423     962     2420   2.06
  2018         101      0.47280  0.38240  0.50     751     287     607     1458   1.94
  2018         102      0.50601  0.40384  0.50     464     187     370      851   1.83
  2018         103      0.53917  0.42468  0.50     276     117     218      481   1.74
  2018         104      0.57199  0.44478  0.50     159      71     124      263   1.65
  2018         105      0.60418  0.46401  0.50      88      41      68      139   1.58
  2018         106      0.63550  0.48226  0.50      47      23      36       71   1.51
  2018         107      0.66571  0.49946  0.50      24      12      18       36   1.45
  2018         108      0.69461  0.51556  0.50      12       6       9       17   1.40
  2018         109      0.72207  0.53053  0.50       6       3       4        8   1.36
  2018         110+     0.74795  1.00000  1.34       3       3       4        4   1.34
  2019           0      0.00640  0.00636  0.14  100000     636   99451  7653449  76.53
  2019           1      0.00044  0.00044  0.50   99364      44   99342  7553998  76.02
  2019           2      0.00027  0.00027  0.50   99320      26   99307  7454656  75.06
  2019           3      0.00020  0.00020  0.50   99293      20   99284  7355349  74.08
  2019           4      0.00015  0.00015  0.50   99274      15   99266  7256066  73.09
  2019           5      0.00014  0.00014  0.50   99259      14   99252  7156799  72.10
  2019           6      0.00013  0.00013  0.50   99245      13   99238  7057548  71.11
  2019           7      0.00012  0.00012  0.50   99232      12   99226  6958310  70.12
  2019           8      0.00012  0.00012  0.50   99220      12   99214  6859084  69.13
  2019           9      0.00012  0.00012  0.50   99208      11   99202  6759870  68.14
  2019          10      0.00014  0.00014  0.50   99196      13   99190  6660668  67.15
  2019          11      0.00014  0.00014  0.50   99183      14   99176  6561479  66.16
  2019          12      0.00016  0.00016  0.50   99169      16   99161  6462303  65.16
  2019          13      0.00018  0.00018  0.50   99153      18   99144  6363142  64.17
  2019          14      0.00024  0.00024  0.50   99135      24   99123  6263998  63.19
  2019          15      0.00034  0.00034  0.50   99111      34   99094  6164875  62.20
  2019          16      0.00047  0.00047  0.50   99077      47   99054  6065780  61.22
  2019          17      0.00061  0.00061  0.50   99030      61   99000  5966727  60.25
  2019          18      0.00086  0.00086  0.50   98970      86   98927  5867727  59.29
  2019          19      0.00095  0.00095  0.50   98884      93   98837  5768800  58.34
  2019          20      0.00106  0.00106  0.50   98790     104   98738  5669963  57.39
  2019          21      0.00125  0.00125  0.50   98686     124   98624  5571224  56.45
  2019          22      0.00130  0.00130  0.50   98562     128   98498  5472600  55.52
  2019          23      0.00135  0.00135  0.50   98434     133   98368  5374102  54.60
  2019          24      0.00142  0.00142  0.50   98301     140   98231  5275734  53.67
  2019          25      0.00156  0.00156  0.50   98161     153   98085  5177503  52.74
  2019          26      0.00164  0.00164  0.50   98009     160   97928  5079418  51.83
  2019          27      0.00169  0.00169  0.50   97848     165   97766  4981489  50.91
  2019          28      0.00180  0.00180  0.50   97683     175   97595  4883724  50.00
  2019          29      0.00186  0.00186  0.50   97508     181   97417  4786128  49.08
  2019          30      0.00191  0.00191  0.50   97327     185   97234  4688711  48.18
  2019          31      0.00193  0.00193  0.50   97141     187   97047  4591478  47.27
  2019          32      0.00194  0.00194  0.50   96954     188   96860  4494430  46.36
  2019          33      0.00199  0.00199  0.50   96766     192   96670  4397570  45.45
  2019          34      0.00210  0.00210  0.50   96574     202   96472  4300901  44.53
  2019          35      0.00217  0.00217  0.50   96371     209   96267  4204428  43.63
  2019          36      0.00222  0.00222  0.50   96162     214   96055  4108162  42.72
  2019          37      0.00234  0.00233  0.50   95949     224   95837  4012107  41.82
  2019          38      0.00245  0.00244  0.50   95725     234   95608  3916270  40.91
  2019          39      0.00249  0.00249  0.50   95491     238   95372  3820662  40.01
  2019          40      0.00279  0.00278  0.50   95253     265   95120  3725291  39.11
  2019          41      0.00268  0.00268  0.50   94988     254   94861  3630171  38.22
  2019          42      0.00288  0.00287  0.50   94733     272   94597  3535310  37.32
  2019          43      0.00288  0.00288  0.50   94461     272   94325  3440713  36.42
  2019          44      0.00306  0.00306  0.50   94189     288   94045  3346388  35.53
  2019          45      0.00337  0.00336  0.50   93901     316   93743  3252342  34.64
  2019          46      0.00358  0.00357  0.50   93586     334   93419  3158599  33.75
  2019          47      0.00389  0.00388  0.50   93252     362   93071  3065180  32.87
  2019          48      0.00416  0.00415  0.50   92889     386   92697  2972110  32.00
  2019          49      0.00445  0.00444  0.50   92504     410   92298  2879413  31.13
  2019          50      0.00493  0.00492  0.50   92093     453   91867  2787115  30.26
  2019          51      0.00532  0.00531  0.50   91640     487   91397  2695248  29.41
  2019          52      0.00581  0.00580  0.50   91153     528   90889  2603851  28.57
  2019          53      0.00614  0.00612  0.50   90625     555   90348  2512962  27.73
  2019          54      0.00690  0.00688  0.50   90070     620   89761  2422614  26.90
  2019          55      0.00775  0.00772  0.50   89451     691   89105  2332854  26.08
  2019          56      0.00821  0.00818  0.50   88760     726   88397  2243748  25.28
  2019          57      0.00895  0.00891  0.50   88034     785   87642  2155351  24.48
  2019          58      0.00956  0.00951  0.50   87250     830   86834  2067709  23.70
  2019          59      0.01042  0.01036  0.50   86419     896   85972  1980875  22.92
  2019          60      0.01125  0.01119  0.50   85524     957   85045  1894903  22.16
  2019          61      0.01210  0.01203  0.50   84567    1017   84058  1809858  21.40
  2019          62      0.01311  0.01303  0.50   83549    1088   83005  1725800  20.66
  2019          63      0.01395  0.01386  0.50   82461    1143   81890  1642795  19.92
  2019          64      0.01472  0.01461  0.50   81318    1188   80724  1560905  19.19
  2019          65      0.01596  0.01583  0.50   80130    1269   79496  1480181  18.47
  2019          66      0.01692  0.01678  0.50   78861    1323   78200  1400685  17.76
  2019          67      0.01801  0.01785  0.50   77538    1384   76846  1322485  17.06
  2019          68      0.01888  0.01870  0.50   76154    1424   75442  1245639  16.36
  2019          69      0.01997  0.01977  0.50   74730    1477   73992  1170197  15.66
  2019          70      0.02213  0.02189  0.50   73253    1603   72451  1096205  14.96
  2019          71      0.02370  0.02343  0.50   71650    1679   70810  1023754  14.29
  2019          72      0.02566  0.02534  0.50   69971    1773   69084   952944  13.62
  2019          73      0.02799  0.02760  0.50   68198    1883   67257   883860  12.96
  2019          74      0.03041  0.02995  0.50   66315    1986   65322   816603  12.31
  2019          75      0.03464  0.03405  0.50   64329    2191   63234   751281  11.68
  2019          76      0.03748  0.03679  0.50   62138    2286   60995   688047  11.07
  2019          77      0.04115  0.04032  0.50   59852    2413   58645   627052  10.48
  2019          78      0.04475  0.04377  0.50   57439    2514   56182   568407   9.90
  2019          79      0.04921  0.04802  0.50   54924    2638   53606   512225   9.33
  2019          80      0.05544  0.05394  0.50   52287    2820   50877   458619   8.77
  2019          81      0.06101  0.05921  0.50   49466    2929   48002   407743   8.24
  2019          82      0.06748  0.06528  0.50   46538    3038   45019   359741   7.73
  2019          83      0.07515  0.07243  0.50   43500    3151   41924   314722   7.24
  2019          84      0.08161  0.07841  0.50   40349    3164   38767   272798   6.76
  2019          85      0.08864  0.08488  0.50   37185    3156   35607   234031   6.29
  2019          86      0.10021  0.09543  0.50   34029    3247   32405   198424   5.83
  2019          87      0.11511  0.10885  0.50   30782    3350   29106   166018   5.39
  2019          88      0.12973  0.12183  0.50   27431    3342   25760   136912   4.99
  2019          89      0.14684  0.13679  0.50   24089    3295   22442   111151   4.61
  2019          90      0.16463  0.15211  0.50   20794    3163   19213    88710   4.27
  2019          91      0.18627  0.17040  0.50   17631    3004   16129    69497   3.94
  2019          92      0.20987  0.18994  0.50   14627    2778   13238    53368   3.65
  2019          93      0.23623  0.21128  0.50   11849    2503   10597    40131   3.39
  2019          94      0.26275  0.23224  0.50    9345    2170    8260    29534   3.16
  2019          95      0.27836  0.24435  0.50    7175    1753    6298    21274   2.96
  2019          96      0.30536  0.26491  0.50    5422    1436    4704    14975   2.76
  2019          97      0.33375  0.28602  0.50    3985    1140    3415    10272   2.58
  2019          98      0.36341  0.30753  0.50    2846     875    2408     6856   2.41
  2019          99      0.39414  0.32926  0.50    1970     649    1646     4448   2.26
  2019         100      0.42574  0.35102  0.50    1322     464    1090     2802   2.12
  2019         101      0.45795  0.37263  0.50     858     320     698     1712   2.00
  2019         102      0.49052  0.39391  0.50     538     212     432     1015   1.89
  2019         103      0.52317  0.41469  0.50     326     135     259      582   1.79
  2019         104      0.55562  0.43482  0.50     191      83     149      324   1.70
  2019         105      0.58761  0.45417  0.50     108      49      83      175   1.62
  2019         106      0.61887  0.47262  0.50      59      28      45       91   1.55
  2019         107      0.64917  0.49010  0.50      31      15      23       46   1.49
  2019         108      0.67832  0.50653  0.50      16       8      12       23   1.43
  2019         109      0.70615  0.52188  0.50       8       4       6       11   1.39
  2019         110+     0.73251  1.00000  1.37       4       4       5        5   1.37
  2020           0      0.00585  0.00582  0.14  100000     582   99498  7440204  74.40
  2020           1      0.00042  0.00042  0.50   99418      41   99397  7340706  73.84
  2020           2      0.00026  0.00026  0.50   99377      26   99364  7241309  72.87
  2020           3      0.00021  0.00021  0.50   99350      21   99340  7141945  71.89
  2020           4      0.00015  0.00015  0.50   99329      15   99322  7042605  70.90
  2020           5      0.00015  0.00015  0.50   99314      15   99307  6943283  69.91
  2020           6      0.00012  0.00012  0.50   99299      12   99293  6843977  68.92
  2020           7      0.00012  0.00012  0.50   99287      12   99281  6744684  67.93
  2020           8      0.00010  0.00010  0.50   99275      10   99270  6645403  66.94
  2020           9      0.00011  0.00011  0.50   99265      11   99259  6546132  65.95
  2020          10      0.00013  0.00013  0.50   99254      13   99247  6446873  64.95
  2020          11      0.00015  0.00015  0.50   99241      15   99234  6347626  63.96
  2020          12      0.00016  0.00016  0.50   99226      16   99218  6248392  62.97
  2020          13      0.00022  0.00022  0.50   99211      22   99200  6149174  61.98
  2020          14      0.00030  0.00030  0.50   99189      30   99174  6049974  60.99
  2020          15      0.00041  0.00041  0.50   99159      40   99138  5950801  60.01
  2020          16      0.00057  0.00057  0.50   99118      57   99090  5851662  59.04
  2020          17      0.00074  0.00074  0.50   99061      74   99025  5752572  58.07
  2020          18      0.00104  0.00104  0.50   98988     103   98936  5653548  57.11
  2020          19      0.00120  0.00120  0.50   98885     119   98825  5554612  56.17
  2020          20      0.00128  0.00128  0.50   98766     126   98702  5455786  55.24
  2020          21      0.00147  0.00147  0.50   98639     145   98567  5357084  54.31
  2020          22      0.00156  0.00156  0.50   98494     154   98417  5258517  53.39
  2020          23      0.00168  0.00167  0.50   98341     165   98258  5160100  52.47
  2020          24      0.00178  0.00178  0.50   98176     175   98088  5061842  51.56
  2020          25      0.00188  0.00188  0.50   98001     184   97909  4963753  50.65
  2020          26      0.00197  0.00196  0.50   97817     192   97721  4865844  49.74
  2020          27      0.00210  0.00210  0.50   97625     205   97522  4768123  48.84
  2020          28      0.00221  0.00221  0.50   97420     215   97312  4670601  47.94
  2020          29      0.00232  0.00232  0.50   97204     225   97092  4573289  47.05
  2020          30      0.00241  0.00241  0.50   96979     233   96862  4476198  46.16
  2020          31      0.00249  0.00248  0.50   96746     240   96626  4379335  45.27
  2020          32      0.00248  0.00248  0.50   96505     239   96386  4282709  44.38
  2020          33      0.00258  0.00258  0.50   96266     248   96142  4186324  43.49
  2020          34      0.00264  0.00263  0.50   96018     253   95892  4090182  42.60
  2020          35      0.00269  0.00269  0.50   95765     258   95636  3994290  41.71
  2020          36      0.00281  0.00280  0.50   95507     268   95374  3898654  40.82
  2020          37      0.00299  0.00298  0.50   95240     284   95098  3803280  39.93
  2020          38      0.00302  0.00302  0.50   94956     287   94813  3708182  39.05
  2020          39      0.00326  0.00326  0.50   94669     308   94515  3613370  38.17
  2020          40      0.00343  0.00343  0.50   94361     324   94199  3518855  37.29
  2020          41      0.00348  0.00348  0.50   94038     327   93874  3424655  36.42
  2020          42      0.00360  0.00359  0.50   93711     336   93542  3330781  35.54
  2020          43      0.00376  0.00375  0.50   93374     350   93199  3237239  34.67
  2020          44      0.00390  0.00390  0.50   93024     363   92843  3144040  33.80
  2020          45      0.00419  0.00419  0.50   92661     388   92467  3051197  32.93
  2020          46      0.00446  0.00445  0.50   92273     411   92068  2958730  32.06
  2020          47      0.00480  0.00478  0.50   91862     440   91643  2866662  31.21
  2020          48      0.00530  0.00529  0.50   91423     484   91181  2775019  30.35
  2020          49      0.00558  0.00556  0.50   90939     506   90686  2683838  29.51
  2020          50      0.00610  0.00608  0.50   90434     550   90159  2593152  28.67
  2020          51      0.00641  0.00639  0.50   89884     574   89597  2502993  27.85
  2020          52      0.00710  0.00708  0.50   89310     632   88994  2413396  27.02
  2020          53      0.00757  0.00754  0.50   88678     669   88344  2324402  26.21
  2020          54      0.00826  0.00823  0.50   88009     724   87647  2236058  25.41
  2020          55      0.00913  0.00909  0.50   87285     793   86888  2148412  24.61
  2020          56      0.00989  0.00984  0.50   86492     851   86066  2061523  23.83
  2020          57      0.01047  0.01042  0.50   85641     892   85195  1975457  23.07
  2020          58      0.01137  0.01130  0.50   84748     958   84269  1890263  22.30
  2020          59      0.01227  0.01219  0.50   83790    1022   83280  1805993  21.55
  2020          60      0.01353  0.01344  0.50   82769    1113   82213  1722714  20.81
  2020          61      0.01443  0.01432  0.50   81656    1169   81072  1640501  20.09
  2020          62      0.01536  0.01524  0.50   80487    1227   79873  1559430  19.37
  2020          63      0.01667  0.01653  0.50   79260    1310   78605  1479556  18.67
  2020          64      0.01756  0.01741  0.50   77950    1357   77271  1400952  17.97
  2020          65      0.01867  0.01850  0.50   76593    1417   75884  1323680  17.28
  2020          66      0.02001  0.01981  0.50   75176    1489   74431  1247796  16.60
  2020          67      0.02115  0.02092  0.50   73686    1542   72915  1173365  15.92
  2020          68      0.02260  0.02235  0.50   72145    1612   71338  1100450  15.25
  2020          69      0.02381  0.02353  0.50   70532    1660   69702  1029111  14.59
  2020          70      0.02605  0.02571  0.50   68872    1771   67987   959409  13.93
  2020          71      0.02777  0.02739  0.50   67101    1838   66182   891423  13.28
  2020          72      0.03037  0.02992  0.50   65263    1953   64287   825240  12.64
  2020          73      0.03257  0.03205  0.50   63311    2029   62296   760953  12.02
  2020          74      0.03650  0.03585  0.50   61282    2197   60183   698657  11.40
  2020          75      0.03922  0.03847  0.50   59085    2273   57948   638474  10.81
  2020          76      0.04426  0.04330  0.50   56812    2460   55582   580525  10.22
  2020          77      0.04865  0.04750  0.50   54352    2581   53061   524943   9.66
  2020          78      0.05392  0.05251  0.50   51771    2718   50411   471882   9.11
  2020          79      0.05801  0.05637  0.50   49052    2765   47670   421470   8.59
  2020          80      0.06473  0.06270  0.50   46287    2902   44836   373801   8.08
  2020          81      0.07087  0.06844  0.50   43385    2969   41900   328965   7.58
  2020          82      0.07849  0.07553  0.50   40415    3053   38889   287064   7.10
  2020          83      0.08782  0.08412  0.50   37363    3143   35791   248175   6.64
  2020          84      0.09772  0.09317  0.50   34220    3188   32626   212384   6.21
  2020          85      0.10553  0.10024  0.50   31032    3111   29476   179758   5.79
  2020          86      0.11274  0.10673  0.50   27921    2980   26431   150282   5.38
  2020          87      0.12808  0.12037  0.50   24941    3002   23440   123851   4.97
  2020          88      0.14633  0.13635  0.50   21939    2991   20443   100411   4.58
  2020          89      0.16514  0.15254  0.50   18948    2890   17502    79968   4.22
  2020          90      0.18747  0.17140  0.50   16057    2752   14681    62465   3.89
  2020          91      0.21175  0.19148  0.50   13305    2548   12031    47784   3.59
  2020          92      0.23737  0.21219  0.50   10757    2283    9616    35753   3.32
  2020          93      0.26775  0.23614  0.50    8475    2001    7474    26137   3.08
  2020          94      0.29711  0.25868  0.50    6474    1675    5636    18663   2.88
  2020          95      0.31227  0.27010  0.50    4799    1296    4151    13027   2.71
  2020          96      0.34101  0.29133  0.50    3503    1020    2993     8876   2.53
  2020          97      0.37097  0.31292  0.50    2482     777    2094     5883   2.37
  2020          98      0.40195  0.33469  0.50    1706     571    1420     3789   2.22
  2020          99      0.43374  0.35644  0.50    1135     404     932     2369   2.09
  2020         100      0.46608  0.37799  0.50     730     276     592     1437   1.97
  2020         101      0.49871  0.39917  0.50     454     181     364      844   1.86
  2020         102      0.53135  0.41982  0.50     273     115     216      481   1.76
  2020         103      0.56373  0.43977  0.50     158      70     124      265   1.68
  2020         104      0.59557  0.45891  0.50      89      41      68      142   1.60
  2020         105      0.62662  0.47713  0.50      48      23      37       73   1.53
  2020         106      0.65667  0.49436  0.50      25      12      19       37   1.47
  2020         107      0.68551  0.51053  0.50      13       6       9       18   1.42
  2020         108      0.71299  0.52561  0.50       6       3       5        9   1.37
  2020         109      0.73898  0.53960  0.50       3       2       2        4   1.33
  2020         110+     0.76340  1.00000  1.31       1       1       2        2   1.31
  2021           0      0.00594  0.00591  0.14  100000     591   99490  7367227  73.67
  2021           1      0.00042  0.00042  0.50   99409      41   99389  7267737  73.11
  2021           2      0.00027  0.00027  0.50   99368      27   99354  7168348  72.14
  2021           3      0.00022  0.00022  0.50   99341      22   99329  7068994  71.16
  2021           4      0.00017  0.00017  0.50   99318      17   99310  6969665  70.17
  2021           5      0.00015  0.00015  0.50   99301      15   99293  6870355  69.19
  2021           6      0.00015  0.00015  0.50   99286      15   99278  6771062  68.20
  2021           7      0.00013  0.00013  0.50   99271      13   99265  6671783  67.21
  2021           8      0.00012  0.00012  0.50   99258      12   99252  6572518  66.22
  2021           9      0.00012  0.00012  0.50   99247      12   99240  6473266  65.22
  2021          10      0.00014  0.00014  0.50   99234      14   99227  6374026  64.23
  2021          11      0.00014  0.00014  0.50   99221      14   99214  6274798  63.24
  2021          12      0.00016  0.00016  0.50   99207      15   99199  6175585  62.25
  2021          13      0.00023  0.00023  0.50   99191      23   99180  6076385  61.26
  2021          14      0.00031  0.00031  0.50   99169      30   99154  5977205  60.27
  2021          15      0.00043  0.00043  0.50   99139      42   99117  5878052  59.29
  2021          16      0.00060  0.00060  0.50   99096      60   99066  5778934  58.32
  2021          17      0.00084  0.00084  0.50   99037      83   98995  5679868  57.35
  2021          18      0.00114  0.00114  0.50   98953     112   98897  5580873  56.40
  2021          19      0.00134  0.00134  0.50   98841     133   98774  5481976  55.46
  2021          20      0.00132  0.00132  0.50   98708     130   98643  5383202  54.54
  2021          21      0.00150  0.00150  0.50   98578     147   98504  5284559  53.61
  2021          22      0.00162  0.00162  0.50   98430     160   98350  5186055  52.69
  2021          23      0.00169  0.00168  0.50   98271     165   98188  5087704  51.77
  2021          24      0.00184  0.00183  0.50   98105     180   98015  4989516  50.86
  2021          25      0.00202  0.00202  0.50   97925     197   97827  4891501  49.95
  2021          26      0.00213  0.00213  0.50   97728     208   97624  4793675  49.05
  2021          27      0.00227  0.00227  0.50   97520     221   97409  4696051  48.15
  2021          28      0.00242  0.00242  0.50   97299     235   97181  4598641  47.26
  2021          29      0.00258  0.00257  0.50   97064     250   96939  4501460  46.38
  2021          30      0.00268  0.00268  0.50   96814     259   96684  4404521  45.49
  2021          31      0.00278  0.00278  0.50   96555     268   96421  4307837  44.62
  2021          32      0.00288  0.00288  0.50   96287     277   96148  4211416  43.74
  2021          33      0.00297  0.00296  0.50   96009     285   95867  4115268  42.86
  2021          34      0.00305  0.00304  0.50   95725     291   95579  4019401  41.99
  2021          35      0.00319  0.00318  0.50   95434     304   95282  3923822  41.12
  2021          36      0.00327  0.00326  0.50   95130     311   94975  3828540  40.25
  2021          37      0.00337  0.00337  0.50   94819     319   94660  3733565  39.38
  2021          38      0.00359  0.00358  0.50   94500     338   94331  3638906  38.51
  2021          39      0.00377  0.00376  0.50   94162     354   93985  3544575  37.64
  2021          40      0.00391  0.00391  0.50   93808     366   93625  3450590  36.78
  2021          41      0.00414  0.00413  0.50   93441     386   93248  3356965  35.93
  2021          42      0.00427  0.00427  0.50   93056     397   92857  3263717  35.07
  2021          43      0.00454  0.00453  0.50   92659     420   92449  3170860  34.22
  2021          44      0.00471  0.00470  0.50   92239     433   92022  3078411  33.37
  2021          45      0.00489  0.00488  0.50   91806     448   91582  2986388  32.53
  2021          46      0.00528  0.00527  0.50   91358     481   91118  2894806  31.69
  2021          47      0.00553  0.00552  0.50   90877     502   90626  2803689  30.85
  2021          48      0.00601  0.00599  0.50   90375     541   90105  2713063  30.02
  2021          49      0.00647  0.00644  0.50   89834     579   89545  2622958  29.20
  2021          50      0.00701  0.00698  0.50   89255     623   88944  2533413  28.38
  2021          51      0.00740  0.00738  0.50   88632     654   88305  2444469  27.58
  2021          52      0.00799  0.00795  0.50   87978     700   87628  2356164  26.78
  2021          53      0.00859  0.00856  0.50   87278     747   86905  2268536  25.99
  2021          54      0.00929  0.00925  0.50   86532     800   86132  2181631  25.21
  2021          55      0.00995  0.00990  0.50   85732     849   85307  2095500  24.44
  2021          56      0.01084  0.01078  0.50   84882     915   84425  2010193  23.68
  2021          57      0.01162  0.01155  0.50   83968     970   83483  1925768  22.93
  2021          58      0.01260  0.01252  0.50   82998    1039   82478  1842285  22.20
  2021          59      0.01339  0.01330  0.50   81958    1090   81413  1759807  21.47
  2021          60      0.01453  0.01443  0.50   80868    1167   80285  1678394  20.75
  2021          61      0.01557  0.01545  0.50   79702    1231   79086  1598109  20.05
  2021          62      0.01662  0.01649  0.50   78470    1294   77823  1519023  19.36
  2021          63      0.01781  0.01766  0.50   77176    1363   76495  1441199  18.67
  2021          64      0.01894  0.01876  0.50   75814    1423   75102  1364704  18.00
  2021          65      0.01987  0.01968  0.50   74391    1464   73659  1289602  17.34
  2021          66      0.02091  0.02070  0.50   72927    1509   72173  1215943  16.67
  2021          67      0.02222  0.02198  0.50   71418    1569   70633  1143770  16.02
  2021          68      0.02373  0.02345  0.50   69848    1638   69029  1073137  15.36
  2021          69      0.02512  0.02481  0.50   68210    1692   67364  1004108  14.72
  2021          70      0.02681  0.02645  0.50   66518    1760   65639   936743  14.08
  2021          71      0.02845  0.02805  0.50   64759    1817   63850   871105  13.45
  2021          72      0.03067  0.03021  0.50   62942    1902   61991   807254  12.83
  2021          73      0.03360  0.03305  0.50   61040    2017   60032   745263  12.21
  2021          74      0.03609  0.03545  0.50   59023    2092   57977   685231  11.61
  2021          75      0.03990  0.03912  0.50   56931    2227   55818   627254  11.02
  2021          76      0.04274  0.04185  0.50   54704    2289   53559   571436  10.45
  2021          77      0.04761  0.04651  0.50   52415    2438   51196   517877   9.88
  2021          78      0.05252  0.05117  0.50   49977    2558   48698   466681   9.34
  2021          79      0.05832  0.05666  0.50   47420    2687   46076   417982   8.81
  2021          80      0.06302  0.06109  0.50   44733    2733   43366   371906   8.31
  2021          81      0.06953  0.06719  0.50   42000    2822   40589   328540   7.82
  2021          82      0.07624  0.07344  0.50   39178    2877   37739   287951   7.35
  2021          83      0.08479  0.08134  0.50   36301    2953   34824   250212   6.89
  2021          84      0.09338  0.08921  0.50   33348    2975   31860   215388   6.46
  2021          85      0.10428  0.09911  0.50   30373    3010   28868   183527   6.04
  2021          86      0.11092  0.10509  0.50   27362    2875   25925   154660   5.65
  2021          87      0.12018  0.11337  0.50   24487    2776   23099   128735   5.26
  2021          88      0.13494  0.12641  0.50   21711    2744   20339   105636   4.87
  2021          89      0.15237  0.14158  0.50   18967    2685   17624    85297   4.50
  2021          90      0.17203  0.15841  0.50   16281    2579   14992    67673   4.16
  2021          91      0.19549  0.17808  0.50   13702    2440   12482    52682   3.84
  2021          92      0.21908  0.19745  0.50   11262    2224   10150    40200   3.57
  2021          93      0.24527  0.21848  0.50    9038    1975    8051    30049   3.32
  2021          94      0.27093  0.23861  0.50    7064    1685    6221    21998   3.11
  2021          95      0.28526  0.24965  0.50    5378    1343    4707    15777   2.93
  2021          96      0.31096  0.26912  0.50    4036    1086    3492    11071   2.74
  2021          97      0.33788  0.28905  0.50    2949     853    2523     7578   2.57
  2021          98      0.36590  0.30931  0.50    2097     649    1773     5055   2.41
  2021          99      0.39485  0.32975  0.50    1448     478    1210     3282   2.27
  2021         100      0.42455  0.35021  0.50     971     340     801     2073   2.14
  2021         101      0.45482  0.37055  0.50     631     234     514     1272   2.02
  2021         102      0.48542  0.39061  0.50     397     155     320      758   1.91
  2021         103      0.51613  0.41025  0.50     242      99     192      439   1.81
  2021         104      0.54671  0.42935  0.50     143      61     112      246   1.73
  2021         105      0.57695  0.44778  0.50      81      36      63      134   1.65
  2021         106      0.60663  0.46545  0.50      45      21      35       71   1.58
  2021         107      0.63554  0.48228  0.50      24      12      18       36   1.52
  2021         108      0.66350  0.49822  0.50      12       6       9       18   1.47
  2021         109      0.69036  0.51321  0.50       6       3       5        9   1.42
  2021         110+     0.71599  1.00000  1.40       3       3       4        4   1.40
  2022           0      0.00608  0.00605  0.14  100000     605   99478  7496486  74.96
  2022           1      0.00049  0.00049  0.50   99395      49   99371  7397008  74.42
  2022           2      0.00032  0.00032  0.50   99346      32   99330  7297637  73.46
  2022           3      0.00024  0.00024  0.50   99315      24   99303  7198307  72.48
  2022           4      0.00019  0.00019  0.50   99291      19   99282  7099004  71.50
  2022           5      0.00018  0.00018  0.50   99272      18   99263  6999722  70.51
  2022           6      0.00015  0.00015  0.50   99255      15   99247  6900459  69.52
  2022           7      0.00012  0.00012  0.50   99240      12   99234  6801211  68.53
  2022           8      0.00013  0.00013  0.50   99228      13   99222  6701977  67.54
  2022           9      0.00012  0.00012  0.50   99215      12   99209  6602756  66.55
  2022          10      0.00013  0.00013  0.50   99203      13   99197  6503546  65.56
  2022          11      0.00016  0.00016  0.50   99190      15   99183  6404350  64.57
  2022          12      0.00016  0.00016  0.50   99175      16   99167  6305167  63.58
  2022          13      0.00022  0.00022  0.50   99159      22   99148  6206000  62.59
  2022          14      0.00033  0.00033  0.50   99137      33   99121  6106852  61.60
  2022          15      0.00044  0.00044  0.50   99104      44   99082  6007732  60.62
  2022          16      0.00060  0.00060  0.50   99060      59   99031  5908650  59.65
  2022          17      0.00081  0.00081  0.50   99001      81   98961  5809619  58.68
  2022          18      0.00107  0.00107  0.50   98920     106   98868  5710658  57.73
  2022          19      0.00118  0.00118  0.50   98815     116   98756  5611791  56.79
  2022          20      0.00124  0.00124  0.50   98698     123   98637  5513034  55.86
  2022          21      0.00133  0.00133  0.50   98576     131   98510  5414397  54.93
  2022          22      0.00141  0.00141  0.50   98445     139   98375  5315887  54.00
  2022          23      0.00149  0.00149  0.50   98306     146   98233  5217512  53.07
  2022          24      0.00162  0.00162  0.50   98159     159   98080  5119279  52.15
  2022          25      0.00174  0.00173  0.50   98001     170   97916  5021199  51.24
  2022          26      0.00190  0.00190  0.50   97831     186   97738  4923284  50.32
  2022          27      0.00201  0.00201  0.50   97645     196   97547  4825546  49.42
  2022          28      0.00212  0.00212  0.50   97448     206   97345  4727999  48.52
  2022          29      0.00233  0.00232  0.50   97242     226   97129  4630654  47.62
  2022          30      0.00241  0.00241  0.50   97016     233   96899  4533525  46.73
  2022          31      0.00250  0.00249  0.50   96783     241   96662  4436626  45.84
  2022          32      0.00268  0.00267  0.50   96541     258   96412  4339964  44.95
  2022          33      0.00276  0.00275  0.50   96283     265   96151  4243551  44.07
  2022          34      0.00276  0.00276  0.50   96018     265   95886  4147401  43.19
  2022          35      0.00281  0.00281  0.50   95753     269   95619  4051515  42.31
  2022          36      0.00300  0.00300  0.50   95484     286   95341  3955896  41.43
  2022          37      0.00311  0.00311  0.50   95198     296   95050  3860555  40.55
  2022          38      0.00313  0.00312  0.50   94902     296   94754  3765505  39.68
  2022          39      0.00335  0.00334  0.50   94606     316   94448  3670751  38.80
  2022          40      0.00348  0.00347  0.50   94289     327   94126  3576303  37.93
  2022          41      0.00365  0.00364  0.50   93962     342   93791  3482178  37.06
  2022          42      0.00375  0.00374  0.50   93620     351   93444  3388387  36.19
  2022          43      0.00390  0.00389  0.50   93269     363   93088  3294942  35.33
  2022          44      0.00422  0.00421  0.50   92906     391   92711  3201855  34.46
  2022          45      0.00430  0.00429  0.50   92515     397   92317  3109144  33.61
  2022          46      0.00443  0.00442  0.50   92118     407   91915  3016828  32.75
  2022          47      0.00485  0.00484  0.50   91711     444   91489  2924913  31.89
  2022          48      0.00513  0.00511  0.50   91267     467   91034  2833424  31.05
  2022          49      0.00542  0.00541  0.50   90800     491   90555  2742390  30.20
  2022          50      0.00589  0.00588  0.50   90309     531   90044  2651835  29.36
  2022          51      0.00628  0.00626  0.50   89779     562   89497  2561791  28.53
  2022          52      0.00679  0.00677  0.50   89216     604   88914  2472294  27.71
  2022          53      0.00722  0.00720  0.50   88612     638   88293  2383379  26.90
  2022          54      0.00787  0.00784  0.50   87974     689   87629  2295086  26.09
  2022          55      0.00862  0.00858  0.50   87285     749   86910  2207457  25.29
  2022          56      0.00920  0.00916  0.50   86536     793   86139  2120547  24.50
  2022          57      0.00996  0.00991  0.50   85743     850   85318  2034407  23.73
  2022          58      0.01097  0.01091  0.50   84893     926   84430  1949089  22.96
  2022          59      0.01177  0.01170  0.50   83967     983   83476  1864659  22.21
  2022          60      0.01283  0.01275  0.50   82984    1058   82455  1781184  21.46
  2022          61      0.01353  0.01344  0.50   81926    1101   81376  1698729  20.73
  2022          62      0.01472  0.01462  0.50   80825    1181   80234  1617353  20.01
  2022          63      0.01569  0.01556  0.50   79644    1240   79024  1537119  19.30
  2022          64      0.01701  0.01686  0.50   78404    1322   77743  1458095  18.60
  2022          65      0.01795  0.01779  0.50   77082    1372   76396  1380352  17.91
  2022          66      0.01878  0.01861  0.50   75710    1409   75006  1303955  17.22
  2022          67      0.02001  0.01981  0.50   74302    1472   73566  1228949  16.54
  2022          68      0.02139  0.02116  0.50   72830    1541   72059  1155383  15.86
  2022          69      0.02278  0.02252  0.50   71288    1606   70486  1083324  15.20
  2022          70      0.02457  0.02427  0.50   69683    1691   68837  1012838  14.54
  2022          71      0.02620  0.02586  0.50   67991    1758   67112   944001  13.88
  2022          72      0.02799  0.02761  0.50   66233    1828   65319   876889  13.24
  2022          73      0.03046  0.03001  0.50   64405    1932   63438   811570  12.60
  2022          74      0.03323  0.03269  0.50   62472    2042   61451   748132  11.98
  2022          75      0.03638  0.03573  0.50   60430    2159   59351   686680  11.36
  2022          76      0.03991  0.03913  0.50   58271    2280   57131   627330  10.77
  2022          77      0.04337  0.04245  0.50   55991    2377   54802   570199  10.18
  2022          78      0.04904  0.04786  0.50   53614    2566   52331   515396   9.61
  2022          79      0.05355  0.05216  0.50   51048    2663   49717   463066   9.07
  2022          80      0.05981  0.05807  0.50   48385    2810   46980   413349   8.54
  2022          81      0.06519  0.06313  0.50   45575    2877   44137   366369   8.04
  2022          82      0.07209  0.06958  0.50   42698    2971   41213   322232   7.55
  2022          83      0.08075  0.07762  0.50   39727    3083   38185   281019   7.07
  2022          84      0.08962  0.08577  0.50   36644    3143   35072   242833   6.63
  2022          85      0.09969  0.09496  0.50   33501    3181   31910   207761   6.20
  2022          86      0.11102  0.10518  0.50   30320    3189   28725   175851   5.80
  2022          87      0.11824  0.11164  0.50   27131    3029   25616   147126   5.42
  2022          88      0.12634  0.11883  0.50   24102    2864   22670   121510   5.04
  2022          89      0.14269  0.13319  0.50   21238    2829   19823    98840   4.65
  2022          90      0.16302  0.15073  0.50   18409    2775   17022    79017   4.29
  2022          91      0.18412  0.16860  0.50   15634    2636   14316    61995   3.97
  2022          92      0.20920  0.18939  0.50   12998    2462   11767    47679   3.67
  2022          93      0.23605  0.21113  0.50   10537    2225    9424    35911   3.41
  2022          94      0.26449  0.23359  0.50    8312    1942    7341    26487   3.19
  2022          95      0.27617  0.24266  0.50    6370    1546    5597    19146   3.01
  2022          96      0.30154  0.26203  0.50    4824    1264    4192    13549   2.81
  2022          97      0.32817  0.28191  0.50    3560    1004    3058     9356   2.63
  2022          98      0.35596  0.30218  0.50    2557     773    2170     6298   2.46
  2022          99      0.38476  0.32268  0.50    1784     576    1496     4127   2.31
  2022         100      0.41439  0.34326  0.50    1208     415    1001     2631   2.18
  2022         101      0.44464  0.36377  0.50     794     289     649     1630   2.05
  2022         102      0.47532  0.38405  0.50     505     194     408      981   1.94
  2022         103      0.50618  0.40395  0.50     311     126     248      573   1.84
  2022         104      0.53700  0.42333  0.50     185      78     146      325   1.75
  2022         105      0.56754  0.44209  0.50     107      47      83      179   1.67
  2022         106      0.59757  0.46010  0.50      60      27      46       95   1.60
  2022         107      0.62688  0.47728  0.50      32      15      25       49   1.54
  2022         108      0.65530  0.49358  0.50      17       8      13       25   1.48
  2022         109      0.68264  0.50893  0.50       9       4       6       12   1.44
  2022         110+     0.70878  1.00000  1.41       4       4       6        6   1.41
  2023           0      0.00593  0.00590  0.14  100000     590   99491  7605153  76.05
  2023           1      0.00047  0.00047  0.50   99410      47   99386  7505662  75.50
  2023           2      0.00033  0.00033  0.50   99363      33   99346  7406276  74.54
  2023           3      0.00024  0.00024  0.50   99329      24   99318  7306930  73.56
  2023           4      0.00018  0.00018  0.50   99306      18   99297  7207612  72.58
  2023           5      0.00017  0.00017  0.50   99288      17   99280  7108315  71.59
  2023           6      0.00014  0.00014  0.50   99271      14   99264  7009036  70.60
  2023           7      0.00013  0.00013  0.50   99258      13   99251  6909771  69.61
  2023           8      0.00012  0.00012  0.50   99245      12   99239  6810520  68.62
  2023           9      0.00013  0.00013  0.50   99233      13   99227  6711281  67.63
  2023          10      0.00013  0.00013  0.50   99220      12   99214  6612055  66.64
  2023          11      0.00014  0.00014  0.50   99208      14   99200  6512841  65.65
  2023          12      0.00017  0.00017  0.50   99193      17   99185  6413640  64.66
  2023          13      0.00024  0.00024  0.50   99177      24   99165  6314455  63.67
  2023          14      0.00031  0.00031  0.50   99153      31   99137  6215291  62.68
  2023          15      0.00046  0.00046  0.50   99122      46   99099  6116153  61.70
  2023          16      0.00064  0.00064  0.50   99076      64   99044  6017054  60.73
  2023          17      0.00080  0.00080  0.50   99013      80   98973  5918010  59.77
  2023          18      0.00103  0.00103  0.50   98933     102   98882  5819037  58.82
  2023          19      0.00116  0.00116  0.50   98831     114   98773  5720156  57.88
  2023          20      0.00120  0.00120  0.50   98716     118   98657  5621382  56.94
  2023          21      0.00129  0.00129  0.50   98598     127   98534  5522725  56.01
  2023          22      0.00131  0.00131  0.50   98471     129   98406  5424191  55.08
  2023          23      0.00135  0.00135  0.50   98342     133   98276  5325785  54.16
  2023          24      0.00142  0.00142  0.50   98209     139   98140  5227509  53.23
  2023          25      0.00156  0.00156  0.50   98070     153   97994  5129370  52.30
  2023          26      0.00165  0.00165  0.50   97917     162   97836  5031376  51.38
  2023          27      0.00181  0.00181  0.50   97755     177   97667  4933540  50.47
  2023          28      0.00192  0.00192  0.50   97579     187   97485  4835873  49.56
  2023          29      0.00200  0.00199  0.50   97391     194   97294  4738388  48.65
  2023          30      0.00217  0.00216  0.50   97197     210   97092  4641094  47.75
  2023          31      0.00231  0.00231  0.50   96987     224   96875  4544002  46.85
  2023          32      0.00239  0.00238  0.50   96763     231   96648  4447127  45.96
  2023          33      0.00252  0.00252  0.50   96532     243   96411  4350480  45.07
  2023          34      0.00254  0.00254  0.50   96289     244   96167  4254069  44.18
  2023          35      0.00267  0.00266  0.50   96045     256   95918  4157901  43.29
  2023          36      0.00273  0.00272  0.50   95790     261   95659  4061984  42.41
  2023          37      0.00287  0.00287  0.50   95529     274   95392  3966324  41.52
  2023          38      0.00292  0.00292  0.50   95255     278   95116  3870933  40.64
  2023          39      0.00310  0.00309  0.50   94977     294   94830  3775817  39.76
  2023          40      0.00326  0.00325  0.50   94683     308   94529  3680986  38.88
  2023          41      0.00336  0.00335  0.50   94375     316   94217  3586457  38.00
  2023          42      0.00353  0.00353  0.50   94059     332   93893  3492240  37.13
  2023          43      0.00375  0.00374  0.50   93727     351   93552  3398347  36.26
  2023          44      0.00392  0.00392  0.50   93376     366   93194  3304795  35.39
  2023          45      0.00412  0.00411  0.50   93011     383   92819  3211602  34.53
  2023          46      0.00420  0.00419  0.50   92628     388   92434  3118782  33.67
  2023          47      0.00436  0.00435  0.50   92240     402   92039  3026348  32.81
  2023          48      0.00453  0.00452  0.50   91838     415   91631  2934309  31.95
  2023          49      0.00504  0.00503  0.50   91423     460   91194  2842678  31.09
  2023          50      0.00524  0.00522  0.50   90964     475   90726  2751484  30.25
  2023          51      0.00571  0.00570  0.50   90489     516   90231  2660758  29.40
  2023          52      0.00612  0.00610  0.50   89973     549   89699  2570527  28.57
  2023          53      0.00671  0.00669  0.50   89424     598   89125  2480828  27.74
  2023          54      0.00713  0.00711  0.50   88826     631   88511  2391703  26.93
  2023          55      0.00764  0.00761  0.50   88195     671   87859  2303192  26.11
  2023          56      0.00833  0.00829  0.50   87524     726   87161  2215333  25.31
  2023          57      0.00920  0.00916  0.50   86798     795   86401  2128172  24.52
  2023          58      0.00998  0.00993  0.50   86003     854   85576  2041771  23.74
  2023          59      0.01069  0.01064  0.50   85149     906   84696  1956196  22.97
  2023          60      0.01160  0.01153  0.50   84243     971   83757  1871500  22.22
  2023          61      0.01253  0.01245  0.50   83272    1037   82753  1787743  21.47
  2023          62      0.01342  0.01333  0.50   82234    1096   81686  1704990  20.73
  2023          63      0.01453  0.01443  0.50   81138    1170   80553  1623303  20.01
  2023          64      0.01540  0.01528  0.50   79968    1222   79357  1542751  19.29
  2023          65      0.01634  0.01621  0.50   78746    1276   78107  1463394  18.58
  2023          66      0.01758  0.01743  0.50   77469    1350   76794  1385287  17.88
  2023          67      0.01855  0.01838  0.50   76119    1399   75419  1308493  17.19
  2023          68      0.01980  0.01961  0.50   74720    1465   73987  1233073  16.50
  2023          69      0.02115  0.02093  0.50   73255    1533   72488  1159086  15.82
  2023          70      0.02249  0.02224  0.50   71722    1595   70924  1086598  15.15
  2023          71      0.02436  0.02407  0.50   70126    1688   69282  1015674  14.48
  2023          72      0.02581  0.02548  0.50   68438    1744   67566   946391  13.83
  2023          73      0.02781  0.02743  0.50   66694    1829   65780   878825  13.18
  2023          74      0.03040  0.02995  0.50   64865    1942   63894   813045  12.53
  2023          75      0.03315  0.03261  0.50   62923    2052   61897   749151  11.91
  2023          76      0.03608  0.03544  0.50   60871    2157   59792   687255  11.29
  2023          77      0.03989  0.03911  0.50   58714    2296   57565   627462  10.69
  2023          78      0.04325  0.04233  0.50   56417    2388   55223   569897  10.10
  2023          79      0.04967  0.04847  0.50   54029    2619   52720   514674   9.53
  2023          80      0.05459  0.05314  0.50   51410    2732   50044   461954   8.99
  2023          81      0.06053  0.05875  0.50   48678    2860   47248   411910   8.46
  2023          82      0.06685  0.06469  0.50   45819    2964   44337   364661   7.96
  2023          83      0.07358  0.07097  0.50   42855    3041   41334   320325   7.47
  2023          84      0.08169  0.07848  0.50   39814    3125   38251   278991   7.01
  2023          85      0.09196  0.08792  0.50   36689    3226   35076   240739   6.56
  2023          86      0.10227  0.09729  0.50   33463    3256   31835   205663   6.15
  2023          87      0.11394  0.10780  0.50   30207    3256   28579   173828   5.75
  2023          88      0.12070  0.11383  0.50   26951    3068   25417   145249   5.39
  2023          89      0.12840  0.12065  0.50   23883    2882   22442   119831   5.02
  2023          90      0.14587  0.13595  0.50   21002    2855   19574    97389   4.64
  2023          91      0.16637  0.15359  0.50   18146    2787   16753    77815   4.29
  2023          92      0.18734  0.17130  0.50   15359    2631   14044    61062   3.98
  2023          93      0.21385  0.19319  0.50   12728    2459   11499    47018   3.69
  2023          94      0.23606  0.21114  0.50   10269    2168    9185    35519   3.46
  2023          95      0.25060  0.22270  0.50    8101    1804    7199    26334   3.25
  2023          96      0.27374  0.24078  0.50    6297    1516    5539    19135   3.04
  2023          97      0.29816  0.25948  0.50    4781    1241    4161    13596   2.84
  2023          98      0.32379  0.27868  0.50    3540     987    3047     9436   2.67
  2023          99      0.35053  0.29825  0.50    2554     762    2173     6389   2.50
  2023         100      0.37823  0.31808  0.50    1792     570    1507     4216   2.35
  2023         101      0.40676  0.33801  0.50    1222     413    1015     2709   2.22
  2023         102      0.43593  0.35792  0.50     809     290     664     1693   2.09
  2023         103      0.46555  0.37764  0.50     519     196     421     1029   1.98
  2023         104      0.49541  0.39706  0.50     323     128     259      608   1.88
  2023         105      0.52531  0.41603  0.50     195      81     154      349   1.79
  2023         106      0.55502  0.43446  0.50     114      49      89      194   1.71
  2023         107      0.58435  0.45222  0.50      64      29      50      105   1.64
  2023         108      0.61309  0.46925  0.50      35      17      27       56   1.58
  2023         109      0.64107  0.48546  0.50      19       9      14       29   1.53
  2023         110+     0.66811  1.00000  1.50      10      10      14       14   1.50
  2024           0      0.00588  0.00585  0.14  100000     585   99496  7673734  76.74
  2024           1      0.00044  0.00044  0.50   99415      44   99393  7574238  76.19
  2024           2      0.00029  0.00029  0.50   99372      28   99357  7474845  75.22
  2024           3      0.00024  0.00024  0.50   99343      24   99331  7375487  74.24
  2024           4      0.00018  0.00018  0.50   99319      18   99310  7276156  73.26
  2024           5      0.00017  0.00017  0.50   99301      17   99292  7176846  72.27
  2024           6      0.00013  0.00013  0.50   99284      13   99277  7077554  71.29
  2024           7      0.00014  0.00014  0.50   99271      14   99264  6978276  70.30
  2024           8      0.00012  0.00012  0.50   99258      12   99252  6879012  69.30
  2024           9      0.00012  0.00012  0.50   99245      12   99239  6779761  68.31
  2024          10      0.00013  0.00013  0.50   99233      13   99227  6680521  67.32
  2024          11      0.00014  0.00014  0.50   99220      14   99213  6581295  66.33
  2024          12      0.00017  0.00017  0.50   99206      16   99197  6482082  65.34
  2024          13      0.00022  0.00022  0.50   99189      22   99178  6382884  64.35
  2024          14      0.00028  0.00028  0.50   99167      28   99153  6283706  63.36
  2024          15      0.00040  0.00040  0.50   99139      40   99119  6184553  62.38
  2024          16      0.00054  0.00054  0.50   99100      54   99073  6085434  61.41
  2024          17      0.00073  0.00073  0.50   99046      72   99009  5986361  60.44
  2024          18      0.00090  0.00089  0.50   98973      89   98929  5887352  59.48
  2024          19      0.00105  0.00105  0.50   98885     104   98833  5788423  58.54
  2024          20      0.00108  0.00108  0.50   98781     107   98728  5689590  57.60
  2024          21      0.00116  0.00116  0.50   98674     115   98617  5590862  56.66
  2024          22      0.00121  0.00121  0.50   98560     119   98500  5492245  55.72
  2024          23      0.00120  0.00120  0.50   98441     118   98382  5393744  54.79
  2024          24      0.00116  0.00116  0.50   98323     114   98266  5295363  53.86
  2024          25      0.00126  0.00126  0.50   98209     124   98147  5197097  52.92
  2024          26      0.00142  0.00142  0.50   98085     139   98015  5098950  51.99
  2024          27      0.00148  0.00148  0.50   97945     145   97873  5000935  51.06
  2024          28      0.00156  0.00156  0.50   97800     152   97724  4903063  50.13
  2024          29      0.00166  0.00166  0.50   97648     162   97567  4805338  49.21
  2024          30      0.00182  0.00181  0.50   97486     177   97398  4707771  48.29
  2024          31      0.00190  0.00190  0.50   97309     185   97217  4610374  47.38
  2024          32      0.00199  0.00199  0.50   97124     194   97027  4513157  46.47
  2024          33      0.00215  0.00215  0.50   96930     208   96826  4416130  45.56
  2024          34      0.00224  0.00224  0.50   96722     217   96614  4319304  44.66
  2024          35      0.00236  0.00236  0.50   96505     228   96391  4222690  43.76
  2024          36      0.00243  0.00243  0.50   96278     234   96161  4126298  42.86
  2024          37      0.00255  0.00255  0.50   96044     245   95922  4030138  41.96
  2024          38      0.00262  0.00261  0.50   95799     250   95674  3934216  41.07
  2024          39      0.00272  0.00272  0.50   95549     260   95419  3838542  40.17
  2024          40      0.00294  0.00293  0.50   95289     279   95149  3743123  39.28
  2024          41      0.00311  0.00311  0.50   95010     295   94862  3647974  38.40
  2024          42      0.00323  0.00322  0.50   94714     305   94562  3553112  37.51
  2024          43      0.00343  0.00342  0.50   94409     323   94248  3458550  36.63
  2024          44      0.00360  0.00359  0.50   94086     338   93918  3364302  35.76
  2024          45      0.00373  0.00372  0.50   93749     349   93574  3270384  34.88
  2024          46      0.00397  0.00396  0.50   93400     370   93215  3176810  34.01
  2024          47      0.00405  0.00404  0.50   93030     376   92842  3083595  33.15
  2024          48      0.00426  0.00425  0.50   92654     393   92457  2990754  32.28
  2024          49      0.00461  0.00460  0.50   92260     424   92049  2898296  31.41
  2024          50      0.00501  0.00499  0.50   91837     459   91607  2806248  30.56
  2024          51      0.00544  0.00543  0.50   91378     496   91130  2714641  29.71
  2024          52      0.00597  0.00595  0.50   90882     541   90611  2623511  28.87
  2024          53      0.00637  0.00635  0.50   90341     574   90054  2532900  28.04
  2024          54      0.00666  0.00663  0.50   89767     596   89469  2442846  27.21
  2024          55      0.00723  0.00721  0.50   89172     643   88850  2353376  26.39
  2024          56      0.00780  0.00777  0.50   88529     687   88185  2264526  25.58
  2024          57      0.00844  0.00840  0.50   87841     738   87472  2176341  24.78
  2024          58      0.00933  0.00929  0.50   87103     809   86699  2088869  23.98
  2024          59      0.01018  0.01013  0.50   86294     874   85857  2002170  23.20
  2024          60      0.01105  0.01099  0.50   85420     939   84950  1916313  22.43
  2024          61      0.01193  0.01186  0.50   84481    1002   83980  1831363  21.68
  2024          62      0.01297  0.01289  0.50   83479    1076   82941  1747383  20.93
  2024          63      0.01411  0.01401  0.50   82403    1155   81826  1664442  20.20
  2024          64      0.01510  0.01499  0.50   81248    1218   80639  1582617  19.48
  2024          65      0.01595  0.01582  0.50   80031    1266   79398  1501977  18.77
  2024          66      0.01698  0.01683  0.50   78765    1326   78102  1422579  18.06
  2024          67      0.01828  0.01811  0.50   77439    1403   76737  1344478  17.36
  2024          68      0.01940  0.01922  0.50   76036    1461   75306  1267740  16.67
  2024          69      0.02062  0.02041  0.50   74575    1522   73814  1192435  15.99
  2024          70      0.02238  0.02213  0.50   73053    1617   72245  1118621  15.31
  2024          71      0.02396  0.02367  0.50   71437    1691   70591  1046376  14.65
  2024          72      0.02582  0.02549  0.50   69746    1778   68857   975785  13.99
  2024          73      0.02727  0.02691  0.50   67968    1829   67054   906928  13.34
  2024          74      0.02942  0.02900  0.50   66139    1918   65180   839874  12.70
  2024          75      0.03250  0.03198  0.50   64221    2054   63194   774694  12.06
  2024          76      0.03558  0.03495  0.50   62167    2173   61081   711500  11.44
  2024          77      0.03874  0.03801  0.50   59994    2280   58854   650419  10.84
  2024          78      0.04291  0.04201  0.50   57714    2425   56502   591564  10.25
  2024          79      0.04744  0.04634  0.50   55290    2562   54009   535062   9.68
  2024          80      0.05368  0.05227  0.50   52728    2756   51349   481054   9.12
  2024          81      0.05930  0.05759  0.50   49971    2878   48532   429704   8.60
  2024          82      0.06583  0.06373  0.50   47093    3001   45593   381172   8.09
  2024          83      0.07125  0.06879  0.50   44092    3033   42575   335579   7.61
  2024          84      0.08079  0.07766  0.50   41059    3189   39464   293004   7.14
  2024          85      0.08969  0.08584  0.50   37870    3251   36245   253539   6.69
  2024          86      0.10076  0.09593  0.50   34619    3321   32959   217295   6.28
  2024          87      0.11099  0.10515  0.50   31299    3291   29653   184336   5.89
  2024          88      0.12428  0.11701  0.50   28007    3277   26369   154683   5.52
  2024          89      0.12968  0.12178  0.50   24730    3012   23225   128314   5.19
  2024          90      0.13747  0.12863  0.50   21719    2794   20322   105089   4.84
  2024          91      0.15717  0.14572  0.50   18925    2758   17546    84767   4.48
  2024          92      0.17797  0.16343  0.50   16167    2642   14846    67221   4.16
  2024          93      0.19883  0.18085  0.50   13525    2446   12302    52375   3.87
  2024          94      0.22227  0.20004  0.50   11079    2216    9971    40073   3.62
  2024          95      0.23814  0.21280  0.50    8863    1886    7920    30102   3.40
  2024          96      0.25971  0.22986  0.50    6977    1604    6175    22183   3.18
  2024          97      0.28252  0.24755  0.50    5373    1330    4708    16008   2.98
  2024          98      0.30649  0.26577  0.50    4043    1074    3506    11300   2.79
  2024          99      0.33157  0.28441  0.50    2968     844    2546     7794   2.63
  2024         100      0.35763  0.30338  0.50    2124     644    1802     5248   2.47
  2024         101      0.38457  0.32255  0.50    1480     477    1241     3446   2.33
  2024         102      0.41223  0.34178  0.50    1002     343     831     2205   2.20
  2024         103      0.44046  0.36096  0.50     660     238     541     1373   2.08
  2024         104      0.46908  0.37996  0.50     422     160     342      833   1.97
  2024         105      0.49790  0.39865  0.50     261     104     209      491   1.88
  2024         106      0.52674  0.41693  0.50     157      66     124      282   1.79
  2024         107      0.55540  0.43468  0.50      92      40      72      157   1.72
  2024         108      0.58369  0.45183  0.50      52      23      40       86   1.65
  2024         109      0.61145  0.46828  0.50      28      13      22       45   1.60
  2024         110+     0.63850  1.00000  1.57      15      15      24       24   1.57
